group_id,family,policy,original_domain,selected_domain,original_width,selected_width,retained_domain_fraction,spectral_proxy,potential_floor,potential_ceiling,occupancy_fraction,diagnostic_highest_energy_fraction,diagnostic_highest_state_mass,diagnostic_highest_state_support,diagnostic_highest_state_domain_fraction
fd8d043515dc06ac2b014b2c,infinite_box,potential_only_weyl_window_v1,"[0.0, 10.317039962857962]","[0.0, 10.317039962857962]",10.317039962857962,10.317039962857962,1.0,5.111379446885588,0.0,7.301970638407984,0.7,0.7685456670748364,0.95,"[0.3224074988393113, 9.99463246401865]",0.9375
17934e5806e50797b4de389d,infinite_box,potential_only_weyl_window_v1,"[0.0, 9.120078161358833]","[0.0, 9.120078161358833]",9.120078161358833,9.120078161358833,1.0,6.541106604378441,0.0,9.344438006254915,0.7,0.7685456670747562,0.95,"[0.28500244254246354, 8.83507571881637]",0.9375
dea2f27c778acfa337dbe49a,infinite_box,potential_only_weyl_window_v1,"[0.0, 8.6381472684443]","[0.0, 8.6381472684443]",8.6381472684443,8.6381472684443,1.0,7.291336473156081,0.0,10.416194961651545,0.7,0.7685456670747899,0.95,"[0.26994210213888437, 8.368205166305415]",0.9375
cec36658ac8565d46bd255fa,harmonic,potential_only_weyl_window_v1,"[-8.208515592296386, 7.597696099807288]","[-6.388684402716484, 5.777864910227384]",15.806211692103673,12.166549312943868,0.7697321502420421,12.145951185843014,0.0,17.351358836918592,0.7,0.7002346834545374,0.95,"[-4.610991747479349, 4.00017225499025]",0.7077737311522069
7183f46ae4f6809b4a1cca2e,harmonic,potential_only_weyl_window_v1,"[-8.943607563377086, 9.660351025909844]","[-6.801660792706489, 7.518404255239249]",18.60395858928693,14.320065047945738,0.7697321502420422,8.767512452117646,1.0742483655285892e-31,12.525017788739495,0.7,0.7002346834544565,0.95,"[-4.709311203397049, 5.42605466592981]",0.7077737311522067
e51b0c876b7609a9f8ab12c8,harmonic,potential_only_weyl_window_v1,"[-8.868744045932507, 8.583189920772528]","[-6.859434391616988, 6.57388026645701]",17.451933966705035,13.433314658073998,0.7697321502420421,9.963226362415764,1.251984996574828e-31,14.233180517736807,0.7,0.7002346834545407,0.95,"[-4.896650681223321, 4.611096556063343]",0.7077737311522067
162126a16803d72072690eaa,half_harmonic,potential_only_weyl_window_v1,"[0.0, 10.928400745393631]","[0.0, 8.43085592076956]",10.928400745393631,8.43085592076956,0.771462917327881,25.32027398522743,0.0,36.17181997889633,0.7,0.7167429022926607,0.95,"[0.22692916632442478, 6.113708446939889]",0.6982421875
f8613cbc19ec9028c6b6dd33,half_harmonic,potential_only_weyl_window_v1,"[0.0, 13.408447973094702]","[0.0, 10.34412039016275]",13.408447973094702,10.34412039016275,0.7714629173278809,16.81994622018752,0.0,24.02849460026789,0.7,0.7167429022926607,0.95,"[0.27842755688853593, 7.501128805879128]",0.6982421875
e830b5f9f34670cfb16b850d,half_harmonic,potential_only_weyl_window_v1,"[0.0, 12.327875584159598]","[0.0, 9.510498862610918]",12.327875584159598,9.510498862610918,0.771462917327881,19.897803596991753,0.0,28.425433709988223,0.7,0.7167429022926639,0.95,"[0.25598937978585296, 6.8966209098315625]",0.6982421875
603ec09312511efbe81774c9,morse,potential_only_weyl_window_v1,"[-7.787773850373924, 31.212226149626076]","[-2.4670653802611517, 6.976759604891571]",39.0,9.443824985152723,0.24214935859365957,21.659320068247425,1.7898918181699163e-06,30.941885044685545,0.7,0.7000586309490027,0.95,"[-1.0040719518463959, 5.681006592767753]",0.7078782755000451
64ec82b41315f1f02b8ab88c,morse,potential_only_weyl_window_v1,"[-8.100012668408453, 30.899987331591547]","[-3.280800051247703, 7.201445996447647]",39.0,10.48224604769535,0.26877553968449613,17.374436056226006,2.0580092201908793e-07,24.82062284926533,0.7,0.7000588685243367,0.95,"[-1.656939263175629, 5.763214992434119]",0.7078782755000452
34d615fc8e4289164d554017,morse,potential_only_weyl_window_v1,"[-7.649220374412835, 31.350779625587165]","[-2.5769266390464396, 7.269146600316841]",39.0,9.84607323936328,0.2524634163939303,19.697091566925252,2.1072936077093063e-07,28.138702148152063,0.7,0.7000595725995694,0.95,"[-1.051618782587268, 5.918202562540355]",0.7078782755000452
bde19aec6b730e424e9ed4da,poschl_h,potential_only_weyl_window_v1,"[-49.73123048107677, 49.05037157844358]","[-10.15667850513166, 9.47581960249847]",98.78160205952035,19.63249810763013,0.19874650439259597,-1.3233741910454928,-7.920186424303577,1.5038310517794011,0.7,0.6997974771008301,0.95,"[-7.551191308494168, 6.870332405860976]",0.7345740534542697
05e0ced05a4438041fa6b284,poschl_h,potential_only_weyl_window_v1,"[-43.91104085027834, 44.70001226134261]","[-9.033148645545113, 9.82212005660938]",88.61105311162095,18.855268702154493,0.21278687071242705,-1.0843194165492542,-8.752808147302984,2.2021757537737727,0.7,0.6998149340874041,0.95,"[-6.616045664470596, 7.405017075534863]",0.7436151115896505
0e4d6bcc05e131ec8de7ea20,poschl_h,potential_only_weyl_window_v1,"[-45.97676112810022, 45.748721587749785]","[-9.36310285887941, 9.135063318528973]",91.72548271585,18.498166177408383,0.20166877981675566,-1.4141716116789969,-8.961515636114116,1.8204043987931975,0.7,0.6997986134495789,0.95,"[-6.908156225379994, 6.680116685029555]",0.7345740534542696
59f95cefab35d35d9c096812,poschl_t,potential_only_weyl_window_v1,"[0.0, 8.165865717150004]","[0.0, 8.165865717150004]",8.165865717150004,8.165865717150004,1.0,11.461362315104324,0.2798784650429927,16.253426822273468,0.7,0.7074920165322196,0.95,"[0.5553896953992831, 7.659868232580324]",0.8700214751584967
5863819323742ff19490b372,poschl_t,potential_only_weyl_window_v1,"[0.0, 9.503735789757016]","[0.0, 9.503735789757016]",9.503735789757016,9.503735789757016,1.0,9.535688875081473,0.4015368538636253,13.450325455603409,0.7,0.7052230827892815,0.95,"[0.7687348278584824, 8.797395304133511]",0.8447899493300517
46fa9383f6d1d06ebea1247d,poschl_t,potential_only_weyl_window_v1,"[0.0, 8.809256993983437]","[0.0, 8.809256993983437]",8.809256993983437,8.809256993983437,1.0,9.682147009110937,0.215123076335851,13.73944298030026,0.7,0.7079409671172702,0.95,"[0.5200929639399874, 8.210107959692186]",0.8729470602349709
b058b3af0541f532568d06d2,radial_coulomb,potential_only_weyl_window_v1,"[0.0, 1072.474406161609]","[0.0, 199.30205297560943]",1072.474406161609,199.30205297560943,0.18583385471072678,-0.011314437650482814,-3704064.767578923,1587456.3127989136,0.7,0.7000000001907881,0.95,"[21.38489649869391, 165.62728619228983]",0.7237376009932437
0afed2617c23430c1d1bfa31,radial_coulomb,potential_only_weyl_window_v1,"[0.0, 1730.3240180719333]","[0.0, 346.78881933610245]",1730.3240180719333,346.78881933610245,0.2004184278286344,-0.0055749594335162645,-0.15580925110061272,0.05881116556666793,0.7,0.7002056732597216,0.95,"[32.12371935425398, 262.6230272855268]",0.6646676452042025
41899d2df9c8edac12f02fbd,radial_coulomb,potential_only_weyl_window_v1,"[0.0, 1694.0132443109662]","[0.0, 339.5114711456882]",1694.0132443109662,339.5114711456882,0.2004184278286344,-0.004988705919576062,-0.35406626681690173,0.14461596303642066,0.7,0.7001441504644446,0.95,"[34.72186168632698, 259.8266496563041]",0.6630255738056701
e17d46041d2480af76206bb9,radial_oscillator,potential_only_weyl_window_v1,"[0.0, 15.554071205468034]","[0.0, 10.614655058261931]",15.554071205468034,10.614655058261931,0.6824358020509993,18.159016291096773,1.1457316649333589,25.450423988023953,0.7,0.7029436742136598,0.95,"[0.4212756012960706, 7.626853821388185]",0.6788330078125
2c71c563f315d83448c59840,radial_oscillator,potential_only_weyl_window_v1,"[0.0, 13.57652560083061]","[0.0, 9.265107137468762]",13.57652560083061,9.265107137468762,0.6824358020509993,23.834343717984172,1.5038128647964668,33.404571226493196,0.7,0.7029436742136598,0.95,"[0.3677145944909096, 6.657175140323892]",0.6788330078125001
9549789e5819c1d9fa42d519,radial_oscillator,potential_only_weyl_window_v1,"[0.0, 12.989530835162451]","[0.0, 8.584949670369335]",12.989530835162451,8.584949670369335,0.6609129905700685,24.39441725977605,0.0,34.84916751396579,0.7,0.7167392753831375,0.95,"[0.23107683133745585, 6.225450868753544]",0.6982421875
8a8ee8193efc9d9a5b6d1211,kratzer,potential_only_weyl_window_v1,"[0.0, 171.76273185158476]","[0.0, 33.65752402544036]",171.76273185158476,33.65752402544036,0.1959535905293056,-0.9552480323501487,-6.636301117353668,1.479489004079932,0.7,0.7002875383523047,0.95,"[3.044974669598936, 25.083421797585032]",0.65478515625
464e63df9f2d99e5ce6b929d,kratzer,potential_only_weyl_window_v1,"[0.0, 211.54948144101695]","[0.0, 41.67277846118278]",211.54948144101695,41.67277846118278,0.19698832716260642,-0.5690309658708324,-4.73063929804276,1.2145154622028524,0.7,0.7002801909823976,0.95,"[3.6728205626188926, 31.05682636753278]",0.6571197509765625
240c21a9c8f22d0a7e2e1257,kratzer,potential_only_weyl_window_v1,"[0.0, 216.0762234005744]","[0.0, 42.564493787292776]",216.0762234005744,42.564493787292776,0.1969883271626064,-0.5480632037133262,-4.515028633631431,1.1520648376801477,0.7,0.7002807923532302,0.95,"[3.7514116838898173, 31.721381241839087]",0.6571197509765625
29a3985d0b8c448fd3d9c9f4,anharmonic_polynomial,potential_only_weyl_window_v1,"[-12.0, 12.0]","[-9.361707821892436, 7.6648964017159305]",24.0,17.026604223608366,0.7094418426503486,5.488471440575649,1.0823039015504954e-07,7.84067344015219,0.7,0.700438749966997,0.95,"[-6.87389731018586, 5.177085890009355]",0.7077737311522068
27255fd038c4523d298870ad,anharmonic_polynomial,potential_only_weyl_window_v1,"[-12.0, 12.0]","[-7.596013766118461, 9.045376855260074]",24.0,16.641390621378534,0.6933912758907722,5.62787364769372,4.6994283269585194e-08,8.039819476564908,0.7,0.7004651107374131,0.95,"[-5.018006956691547, 6.613851110398019]",0.6989715181702773
8e6039c19ac0a51c335cbbe5,anharmonic_polynomial,potential_only_weyl_window_v1,"[-12.0, 12.0]","[-9.941638290324317, 8.175598877440045]",24.0,18.11723716776436,0.7548848819901818,4.757536875156072,5.865379253972185e-08,6.79648122508562,0.7,0.7004585240194187,0.95,"[-7.294471980641145, 5.368960787562081]",0.698971518170277
23f18d0fecfd161f335e848f,asymmetric_well,potential_only_weyl_window_v1,"[-12.0, 12.0]","[-12.0, 7.91748287021369]",24.0,19.91748287021369,0.829895119592237,3.7277866623562077,-1.29989339729658,5.882506687921689,0.7,0.7002875086100655,0.95,"[-9.628451747450677, 5.007277018212498]",0.7348181926919439
487644a7da6a1b2af46e7a4f,asymmetric_well,potential_only_weyl_window_v1,"[-12.0, 12.0]","[-10.38273015113301, 11.989045650555816]",24.0,22.371775801688827,0.9321573250703677,3.624758142038825,-0.29464396806029713,5.304501903509878,0.7,0.700218956761154,0.95,"[-7.113919866119572, 8.72023536554238]",0.7077737311522067
cac7b6e9eeecd252581d2dbc,asymmetric_well,potential_only_weyl_window_v1,"[-12.0, 12.0]","[-12.0, 5.68868526100917]",24.0,17.68868526100917,0.7370285525420487,2.7264067071290574,-1.725234250909689,4.634252832002806,0.7,0.7131148485204823,0.95,"[-11.260724507421454, 2.948436438647615]",0.8032909589606442
564dcd463b0547db83a50d6f,double_well,potential_only_weyl_window_v1,"[-12.0, 12.0]","[-7.891759870329484, 7.76740211747925]",24.0,15.659161987808734,0.6524650828253639,5.625560187011863,-0.16252799500376786,8.106169407875706,0.7,0.7005662008402898,0.95,"[-5.465915350903985, 5.341557598053752]",0.6901693051883476
c484352c7d6775fd0913eca5,double_well,potential_only_weyl_window_v1,"[-12.0, 12.0]","[-7.974783946950765, 8.048735640220833]",24.0,16.0235195871716,0.6676466494654832,5.40593240675616,-0.07238892334263224,7.753784405369929,0.7,0.7005533020345701,0.95,"[-5.492494843440015, 5.5664465367100835]",0.6901693051883475
6f0d4a48acc0def46741d821,double_well,potential_only_weyl_window_v1,"[-12.0, 12.0]","[-8.261941032529082, 8.15311077781587]",24.0,16.415051810344952,0.6839604920977064,5.128815205765699,-0.12825967743996206,7.381847298568125,0.7,0.7005691702881599,0.95,"[-5.718997578644856, 5.610167323931645]",0.6901693051883475
d2ae381416e8035414225fcf,multiwell,potential_only_weyl_window_v1,"[-12.0, 12.0]","[-12.0, 12.0]",24.0,24.0,1.0,4.020038191091574,-0.11220653810848902,5.791000217891601,0.7,0.7062060445420574,0.95,"[-5.01673740608114, 9.815731005842565]",0.6180195171634878
489e916b319c630cf2591405,multiwell,potential_only_weyl_window_v1,"[-12.0, 12.0]","[-11.025820456294928, 9.7774565868045]",24.0,20.803277043099428,0.8668032101291429,3.9142050014029235,-1.5521249279403448,6.256917828264324,0.7,0.7001563062591293,0.95,"[-7.986188441238978, 6.923114312035368]",0.7166804884819746
a797a0c6ca9dccba6e40838a,multiwell,potential_only_weyl_window_v1,"[-12.0, 12.0]","[-9.892202487833146, 11.114236590593045]",24.0,21.00643907842619,0.8752682949344246,4.290795026305598,0.15060470487708483,6.065162306917818,0.7,0.7003181493481409,0.95,"[-6.822885830999663, 8.044919933759562]",0.7077737311522067
ea6f18fa3a748b314b2b36a7,single_barrier,potential_only_weyl_window_v1,"[-12.0, 12.0]","[-10.629931594837396, 11.99333886910433]",24.0,22.623270463941726,0.9426362693309053,3.8564488638488528,0.233308807541587,5.409223173694825,0.7,0.7003344387331449,0.95,"[-7.324374636431308, 8.687781910698243]",0.7077737311522068
a805aba93f0a3770bc29a284,single_barrier,potential_only_weyl_window_v1,"[-12.0, 12.0]","[-11.041854575997837, 10.807387513420588]",24.0,21.849242089418425,0.910385087059101,4.45783004172064,0.1877337097814898,6.2878713268374185,0.7,0.6992503639095256,0.95,"[-7.849393329526381, 7.614926266949135]",0.7077737311522068
7202672589a2c326a9611329,single_barrier,potential_only_weyl_window_v1,"[-12.0, 12.0]","[-10.663815148955461, 11.273174386579871]",24.0,21.936989535535332,0.9140412306473055,4.034382651180172,0.22724129213066685,5.6660146622013885,0.7,0.7007375645994927,0.95,"[-7.458532848094173, 8.067892085718583]",0.7077737311522067
d62e9d5be2789dbb7eb1154d,multiple_barriers,potential_only_weyl_window_v1,"[-12.0, 12.0]","[-11.780135905697822, 10.087926557889244]",24.0,21.868062463587066,0.9111692693161277,4.598421634248386,0.11717070753793384,6.518957745695723,0.7,0.6997082200285897,0.95,"[-8.584924755365556, 6.892715407556977]",0.7077737311522067
faeb700e92c34791792f08b9,multiple_barriers,potential_only_weyl_window_v1,"[-12.0, 12.0]","[-10.931729882524428, 12.0]",24.0,22.93172988252443,0.9554887451051846,3.9525209534413692,0.2880958774663461,5.522988843144951,0.7,0.6997050511096113,0.95,"[-7.379252981156588, 9.269549355949797]",0.7260159797100143
967fa3841f3a61cac20137e5,multiple_barriers,potential_only_weyl_window_v1,"[-12.0, 12.0]","[-12.0, 11.45198318197507]",24.0,23.45198318197507,0.9771659659156279,3.566716222781561,0.0011206121188684565,5.094828627351288,0.7,0.7026471341889274,0.95,"[-8.573357228825113, 8.025340410800183]",0.7077737311522067
8070cabd8379b6f8b809a15c,gaussian_well,potential_only_weyl_window_v1,"[-12.0, 12.0]","[-6.378368129787249, 7.197278630091047]",24.0,13.575646759878296,0.5656519483282624,0.8977917270467795,-13.903811393744848,7.241335921671764,0.7,0.7001347132925051,0.95,"[-4.63807278997239, 5.3346133214585]",0.7346011787006966
4ff5c6f30f9f0965db57b28f,gaussian_well,potential_only_weyl_window_v1,"[-12.0, 12.0]","[-8.399724491267055, 8.204321977583742]",24.0,16.604046468850797,0.6918352695354498,1.2921364420521213,-7.0072721655029415,4.849025845290004,0.7,0.7000988490764262,0.95,"[-6.121543430173477, 5.926140916490164]",0.7255872458117426
73e9a743ff5d0a34712d7246,gaussian_well,potential_only_weyl_window_v1,"[-12.0, 12.0]","[-7.381664179973755, 7.571543107528115]",24.0,14.95320728750187,0.6230503036459113,-1.9030801051974502,-11.257783857485144,2.1060786457829916,0.7,0.6999835191113563,0.95,"[-5.3299887821181, 5.3866831210609645]",0.7166804884819747
2b8454960e5ef2dc4ab42205,gaussian_barrier,potential_only_weyl_window_v1,"[-12.0, 12.0]","[-10.337663452441841, 11.529288786388989]",24.0,21.86695223883083,0.9111230099512846,4.051737887664941,0.1475337395733166,5.724968236847066,0.7,0.7002137731874102,0.95,"[-7.142614520528624, 8.334239854475772]",0.7077737311522068
93471e5319e464ee22746423,gaussian_barrier,potential_only_weyl_window_v1,"[-12.0, 12.0]","[-12.0, 12.0]",24.0,24.0,1.0,3.7302465819719215,0.6533146341956488,5.048931702447467,0.7,0.6993778421549958,0.95,"[-9.142351850780173, 8.493284773826481]",0.7348181926919439
14c5ea0be9b54e81367cf4a9,gaussian_barrier,potential_only_weyl_window_v1,"[-12.0, 12.0]","[-11.32960797053487, 11.627404672386241]",24.0,22.95701264292111,0.9565421934550463,3.8959949443604023,0.5181247888894878,5.343653582419366,0.7,0.7002375020349272,0.95,"[-7.975286896268642, 8.273083598120014]",0.7077737311522067
e1119b1bd7959ed1c9eba23b,localized_defect,potential_only_weyl_window_v1,"[-12.0, 12.0]","[-11.276178748010437, 10.249723899480447]",24.0,21.525902647490884,0.8969126103121202,3.302504671350789,-4.017612997448497,6.439697957979055,0.7,0.7005372064822334,0.95,"[-8.130961640881889, 7.1045067923518985]",0.7077737311522067
43e201503e7666068ed6213c,localized_defect,potential_only_weyl_window_v1,"[-12.0, 12.0]","[-10.385757985608285, 12.0]",24.0,22.385757985608286,0.9327399160670119,4.155960602785687,8.3599367686999e-08,5.937086539579823,0.7,0.7154657073113203,0.95,"[-6.1519325217077, 9.130314968439366]",0.6826772405907345
28855a5d3a96a8718654d4c6,localized_defect,potential_only_weyl_window_v1,"[-12.0, 12.0]","[-10.51245090690019, 10.33218060225102]",24.0,20.84463150915121,0.8685263128813004,3.9851469822800847,-2.232990450342574,6.650063024832652,0.7,0.6998247845401323,0.95,"[-7.466776461186987, 7.286506156537817]",0.7077737311522067
cc9e1528709faf771cc46f07,harmonic_compact,potential_only_weyl_window_v1,"[-12.0, 12.0]","[-11.280540244017114, 9.451044499352747]",24.0,20.73158474336986,0.8638160309737443,4.171434199608877,-0.05847591952366725,5.984252822094253,0.7,0.700236152997614,0.95,"[-8.251383415588709, 6.421887670924342]",0.7077737311522068
2b7b19457edea386e4683870,harmonic_compact,potential_only_weyl_window_v1,"[-12.0, 12.0]","[-11.423832813433364, 12.0]",24.0,23.423832813433364,0.9759930338930568,3.5450696420562857,0.029109296274609966,5.051909790248433,0.7,0.675284411279167,0.95,"[-7.795121615564343, 9.210955313044064]",0.7260159797100144
47046133e52c50e71b7051e0,harmonic_compact,potential_only_weyl_window_v1,"[-12.0, 12.0]","[-11.444624811788259, 10.511241657459259]",24.0,21.955866469247518,0.9148277695519799,3.360877090938415,-3.0022984513067215,6.087952323329187,0.7,0.7003708224627341,0.95,"[-8.23658434297397, 7.303201188644973]",0.7077737311522068
ad2b9610606ba4437b564242,fourier_random,potential_only_weyl_window_v1,"[-12.0, 12.0]","[-10.91846079210729, 12.0]",24.0,22.91846079210729,0.9549358663378037,3.7811687300993193,-0.09781543745706789,5.443590516194915,0.7,0.7099373556882838,0.95,"[-7.368039476491181, 8.855441026141126]",0.7078782755000451
49d7d9686c55a6e7e539492a,fourier_random,potential_only_weyl_window_v1,"[-12.0, 12.0]","[-12.0, 11.616065612294358]",24.0,23.616065612294356,0.9840027338455982,3.503613157865413,-1.199105582583994,5.5190640466294445,0.7,0.7012026137138635,0.95,"[-9.188066408798877, 7.7521084809743]",0.7173157107487981
426c655124472a9150bdff63,fourier_random,potential_only_weyl_window_v1,"[-12.0, 12.0]","[-12.0, 12.0]",24.0,24.0,1.0,3.534969898339396,-0.29364281143239174,5.175803916813019,0.7,0.6819994794493999,0.95,"[-10.996951352795293, 9.58846078998571]",0.8577255059492085
ef727abc86dd0c71efd3f578,chebyshev_random,potential_only_weyl_window_v1,"[-12.0, 12.0]","[-10.737038190347826, 10.8948019410675]",24.0,21.631840131415327,0.9013266721423053,4.104197284074673,0.604194227994522,5.604198593823309,0.7,0.7001141437311357,0.95,"[-7.576342225390096, 7.734105976109772]",0.7077737311522068
fdb8fdf4a851fca136f46e86,chebyshev_random,potential_only_weyl_window_v1,"[-12.0, 12.0]","[-10.454417980814515, 10.874774211529928]",24.0,21.329192192344443,0.8887163413476852,3.794862081138085,-0.4583481603195178,5.617666470334201,0.7,0.7002144062949948,0.95,"[-7.337942854861364, 7.758299085576777]",0.7077737311522067
cedc133a5a138e433f8ee97b,chebyshev_random,potential_only_weyl_window_v1,"[-12.0, 12.0]","[-11.73145352041476, 12.0]",24.0,23.73145352041476,0.988810563350615,3.410138267156682,-0.03564361744444138,4.886901931985735,0.7,0.7006776983048469,0.95,"[-8.05508715385449, 9.61544455520367]",0.7446038521769116
13f12eff29edb0c8a52fa91b,gaussian_random_field,potential_only_weyl_window_v1,"[-12.0, 12.0]","[-12.0, 12.0]",24.0,24.0,1.0,3.2598514051115357,-0.11482705018906944,4.706142171668938,0.7,0.689383788735209,0.95,"[-8.923381339075807, 8.073225207190983]",0.7081919394277829
9b3139d61f503a1b3d81558a,gaussian_random_field,potential_only_weyl_window_v1,"[-12.0, 12.0]","[-11.390867667059009, 8.544540103889897]",24.0,19.935407770948906,0.8306419904562045,4.09815942257949,-0.5031905649539775,6.070166560093834,0.7,0.7022589299463993,0.95,"[-8.478042751627157, 5.631715188458045]",0.7077737311522067
69dfc5a605eb4251ec626b1d,gaussian_random_field,potential_only_weyl_window_v1,"[-12.0, 12.0]","[-9.533831555367717, 8.519116175761225]",24.0,18.052947731128942,0.752206155463706,3.6304041031387766,-2.6392825042723644,6.317412649172123,0.7,0.6993406798843383,0.95,"[-6.896058776781693, 6.042136621703353]",0.7166804884819746
b509266d717abde6296da5f0,reflected_potential,potential_only_weyl_window_v1,"[-12.0, 12.0]","[-12.0, 7.943598455323354]",24.0,19.943598455323354,0.8309832689718064,2.9584306750978238,-3.2749689689254744,5.6298876653935235,0.7,0.7002578605520893,0.95,"[-9.443381367765552, 4.941545504396039]",0.721280410071732
47cfcfccc354acc52f9f57a7,reflected_potential,potential_only_weyl_window_v1,"[-12.0, 12.0]","[-7.761210360999095, 12.0]",24.0,19.761210360999094,0.8233837650416289,2.3981912924546123,-5.520028018876465,5.791713854453645,0.7,0.700079126040459,0.95,"[-4.699895592765307, 9.73803786169751]",0.730619895781164
ee016d3fa180faff6e1afed9,reflected_potential,potential_only_weyl_window_v1,"[-12.0, 12.0]","[-12.0, 7.894271737699198]",24.0,19.8942717376992,0.8289279890708,2.3743128975712815,-4.245038356525643,5.211177720755679,0.7,0.7001544327420537,0.95,"[-10.18939829508338, 4.8123437200676165]",0.7540734445042807
ce2c673ac31fa8164547a4fa,smooth_perturbed,potential_only_weyl_window_v1,"[-12.0, 12.0]","[-10.273905586935815, 10.058446891571872]",24.0,20.332352478507687,0.8471813532711536,3.6790434269728567,-0.6380704267092094,5.529235078550886,0.7,0.6984592385861687,0.95,"[-7.484177165558948, 7.2687184701950045]",0.7255872458117426
4e9602af81d32ebec5bfed39,smooth_perturbed,potential_only_weyl_window_v1,"[-12.0, 12.0]","[-10.321368683110274, 10.986121619771756]",24.0,21.30749030288203,0.8878120959534179,4.012988690748484,-0.2746215352005802,5.850535930440941,0.7,0.7004466226228694,0.95,"[-7.208064488249397, 7.872817424910879]",0.7077737311522067
5f276e725104da82364f3719,smooth_perturbed,potential_only_weyl_window_v1,"[-12.0, 12.0]","[-11.14696318194836, 9.86251834775336]",24.0,21.00948152970172,0.8753950637375717,4.082131996349217,0.038638574038976914,5.815057748767892,0.7,0.7003098858170731,0.95,"[-8.077201983022679, 6.792757148827681]",0.7077737311522068
da083699b9851113a2d42e1b,composite_confining,potential_only_weyl_window_v1,"[-12.0, 12.0]","[-7.118662114906996, 9.087958055971335]",24.0,16.20662017087833,0.6752758404532638,5.545700810167876,-0.6704823654950647,8.209779314023423,0.7,0.7005702141030915,0.95,"[-4.750662043322416, 6.577303861925447]",0.6989715181702771
2cc430c128e823850c4c1223,composite_confining,potential_only_weyl_window_v1,"[-12.0, 12.0]","[-9.355870985063218, 7.429841958236066]",24.0,16.785712943299284,0.6994047059708035,6.083217009573118,-0.08582573974943492,8.727092473568497,0.7,0.7004554825378887,0.95,"[-6.755506432997535, 4.829477406170383]",0.6901693051883475
b25e11cdb4957be9395398da,composite_confining,potential_only_weyl_window_v1,"[-12.0, 12.0]","[-8.439176068288386, 9.806792942314058]",24.0,18.245969010602444,0.7602487087751019,7.117598465575896,0.12756124989102557,10.113328700869413,0.7,0.7019830368825642,0.95,"[-5.453850602404714, 6.9802123142806405]",0.6814690362271314
1831e9f38bbba2a0ca64be2d,procedural_composite,potential_only_weyl_window_v1,"[-12.0, 12.0]","[-10.963986100152818, 8.954775145008087]",24.0,19.918761245160905,0.8299483852150377,3.280523356742034,-2.779772143642847,5.877792856906984,0.7,0.7006979054547445,0.95,"[-7.8782642819650075, 6.04438250563639]",0.6989715181702771
5ccdcb824960bb83ef4b75cb,procedural_composite,potential_only_weyl_window_v1,"[-12.0, 12.0]","[-7.1715286347972675, 8.258273312227873]",24.0,15.42980194702514,0.6429084144593809,5.341658900955608,-1.3741692884488224,8.219870982128935,0.7,0.700830289992048,0.95,"[-4.781215505770774, 6.003776586208087]",0.6989715181702771
490d6e0aa1d663bcca6480f3,procedural_composite,potential_only_weyl_window_v1,"[-12.0, 12.0]","[-9.698876067315577, 8.765621805505624]",24.0,18.4644978728212,0.7693540780342167,4.550644153043012,-0.6192753879569903,6.766323956328728,0.7,0.7004757354406694,0.95,"[-7.0009704075542984, 6.067716145744347]",0.7077737311522067
80a71395e6ddc51af5335fcd,asymptotically_constant,potential_only_weyl_window_v1,"[-35.0, 35.0]","[-7.29999895118461, 7.1853133300769665]",70.0,14.485312281261576,0.2069330325894511,-5.242510203511927,-15.740932264822826,-0.7431864629501117,0.7,0.6998081892523724,0.95,"[-5.312521731995621, 5.197836110887978]",0.7255872458117427
420ab18ba97c730c11bc06d5,asymptotically_constant,potential_only_weyl_window_v1,"[-35.0, 35.0]","[-7.483423532544128, 7.555202621662962]",70.0,15.03862615420709,0.21483751648867272,-3.316861117531828,-13.710742906410584,1.1376596491304962,0.7,0.6997931659219294,0.95,"[-5.420028121452365, 5.491807210571199]",0.7255872458117428
0267db3440c5adca80d4d099,asymptotically_constant,potential_only_weyl_window_v1,"[-35.0, 35.0]","[-6.935728089568813, 6.649636416290542]",70.0,13.585364505859355,0.19407663579799078,-4.9496465012929995,-17.23782059877844,0.31671382620076116,0.7,0.6997991088535396,0.95,"[-5.071729444216684, 4.785637770938412]",0.7255872458117428
