group_id,family,component,binding_margin_min,tail_max,label_residual_max,model_gram_error,projection_fidelity_min,solver_seconds
fd8d043515dc06ac2b014b2c,infinite_box,analytical,inf,0.0,0.00021913471665511086,9.3008283366669e-16,0.9999881896525188,0.2254014000063762
17934e5806e50797b4de389d,infinite_box,analytical,inf,0.0,0.00021913471660376508,1.029341542557738e-15,0.999988189652519,0.1604622999439016
dea2f27c778acfa337dbe49a,infinite_box,analytical,inf,0.0,0.00021913471662695207,9.52932394451822e-16,0.9999881896525179,0.1509329000255093
cec36658ac8565d46bd255fa,harmonic,analytical,inf,6.511319814713863e-14,0.0005670516372309109,9.57966430855487e-16,0.9999158269913155,0.15935660002287477
7183f46ae4f6809b4a1cca2e,harmonic,analytical,inf,6.511319713918339e-14,0.0005670516371853028,1.397591001428096e-15,0.9999158269913153,0.16121569997631013
e51b0c876b7609a9f8ab12c8,harmonic,analytical,inf,6.511319810011644e-14,0.0005670516372074285,9.33411725425419e-16,0.9999158269913153,0.1763690001098439
162126a16803d72072690eaa,half_harmonic,analytical,inf,2.921471397734047e-28,0.00016197581432107178,1.435153239511683e-15,0.9999923286292457,0.19840360002126545
f8613cbc19ec9028c6b6dd33,half_harmonic,analytical,inf,2.8540053896056262e-28,0.00016197581431838127,1.1257088626838414e-15,0.9999923286292448,0.24152709997724742
e830b5f9f34670cfb16b850d,half_harmonic,analytical,inf,2.9560966154950347e-28,0.00016197581432338245,1.65277134540133e-15,0.999992328629243,0.24841779994312674
603ec09312511efbe81774c9,morse,analytical,41.240051884449144,2.7872680001645962e-31,0.0031349603534763164,1.1905441065727552e-15,0.9988411141829813,0.23611160006839782
64ec82b41315f1f02b8ab88c,morse,analytical,41.27210782653411,1.6387938862127792e-31,0.0022640182629949804,1.1395062262947804e-15,0.9992495865113881,0.29279229999519885
34d615fc8e4289164d554017,morse,analytical,46.586729422594914,6.106767146292059e-31,0.0027368701466081984,1.1104420549363318e-15,0.999027312597644,0.30791360000148416
bde19aec6b730e424e9ed4da,poschl_h,analytical,1.3173931908450456,1.3465045256212995e-30,0.015517271259382482,1.0886326443253248e-15,0.9984243666408865,0.23448829993139952
05e0ced05a4438041fa6b284,poschl_h,analytical,1.0791051713403537,1.0130079439592897e-30,0.017877635212814713,1.5930193570216962e-15,0.9986925054091652,0.21828159992583096
0e4d6bcc05e131ec8de7ea20,poschl_h,analytical,1.4076989838481087,4.363988279753655e-31,0.01594134642352018,1.2194295370802103e-15,0.9984818360526757,0.23982180003076792
59f95cefab35d35d9c096812,poschl_t,analytical,inf,0.0,0.00045833501017877144,1.7444576350332414e-15,0.9999956172222837,0.1751586999744177
5863819323742ff19490b372,poschl_t,analytical,inf,0.0,0.0002622303594350904,1.5312975504930687e-15,0.9999946808506345,0.18782430002465844
46fa9383f6d1d06ebea1247d,poschl_t,analytical,inf,0.0,0.0005627643855263414,2.41687255737067e-15,0.9999957380976688,0.16813780006486923
b058b3af0541f532568d06d2,radial_coulomb,analytical,0.010303806918456448,4.0211545507428426e-29,0.028268326586891514,1.1312311528027453e-15,0.9999816452697774,0.37179400003515184
0afed2617c23430c1d1bfa31,radial_coulomb,analytical,0.005528493177406002,9.490227274036523e-29,0.010931909824471822,1.2244284760409832e-15,0.9999677047246415,0.4087348999455571
41899d2df9c8edac12f02fbd,radial_coulomb,analytical,0.004914847054445781,8.223597078252854e-28,0.04360479509598116,1.239178023047773e-15,0.9999981962457534,0.43463979999069124
e17d46041d2480af76206bb9,radial_oscillator,analytical,inf,2.7927830723257197e-32,0.0015450525606363723,1.3039379854423581e-15,0.9999880938248948,0.14410540007520467
2c71c563f315d83448c59840,radial_oscillator,analytical,inf,1.0620558849653757e-31,0.0015450525606394662,1.4052486296780418e-15,0.9999880938248953,0.18019029998686165
9549789e5819c1d9fa42d519,radial_oscillator,analytical,inf,3.9363183559000283e-32,0.00018906530512545155,1.6871427894786278e-15,0.9999895448680768,0.17137120000552386
8a8ee8193efc9d9a5b6d1211,kratzer,analytical,0.9523464487593829,1.5346288613741077e-32,0.0038164991611711226,1.0515971136804034e-15,0.9999068838314554,0.21173219999764115
464e63df9f2d99e5ce6b929d,kratzer,analytical,0.5670272470660453,3.2507603483917665e-32,0.004653528848617151,1.1334489791251165e-15,0.9999178470970017,0.22601540002506226
240c21a9c8f22d0a7e2e1257,kratzer,analytical,0.5461464359016048,2.9555749305330326e-32,0.004605609091302023,1.2303877500817892e-15,0.999917351756671,0.24117180006578565
29a3985d0b8c448fd3d9c9f4,anharmonic_polynomial,functional,inf,1.3367680374025761e-18,0.000881028874389476,1.3399266021553375e-15,0.9998884872537136,0.17802829993888736
27255fd038c4523d298870ad,anharmonic_polynomial,functional,inf,8.4314027525997285e-22,0.0009590449256146452,8.466948983801953e-16,0.9998798778380559,0.18402450007852167
8e6039c19ac0a51c335cbbe5,anharmonic_polynomial,functional,inf,5.779665113629266e-15,0.0008282929339952017,1.6055152430981141e-15,0.9999122046122496,0.1854819000000134
23f18d0fecfd161f335e848f,asymmetric_well,functional,inf,0.00039618347397827155,0.0013232296831621275,1.3029481350443252e-15,0.9999245561854349,0.18779460003133863
487644a7da6a1b2af46e7a4f,asymmetric_well,functional,inf,1.3079896913854218e-05,0.0012695452291489066,1.3145487801957017e-15,0.9999580306126523,0.20710279990453273
8c4a5e97d3047c067e78f5a9,asymmetric_well,functional,inf,1.459077941565055e-08,0.0004889342636022953,1.674439326258324e-15,0.9999407229169003,0.19679109996650368
564dcd463b0547db83a50d6f,double_well,functional,inf,8.453122859362959e-32,0.0015274827878079694,1.373043504985233e-15,0.999856752821924,0.2277624000562355
c484352c7d6775fd0913eca5,double_well,functional,inf,3.853319775161293e-31,0.0013714001744988035,1.329238715571881e-15,0.9998678820119896,0.1784670000197366
6f0d4a48acc0def46741d821,double_well,functional,inf,5.596906877421236e-31,0.0014492603295897274,1.6888954340044555e-15,0.9998797924076881,0.18739990005269647
d2ae381416e8035414225fcf,multiwell,functional,inf,0.0007418188166802485,0.0009781708258686502,1.2433284074279615e-15,0.9999433544216684,0.27478670002892613
489e916b319c630cf2591405,multiwell,functional,inf,7.465535718741267e-08,0.0008437049875838937,1.120814624813013e-15,0.9999385817677915,0.23857430007774383
a797a0c6ca9dccba6e40838a,multiwell,functional,inf,8.037601382885244e-08,0.00043458282880574494,1.5105217302337588e-15,0.9999471948121018,0.24608419998548925
ea6f18fa3a748b314b2b36a7,single_barrier,functional,inf,5.241510499050697e-06,0.0004464815214328448,1.6932658012790677e-15,0.9999595973699014,0.14451839996036142
a805aba93f0a3770bc29a284,single_barrier,functional,inf,2.1499531318285865e-08,0.0006347656684387181,1.2760914212235934e-15,0.9999519356754891,0.15438770002219826
7202672589a2c326a9611329,single_barrier,functional,inf,1.338787730357741e-07,0.0009724346488541628,9.125637615095123e-16,0.9999547034402884,0.27239620010368526
d62e9d5be2789dbb7eb1154d,multiple_barriers,functional,inf,1.2991537892294002e-06,0.0005556535260604561,1.1520830486299762e-15,0.9999499936222519,0.1670346000464633
faeb700e92c34791792f08b9,multiple_barriers,functional,inf,7.82479542070261e-05,0.0005406679925273725,1.2849764679897336e-15,0.9999635759730422,0.1670771000208333
967fa3841f3a61cac20137e5,multiple_barriers,functional,inf,5.693927953801876e-06,0.0025257479440060483,1.699919053190004e-15,0.9999645028687822,0.16473359998781234
8070cabd8379b6f8b809a15c,gaussian_well,functional,inf,1.6544897778609942e-15,0.07209227079569853,1.5392248112589766e-15,0.9999691721898527,0.13503469992429018
4ff5c6f30f9f0965db57b28f,gaussian_well,functional,inf,9.072627402015906e-13,0.03776684024960751,1.6503455322211827e-15,0.9998458272120936,0.1874721999047324
73e9a743ff5d0a34712d7246,gaussian_well,functional,inf,3.492688866875309e-16,0.0036933592906876426,1.676682981419834e-15,0.9997926472801218,0.12770589999854565
2b8454960e5ef2dc4ab42205,gaussian_barrier,functional,inf,6.03425843104834e-07,0.0004522822568816687,1.7962065920879372e-15,0.9999541548121756,0.141387699986808
93471e5319e464ee22746423,gaussian_barrier,functional,inf,0.00012903729967851828,0.00042973371486276833,1.3799845126409872e-15,0.99996930562852,0.19684809993486851
14c5ea0be9b54e81367cf4a9,gaussian_barrier,functional,inf,7.50286234302143e-07,0.0004265390002965885,1.5153322102180622e-15,0.9999616552442678,0.17728529998566955
e1119b1bd7959ed1c9eba23b,localized_defect,functional,inf,8.405850099766272e-07,0.00768505822128623,1.3589501701265805e-15,0.9999951084814785,0.17606700002215803
43e201503e7666068ed6213c,localized_defect,functional,inf,2.994651165414933e-05,0.005614778658115937,1.5318099104133804e-15,0.9999350758375781,0.13955359999090433
28855a5d3a96a8718654d4c6,localized_defect,functional,inf,6.070075513393903e-09,0.00317412712436393,1.3345325213088042e-15,0.9999949701202604,0.23284020007122308
cc9e1528709faf771cc46f07,harmonic_compact,functional,inf,2.517149096671932e-07,0.00046637179959169454,1.6954780841308495e-15,0.9999437371940532,0.20658869994804263
2b7b19457edea386e4683870,harmonic_compact,functional,inf,0.00040944552545547593,0.0054053269929005025,1.3528241265633147e-15,0.9999660290744891,0.2339343000203371
47046133e52c50e71b7051e0,harmonic_compact,functional,inf,1.4696208821053241e-06,0.0045120135179093045,8.881784197001252e-16,0.9999956476202396,0.1915700000245124
ad2b9610606ba4437b564242,fourier_random,functional,inf,1.0207868683748028e-06,0.0012790001213583877,1.1339837459287848e-15,0.9999554516836431,0.23687510006129742
49d7d9686c55a6e7e539492a,fourier_random,functional,inf,1.96461159606835e-05,0.0017183634208584185,1.1855073860953613e-15,0.9999668348017989,0.28073300002142787
426c655124472a9150bdff63,fourier_random,functional,inf,0.0309008114292349,0.0021289698411057338,1.19993922576856e-15,0.9999815559641714,0.2523994999937713
ef727abc86dd0c71efd3f578,chebyshev_random,functional,inf,1.515777282376925e-08,0.000462787397131166,1.8359365606629443e-15,0.9999540867900887,0.21664050000254065
fdb8fdf4a851fca136f46e86,chebyshev_random,functional,inf,4.877186646332313e-08,0.0004343328456828898,1.1487054589927062e-15,0.9999487558894603,0.27005920000374317
cedc133a5a138e433f8ee97b,chebyshev_random,functional,inf,0.0006017942810832644,0.0003028516689319394,9.530956997570747e-16,0.9999708309622809,0.2725089000305161
13f12eff29edb0c8a52fa91b,gaussian_random_field,functional,inf,6.584019663951205e-06,0.0028763193881128587,9.065214712013177e-16,0.9999692502273619,0.23906209995038807
9b3139d61f503a1b3d81558a,gaussian_random_field,functional,inf,1.3859796061364958e-07,0.0029645968622031976,1.5202128777415855e-15,0.9999297741961449,0.3752756000030786
69dfc5a605eb4251ec626b1d,gaussian_random_field,functional,inf,3.864544758421479e-11,0.0076664972141422824,1.3443550381451856e-15,0.9998999901791787,0.2953630000120029
b509266d717abde6296da5f0,reflected_potential,functional,inf,0.00020760692311212124,0.005085416854060414,1.6882814909359916e-15,0.9999940323515896,0.1363190000411123
47cfcfccc354acc52f9f57a7,reflected_potential,functional,inf,0.0007970961862026041,0.01363886828982663,1.1102230246251565e-15,0.9999937338378463,0.16620330000296235
ee016d3fa180faff6e1afed9,reflected_potential,functional,inf,0.0033079352297658115,0.01497606142378048,1.4163954084598251e-15,0.9999413782692009,0.17929550004191697
ce2c673ac31fa8164547a4fa,smooth_perturbed,functional,inf,9.535126957944688e-08,0.0017464331715308142,1.6406166771101982e-15,0.9999393582157816,0.18859470007009804
4e9602af81d32ebec5bfed39,smooth_perturbed,functional,inf,5.748196036805773e-08,0.0004106232773262185,2.8252755908323295e-15,0.9999487588922236,0.17516630003228784
5f276e725104da82364f3719,smooth_perturbed,functional,inf,1.0790487866780809e-07,0.0004480363378986339,1.5923442429186425e-15,0.9999469460849911,0.18982089997734874
da083699b9851113a2d42e1b,composite_confining,functional,inf,7.969321656875118e-21,0.0018147907834227266,1.1610385411766007e-15,0.9998568575451208,0.20502800005488098
2cc430c128e823850c4c1223,composite_confining,functional,inf,6.354014952820123e-21,0.0010155709197371867,8.334659945070952e-16,0.9998762500090015,0.2217788000125438
b25e11cdb4957be9395398da,composite_confining,functional,inf,4.406026016545037e-18,0.0007489637443983879,1.9392276710966683e-15,0.9998764627617714,0.20030570006929338
1831e9f38bbba2a0ca64be2d,procedural_composite,functional,inf,2.1252963366119147e-10,0.005783760707144117,1.205429716872093e-15,0.9999102450119542,0.2930932000745088
5ccdcb824960bb83ef4b75cb,procedural_composite,functional,inf,1.5666659062178842e-24,0.006545517999493258,1.6729476298611567e-15,0.9999849640283829,0.24181470007169992
490d6e0aa1d663bcca6480f3,procedural_composite,functional,inf,3.1667653253314774e-15,0.0026819087986182264,1.4646478298285758e-15,0.9999142784773181,0.3065679999999702
80a71395e6ddc51af5335fcd,asymptotically_constant,functional,5.094758455112089,4.120624058002197e-31,0.005123977666950949,1.105638077975653e-15,0.9988902364812785,0.1675933999940753
420ab18ba97c730c11bc06d5,asymptotically_constant,functional,3.2505650183079577,2.4963065984517643e-31,0.0071571123959998815,1.6649070190749502e-15,0.9989604184858653,0.17843199998605996
0267db3440c5adca80d4d099,asymptotically_constant,functional,4.565791837478793,2.8121953541918097e-30,0.00801187227230249,1.4064455238997266e-15,0.9985062422179489,0.13940280000679195
