category,family,state,fidelity_mean,fidelity_std,fidelity_count,h1_relative_mean,h1_relative_std,h1_relative_count,energy_abs_error_mean,energy_abs_error_std,energy_abs_error_count,independent_residual_head_mean,independent_residual_head_std,independent_residual_head_count,raw_node_correct_mean,raw_node_correct_std,raw_node_correct_count,persistent_node_correct_mean,persistent_node_correct_std,persistent_node_correct_count,gram_max_error_mean,gram_max_error_std,gram_max_error_count,ordering_violation_mean,ordering_violation_std,ordering_violation_count
ID_test,anharmonic_polynomial,0,0.26253836057379454,,1,1.1066325718764911,,1,5.345783033775053,,1,0.6025541564208744,,1,1.0,,1,1.0,,1,0.9994888581672422,,1,0.0,,1
ID_test,anharmonic_polynomial,1,0.0003929425220733748,,1,1.3476689505699009,,1,5.238387370958437,,1,0.6059102195876518,,1,0.0,,1,0.0,,1,0.9994888581672422,,1,0.0,,1
ID_test,anharmonic_polynomial,2,0.09794649095735375,,1,1.17389951156388,,1,4.717226178494809,,1,0.6074632043835047,,1,0.0,,1,0.0,,1,0.9994888581672422,,1,1.0,,1
ID_test,anharmonic_polynomial,3,0.01605621022240266,,1,1.1821110213224737,,1,4.277710068912672,,1,0.5773025325633618,,1,0.0,,1,0.0,,1,0.9994888581672422,,1,1.0,,1
ID_test,anharmonic_polynomial,4,0.10642860877805617,,1,1.067993366650272,,1,3.769425966005591,,1,0.5807386318992119,,1,0.0,,1,0.0,,1,0.9994888581672422,,1,1.0,,1
ID_test,anharmonic_polynomial,5,0.01035770300395275,,1,1.1362661146153639,,1,3.077898547189933,,1,0.6115085199721447,,1,0.0,,1,0.0,,1,0.9994888581672422,,1,1.0,,1
ID_test,anharmonic_polynomial,6,0.07339829315247826,,1,1.079044439942021,,1,2.877910692964343,,1,0.6073058892209761,,1,0.0,,1,0.0,,1,0.9994888581672422,,1,0.0,,1
ID_test,anharmonic_polynomial,7,0.0009396937914824652,,1,1.1181003854704192,,1,1.9819940666988312,,1,0.6212530312801251,,1,0.0,,1,0.0,,1,0.9994888581672422,,1,1.0,,1
ID_test,anharmonic_polynomial,8,0.05169647893665455,,1,1.0801800183588255,,1,2.114156578085409,,1,0.5990910536762845,,1,0.0,,1,0.0,,1,0.9994888581672422,,1,0.0,,1
ID_test,anharmonic_polynomial,9,0.002579094657819269,,1,1.0872211531798062,,1,1.3328703665066008,,1,0.6065926046845531,,1,0.0,,1,0.0,,1,0.9994888581672422,,1,1.0,,1
ID_test,anharmonic_polynomial,10,0.037364255157013485,,1,1.06796291807277,,1,0.6990756571156673,,1,0.6044525759330195,,1,0.0,,1,0.0,,1,0.9994888581672422,,1,1.0,,1
ID_test,double_well,0,0.23274826692496428,,1,1.11532198516912,,1,13.791662373339745,,1,0.6271491524207887,,1,1.0,,1,1.0,,1,0.9992386335340234,,1,0.0,,1
ID_test,double_well,1,0.17159604135221979,,1,1.1841279360286312,,1,14.400567033017651,,1,0.6250953124184878,,1,0.0,,1,0.0,,1,0.9992386335340234,,1,0.0,,1
ID_test,double_well,2,0.002626525683597746,,1,1.2924751346905998,,1,13.70684548334151,,1,0.6285924128697407,,1,0.0,,1,0.0,,1,0.9992386335340234,,1,1.0,,1
ID_test,double_well,3,0.0379514480056919,,1,1.1022934582104986,,1,13.314162009209511,,1,0.6006944929803877,,1,0.0,,1,0.0,,1,0.9992386335340234,,1,1.0,,1
ID_test,double_well,4,0.09748013849711482,,1,1.045045302169299,,1,12.721833449793063,,1,0.5968803248233563,,1,0.0,,1,0.0,,1,0.9992386335340234,,1,1.0,,1
ID_test,double_well,5,0.004820444444691056,,1,1.1400660446149615,,1,11.608359084841561,,1,0.6233070961169941,,1,0.0,,1,0.0,,1,0.9992386335340234,,1,1.0,,1
ID_test,double_well,6,0.043455796987457274,,1,1.0868114815782492,,1,11.933148458481444,,1,0.6201364418629505,,1,0.0,,1,0.0,,1,0.9992386335340234,,1,0.0,,1
ID_test,double_well,7,0.0004896853900833764,,1,1.1071614991887093,,1,10.284813578562193,,1,0.6396739036358213,,1,0.0,,1,0.0,,1,0.9992386335340234,,1,1.0,,1
ID_test,double_well,8,0.038120933290430065,,1,1.0672980754040087,,1,11.609252043567059,,1,0.6086927324247808,,1,0.0,,1,0.0,,1,0.9992386335340234,,1,0.0,,1
ID_test,double_well,9,0.0010650791903592356,,1,1.0798670783183322,,1,10.332764548646042,,1,0.614280685886291,,1,0.0,,1,0.0,,1,0.9992386335340234,,1,1.0,,1
ID_test,double_well,10,0.026045442801730823,,1,1.0566761909559974,,1,9.507335909912008,,1,0.6153430938653718,,1,0.0,,1,0.0,,1,0.9992386335340234,,1,1.0,,1
ID_test,fourier_random,0,0.16387057635526603,,1,1.1665420992295097,,1,2.5922843604524113,,1,0.4328698024748278,,1,1.0,,1,1.0,,1,0.9995158498481119,,1,0.0,,1
ID_test,fourier_random,1,0.0005551386122329905,,1,1.2567517462064908,,1,1.683152478697553,,1,0.4167724803704304,,1,0.0,,1,0.0,,1,0.9995158498481119,,1,0.0,,1
ID_test,fourier_random,2,0.12313208912439508,,1,1.1043247810655505,,1,0.8227338858100857,,1,0.4311948116712034,,1,0.0,,1,0.0,,1,0.9995158498481119,,1,1.0,,1
ID_test,fourier_random,3,0.001499333683022754,,1,1.2087743268754634,,1,0.1574513465208942,,1,0.39013233987306595,,1,0.0,,1,0.0,,1,0.9995158498481119,,1,1.0,,1
ID_test,fourier_random,4,0.18482806797062848,,1,1.0790029274424435,,1,0.2361683511563566,,1,0.42995400558358937,,1,0.0,,1,0.0,,1,0.9995158498481119,,1,1.0,,1
ID_test,fourier_random,5,0.1260588905072551,,1,1.1788696884399394,,1,0.5715002689501216,,1,0.41885736873785007,,1,0.0,,1,0.0,,1,0.9995158498481119,,1,1.0,,1
ID_test,fourier_random,6,0.05512075871359791,,1,1.1444810663729363,,1,0.7236732894842639,,1,0.43340365789583307,,1,0.0,,1,0.0,,1,0.9995158498481119,,1,0.0,,1
ID_test,fourier_random,7,0.0882585827644019,,1,1.1358466284681454,,1,1.1456674655374592,,1,0.4646961044585806,,1,0.0,,1,0.0,,1,0.9995158498481119,,1,1.0,,1
ID_test,fourier_random,8,0.02335683326571295,,1,1.188647625053231,,1,1.1880520961052983,,1,0.43285441625487636,,1,0.0,,1,0.0,,1,0.9995158498481119,,1,0.0,,1
ID_test,fourier_random,9,0.0015784020227710056,,1,1.1488147827525448,,1,1.5622081852860972,,1,0.4514692639722153,,1,0.0,,1,0.0,,1,0.9995158498481119,,1,1.0,,1
ID_test,fourier_random,10,0.00874492328167043,,1,1.1227267543473312,,1,1.9238603773857212,,1,0.47446032996009224,,1,0.0,,1,0.0,,1,0.9995158498481119,,1,1.0,,1
ID_test,gaussian_random_field,0,0.22097137015878487,,1,1.1318995142607762,,1,2.5890686016617246,,1,0.47761096190010205,,1,1.0,,1,1.0,,1,0.9995951904455145,,1,0.0,,1
ID_test,gaussian_random_field,1,0.11069031626351863,,1,1.2201587395875846,,1,2.3388382910465864,,1,0.47196908096063067,,1,0.0,,1,0.0,,1,0.9995951904455145,,1,0.0,,1
ID_test,gaussian_random_field,2,0.01505733266294533,,1,1.243726278295279,,1,1.9174324643046243,,1,0.479817790472707,,1,0.0,,1,0.0,,1,0.9995951904455145,,1,1.0,,1
ID_test,gaussian_random_field,3,0.00042276823430624895,,1,1.2872523842585741,,1,1.471947399586767,,1,0.444473237374259,,1,0.0,,1,0.0,,1,0.9995951904455145,,1,1.0,,1
ID_test,gaussian_random_field,4,0.07158738539946875,,1,1.1324508523431156,,1,1.0063210179022581,,1,0.46902225848566936,,1,0.0,,1,0.0,,1,0.9995951904455145,,1,1.0,,1
ID_test,gaussian_random_field,5,0.014332029350437564,,1,1.1373305043045037,,1,0.45252279599609224,,1,0.4771378535120547,,1,0.0,,1,0.0,,1,0.9995951904455145,,1,1.0,,1
ID_test,gaussian_random_field,6,0.08416054888485443,,1,1.0896639912301396,,1,0.05068078545234389,,1,0.48303134109221424,,1,0.0,,1,0.0,,1,0.9995951904455145,,1,0.0,,1
ID_test,gaussian_random_field,7,0.007410491864840697,,1,1.1188485195862246,,1,0.5558568107162585,,1,0.5060669031238973,,1,0.0,,1,0.0,,1,0.9995951904455145,,1,1.0,,1
ID_test,gaussian_random_field,8,0.08459733273544075,,1,1.0749166168005597,,1,0.8435298742069892,,1,0.48134171389582286,,1,0.0,,1,0.0,,1,0.9995951904455145,,1,0.0,,1
ID_test,gaussian_random_field,9,0.0039711154653116415,,1,1.1081101158938749,,1,1.3944605562785841,,1,0.4948108961606231,,1,0.0,,1,0.0,,1,0.9995951904455145,,1,1.0,,1
ID_test,gaussian_random_field,10,0.06509875272780012,,1,1.0719911501122532,,1,1.8916678587255902,,1,0.5057399347922241,,1,0.0,,1,0.0,,1,0.9995951904455145,,1,1.0,,1
ID_test,gaussian_well,0,0.16360385830899346,,1,1.1491902780873955,,1,7.01118438561058,,1,0.5842226554943438,,1,1.0,,1,1.0,,1,0.9994561905830853,,1,0.0,,1
ID_test,gaussian_well,1,5.7925816588241265e-05,,1,1.2504330206688843,,1,6.047969097291137,,1,0.5955101267342311,,1,0.0,,1,0.0,,1,0.9994561905830853,,1,0.0,,1
ID_test,gaussian_well,2,0.0714636475159523,,1,1.1216592513093073,,1,4.97275292022637,,1,0.5993711948801126,,1,0.0,,1,0.0,,1,0.9994561905830853,,1,1.0,,1
ID_test,gaussian_well,3,0.006763219413137105,,1,1.125514149383437,,1,3.9807881452285123,,1,0.4921765820549441,,1,0.0,,1,0.0,,1,0.9994561905830853,,1,1.0,,1
ID_test,gaussian_well,4,0.08047483123197204,,1,1.068996294322129,,1,2.996294317141139,,1,0.5420600362174265,,1,0.0,,1,0.0,,1,0.9994561905830853,,1,1.0,,1
ID_test,gaussian_well,5,0.008214270687710263,,1,1.0892937760236059,,1,1.9747683739051922,,1,0.5559447749659278,,1,0.0,,1,0.0,,1,0.9994561905830853,,1,1.0,,1
ID_test,gaussian_well,6,0.08191784776996358,,1,1.052821373847334,,1,1.2125228016112377,,1,0.5830244916686091,,1,0.0,,1,0.0,,1,0.9994561905830853,,1,0.0,,1
ID_test,gaussian_well,7,0.0006326244274302867,,1,1.0854673221853273,,1,0.17729947908014765,,1,0.5825907373103166,,1,0.0,,1,0.0,,1,0.9994561905830853,,1,1.0,,1
ID_test,gaussian_well,8,0.08829233759558852,,1,1.0441479571278323,,1,0.36113031720611577,,1,0.5758225431789754,,1,0.0,,1,0.0,,1,0.9994561905830853,,1,0.0,,1
ID_test,gaussian_well,9,0.00193625013426203,,1,1.0731118342773331,,1,1.2657351342567722,,1,0.5790775973965453,,1,0.0,,1,0.0,,1,0.9994561905830853,,1,1.0,,1
ID_test,gaussian_well,10,0.06573239736298933,,1,1.0458705605844587,,1,2.062963845618284,,1,0.5755798227820496,,1,0.0,,1,0.0,,1,0.9994561905830853,,1,1.0,,1
ID_test,harmonic,0,0.2223129325767503,,1,1.1948222686897105,,1,7.31055101269455,,1,0.4436064929393337,,1,1.0,,1,1.0,,1,0.999473208093393,,1,0.0,,1
ID_test,harmonic,1,0.0004950061418141686,,1,1.30815090214967,,1,6.509127020434944,,1,0.43877712189898044,,1,0.0,,1,0.0,,1,0.999473208093393,,1,0.0,,1
ID_test,harmonic,2,0.100831634754386,,1,1.158023086678015,,1,5.434115872941004,,1,0.4452555815511927,,1,0.0,,1,0.0,,1,0.999473208093393,,1,1.0,,1
ID_test,harmonic,3,0.03425630733664954,,1,1.094227374560191,,1,4.441415679994535,,1,0.4134921082320956,,1,0.0,,1,0.0,,1,0.999473208093393,,1,1.0,,1
ID_test,harmonic,4,0.11958583354254232,,1,1.0500472490583668,,1,3.405252741072613,,1,0.4353799482162814,,1,0.0,,1,0.0,,1,0.999473208093393,,1,1.0,,1
ID_test,harmonic,5,0.01053613938171682,,1,1.1028311542905493,,1,2.2386602707939938,,1,0.4374245805656186,,1,0.0,,1,0.0,,1,0.999473208093393,,1,1.0,,1
ID_test,harmonic,6,0.08887519669425487,,1,1.060018322973775,,1,1.4680695587627381,,1,0.44353251658060244,,1,0.0,,1,0.0,,1,0.999473208093393,,1,0.0,,1
ID_test,harmonic,7,0.0005573324930216491,,1,1.0934024943483271,,1,0.15254758326025541,,1,0.4618970732286136,,1,0.0,,1,0.0,,1,0.999473208093393,,1,1.0,,1
ID_test,harmonic,8,0.06445501549127895,,1,1.062292694142385,,1,0.33562819014862555,,1,0.4390198629626708,,1,0.0,,1,0.0,,1,0.999473208093393,,1,0.0,,1
ID_test,harmonic,9,0.00078929099447377,,1,1.0794010186868797,,1,1.5476860790473843,,1,0.44826470150290976,,1,0.0,,1,0.0,,1,0.999473208093393,,1,1.0,,1
ID_test,harmonic,10,0.04218990455314585,,1,1.06073826882972,,1,2.6341709980475265,,1,0.45622746029571754,,1,0.0,,1,0.0,,1,0.999473208093393,,1,1.0,,1
ID_test,localized_defect,0,0.1379602050763976,,1,1.2196710378252265,,1,3.037172968051139,,1,0.47307985132429375,,1,1.0,,1,1.0,,1,0.9995864554522998,,1,0.0,,1
ID_test,localized_defect,1,0.05211952531304134,,1,1.3420157876892367,,1,1.983142727437889,,1,0.4669092849443712,,1,0.0,,1,0.0,,1,0.9995864554522998,,1,0.0,,1
ID_test,localized_defect,2,0.11343655435900979,,1,1.2285876210111264,,1,1.424414957291715,,1,0.4755967056221238,,1,0.0,,1,0.0,,1,0.9995864554522998,,1,1.0,,1
ID_test,localized_defect,3,0.07760248421368121,,1,1.2147228138507038,,1,1.0822457139050283,,1,0.4563681369141727,,1,0.0,,1,0.0,,1,0.9995864554522998,,1,1.0,,1
ID_test,localized_defect,4,0.14728528166220514,,1,1.1106038878270983,,1,0.6170196393462213,,1,0.4712073074734572,,1,0.0,,1,0.0,,1,0.9995864554522998,,1,1.0,,1
ID_test,localized_defect,5,0.01443175312011266,,1,1.211069874074214,,1,0.12936323509732706,,1,0.4764486230988049,,1,0.0,,1,0.0,,1,0.9995864554522998,,1,1.0,,1
ID_test,localized_defect,6,0.0792635271933543,,1,1.139206049236857,,1,0.1956444161991433,,1,0.48018850143270464,,1,0.0,,1,0.0,,1,0.9995864554522998,,1,0.0,,1
ID_test,localized_defect,7,0.0010711646873889538,,1,1.1867186783486825,,1,0.7491176321209307,,1,0.5045099358923711,,1,0.0,,1,0.0,,1,0.9995864554522998,,1,1.0,,1
ID_test,localized_defect,8,0.06306714010291885,,1,1.1449693919855337,,1,0.9850149810464455,,1,0.47997092733716146,,1,0.0,,1,0.0,,1,0.9995864554522998,,1,0.0,,1
ID_test,localized_defect,9,0.0002501476889428239,,1,1.1661331839067113,,1,1.5067968355925068,,1,0.4960319513520386,,1,0.0,,1,0.0,,1,0.9995864554522998,,1,1.0,,1
ID_test,localized_defect,10,0.04199735419140665,,1,1.1268884784104367,,1,1.9504984750241734,,1,0.5071201203266378,,1,0.0,,1,0.0,,1,0.9995864554522998,,1,1.0,,1
ID_test,morse,0,0.07027359800330113,,1,1.1484409544269267,,1,27.734722508035798,,1,0.7949767637832942,,1,1.0,,1,1.0,,1,0.9991300936715601,,1,0.0,,1
ID_test,morse,1,0.0016989112646598403,,1,1.1263718738359154,,1,28.76886498893777,,1,0.7956809400894,,1,0.0,,1,0.0,,1,0.9991300936715601,,1,0.0,,1
ID_test,morse,2,0.03110917940615515,,1,1.067566630297812,,1,23.790575508998124,,1,0.8177148853559356,,1,0.0,,1,0.0,,1,0.9991300936715601,,1,1.0,,1
ID_test,morse,3,0.003892751993738199,,1,1.0652332348071964,,1,21.19338872557004,,1,0.633479762389116,,1,0.0,,1,0.0,,1,0.9991300936715601,,1,1.0,,1
ID_test,morse,4,0.03493008632653553,,1,1.0374950169683108,,1,18.85370029798868,,1,0.6565465143063636,,1,0.0,,1,0.0,,1,0.9991300936715601,,1,1.0,,1
ID_test,morse,5,0.004514832326433372,,1,1.0441998863712985,,1,12.027831121975733,,1,0.7480541871619529,,1,0.0,,1,0.0,,1,0.9991300936715601,,1,1.0,,1
ID_test,morse,6,0.023689186562141192,,1,1.0332130417597047,,1,16.972484051485782,,1,0.77796548683149,,1,0.0,,1,0.0,,1,0.9991300936715601,,1,0.0,,1
ID_test,morse,7,0.001918226116329958,,1,1.0363999905302546,,1,8.315183455277928,,1,0.8337849587268767,,1,0.0,,1,0.0,,1,0.9991300936715601,,1,1.0,,1
ID_test,morse,8,0.022977703719563158,,1,1.0276132815743244,,1,18.51067325517858,,1,0.7326658530497601,,1,0.0,,1,0.0,,1,0.9991300936715601,,1,0.0,,1
ID_test,morse,9,0.0025976316084306357,,1,1.0301186791275574,,1,12.783625924056377,,1,0.7303735113648414,,1,0.0,,1,0.0,,1,0.9991300936715601,,1,1.0,,1
ID_test,morse,10,0.02007820734739498,,1,1.0231149400951485,,1,10.952725843771415,,1,0.7624908714946829,,1,0.0,,1,0.0,,1,0.9991300936715601,,1,0.0,,1
ID_test,poschl_t,0,0.5688168130787891,,1,3.01719201797484,,1,174519.7357849763,,1,0.9841677078559383,,1,0.0,,1,0.0,,1,0.9980219921047806,,1,0.0,,1
ID_test,poschl_t,1,2.378514897525797e-05,,1,2.841677266178127,,1,59004.54865578618,,1,0.9137526091386341,,1,0.0,,1,0.0,,1,0.9980219921047806,,1,0.0,,1
ID_test,poschl_t,2,0.18351063863413816,,1,5.707686716466079,,1,34982.755966259145,,1,0.7692772668956253,,1,0.0,,1,0.0,,1,0.9980219921047806,,1,0.0,,1
ID_test,poschl_t,3,0.0006406121674344588,,1,4.525044640696143,,1,34425.11944280508,,1,0.8054835965598397,,1,0.0,,1,0.0,,1,0.9980219921047806,,1,0.0,,1
ID_test,poschl_t,4,0.0778116077720516,,1,1.479613538858357,,1,77645.38518859076,,1,0.951312232610047,,1,0.0,,1,0.0,,1,0.9980219921047806,,1,1.0,,1
ID_test,poschl_t,5,5.347766137210639e-05,,1,2.2996055725180655,,1,61334.139152271324,,1,0.8802755654452757,,1,0.0,,1,0.0,,1,0.9980219921047806,,1,0.0,,1
ID_test,poschl_t,6,0.036738852597976476,,1,5.503753168006608,,1,58467.23681547868,,1,0.7785621473655499,,1,0.0,,1,0.0,,1,0.9980219921047806,,1,0.0,,1
ID_test,poschl_t,7,0.0014889636305203534,,1,1.1727308991433998,,1,91063.06881781376,,1,0.9880567908915892,,1,0.0,,1,0.0,,1,0.9980219921047806,,1,1.0,,1
ID_test,poschl_t,8,0.03706873938502315,,1,3.1784534098011155,,1,22685.48673809126,,1,0.7232792333298256,,1,0.0,,1,0.0,,1,0.9980219921047806,,1,0.0,,1
ID_test,poschl_t,9,1.441474454147077e-06,,1,3.5352865284675854,,1,35024.06090683561,,1,0.7351293768730907,,1,0.0,,1,0.0,,1,0.9980219921047806,,1,1.0,,1
ID_test,poschl_t,10,0.029793754124712662,,1,1.2648117887819017,,1,29283.947593778248,,1,0.8885337012468812,,1,0.0,,1,0.0,,1,0.9980219921047806,,1,0.0,,1
ID_test,procedural_composite,0,0.195316093040893,,1,1.22819205677237,,1,9.151288874141784,,1,0.5883336729078465,,1,1.0,,1,1.0,,1,0.9993393798728162,,1,0.0,,1
ID_test,procedural_composite,1,0.01795853246259462,,1,1.3549022152367156,,1,8.794626296810009,,1,0.5885819723711008,,1,0.0,,1,0.0,,1,0.9993393798728162,,1,0.0,,1
ID_test,procedural_composite,2,0.09590845574017114,,1,1.225486012625031,,1,8.138330476408917,,1,0.5934775407566851,,1,0.0,,1,0.0,,1,0.9993393798728162,,1,1.0,,1
ID_test,procedural_composite,3,0.048920375750561323,,1,1.1549178761667378,,1,7.5776990887861,,1,0.5669010744791362,,1,0.0,,1,0.0,,1,0.9993393798728162,,1,1.0,,1
ID_test,procedural_composite,4,0.09424687666017557,,1,1.0859002080478972,,1,6.992547792095946,,1,0.570076085247222,,1,0.0,,1,0.0,,1,0.9993393798728162,,1,1.0,,1
ID_test,procedural_composite,5,0.0161235507795082,,1,1.1292636591313845,,1,6.004188792647245,,1,0.590336810298117,,1,0.0,,1,0.0,,1,0.9993393798728162,,1,1.0,,1
ID_test,procedural_composite,6,0.05319938871849919,,1,1.0929287543417434,,1,5.782556988010501,,1,0.5873226335077338,,1,0.0,,1,0.0,,1,0.9993393798728162,,1,0.0,,1
ID_test,procedural_composite,7,0.0026212977434181784,,1,1.1089309740571036,,1,4.5356876477880315,,1,0.607420405123484,,1,0.0,,1,0.0,,1,0.9993393798728162,,1,1.0,,1
ID_test,procedural_composite,8,0.04922156141185986,,1,1.0739859526014224,,1,4.645305377001887,,1,0.5785228036641332,,1,0.0,,1,0.0,,1,0.9993393798728162,,1,0.0,,1
ID_test,procedural_composite,9,0.00707542586915199,,1,1.0841883131912937,,1,3.5324387008801352,,1,0.5871138013914613,,1,0.0,,1,0.0,,1,0.9993393798728162,,1,1.0,,1
ID_test,procedural_composite,10,0.044249518073197776,,1,1.0643642963747701,,1,2.7031752986035107,,1,0.5887377184779033,,1,0.0,,1,0.0,,1,0.9993393798728162,,1,1.0,,1
ID_test,radial_oscillator,0,0.26688026637306494,,1,1.1419439705248904,,1,49077.63887003999,,1,0.9896688966131981,,1,1.0,,1,1.0,,1,0.9995430858835904,,1,0.0,,1
ID_test,radial_oscillator,1,0.011795171181756499,,1,4.40787532161408,,1,45548.77344095135,,1,0.8733293988854619,,1,0.0,,1,0.0,,1,0.9995430858835904,,1,0.0,,1
ID_test,radial_oscillator,2,0.0745868631463293,,1,1.1776188924505424,,1,44554.27916057442,,1,0.9913466713361887,,1,0.0,,1,0.0,,1,0.9995430858835904,,1,0.0,,1
ID_test,radial_oscillator,3,0.03667324996761547,,1,2.8873853173454926,,1,37121.66775840687,,1,0.8998221141007475,,1,0.0,,1,0.0,,1,0.9995430858835904,,1,0.0,,1
ID_test,radial_oscillator,4,0.04917938308320315,,1,1.9078183129665238,,1,46185.02908743322,,1,0.909060623601739,,1,0.0,,1,0.0,,1,0.9995430858835904,,1,1.0,,1
ID_test,radial_oscillator,5,0.017911001005860842,,1,2.8711047591162835,,1,47354.765499627174,,1,0.8664414295591706,,1,0.0,,1,0.0,,1,0.9995430858835904,,1,1.0,,1
ID_test,radial_oscillator,6,0.035097278613083455,,1,3.3314122682815746,,1,46353.627002474495,,1,0.8412953193116449,,1,0.0,,1,0.0,,1,0.9995430858835904,,1,0.0,,1
ID_test,radial_oscillator,7,0.012635536503952535,,1,1.1958727974276888,,1,48663.707352891324,,1,0.9591382932585283,,1,0.0,,1,0.0,,1,0.9995430858835904,,1,1.0,,1
ID_test,radial_oscillator,8,0.02153587098782699,,1,1.4409610856531272,,1,29100.281947961706,,1,0.8880854791601074,,1,0.0,,1,0.0,,1,0.9995430858835904,,1,0.0,,1
ID_test,radial_oscillator,9,0.008953657905087786,,1,2.8875119160054936,,1,38434.70040314232,,1,0.8272706605183662,,1,0.0,,1,0.0,,1,0.9995430858835904,,1,1.0,,1
ID_test,radial_oscillator,10,0.004414985754532336,,1,4.425627104153595,,1,54761.70686482137,,1,0.8107382271344152,,1,0.0,,1,0.0,,1,0.9995430858835904,,1,1.0,,1
ID_test,single_barrier,0,0.19634006661269482,,1,1.155531994500611,,1,1.6846241627721832,,1,0.3998628450476653,,1,1.0,,1,1.0,,1,0.9995092350715736,,1,0.0,,1
ID_test,single_barrier,1,0.02529113870667007,,1,1.285797247360184,,1,1.1541738842445017,,1,0.3966462161997039,,1,0.0,,1,0.0,,1,0.9995092350715736,,1,0.0,,1
ID_test,single_barrier,2,0.2269016313415908,,1,1.1116241943642715,,1,1.0264041208141692,,1,0.40349818330987225,,1,0.0,,1,0.0,,1,0.9995092350715736,,1,1.0,,1
ID_test,single_barrier,3,0.0009985692235446068,,1,1.348803156190061,,1,0.589172689607584,,1,0.3728432313477793,,1,0.0,,1,0.0,,1,0.9995092350715736,,1,1.0,,1
ID_test,single_barrier,4,0.05175478982328449,,1,1.1554577873606968,,1,0.30152672118954404,,1,0.3936778743981767,,1,0.0,,1,0.0,,1,0.9995092350715736,,1,1.0,,1
ID_test,single_barrier,5,3.83033108307173e-07,,1,1.1883949154434648,,1,0.09735553945884856,,1,0.3990031957872743,,1,0.0,,1,0.0,,1,0.9995092350715736,,1,1.0,,1
ID_test,single_barrier,6,0.07820672633860033,,1,1.1268597366839501,,1,0.3936512257888687,,1,0.40719489051750585,,1,0.0,,1,0.0,,1,0.9995092350715736,,1,0.0,,1
ID_test,single_barrier,7,6.006398337152171e-06,,1,1.172570464934528,,1,0.843457776346082,,1,0.43085522665415943,,1,0.0,,1,0.0,,1,0.9995092350715736,,1,1.0,,1
ID_test,single_barrier,8,0.04505664120823826,,1,1.1175389144875614,,1,1.0769355066340718,,1,0.4071029480476049,,1,0.0,,1,0.0,,1,0.9995092350715736,,1,0.0,,1
ID_test,single_barrier,9,0.0001297195511574618,,1,1.1464946706699504,,1,1.5129314202457183,,1,0.4231936253030946,,1,0.0,,1,0.0,,1,0.9995092350715736,,1,1.0,,1
ID_test,single_barrier,10,0.05343921031744862,,1,1.096458915176793,,1,1.9214608277291862,,1,0.43374327000698093,,1,0.0,,1,0.0,,1,0.9995092350715736,,1,1.0,,1
ID_test,smooth_perturbed,0,0.14516794710117592,,1,1.1807626421854462,,1,1.9845337357774688,,1,0.4846173907723208,,1,1.0,,1,1.0,,1,0.9995513207485948,,1,0.0,,1
ID_test,smooth_perturbed,1,0.24673453263707978,,1,1.0962024125012828,,1,1.9158918871439476,,1,0.49102284029791293,,1,0.0,,1,0.0,,1,0.9995513207485948,,1,0.0,,1
ID_test,smooth_perturbed,2,0.0012313377835899734,,1,1.2774914037890515,,1,1.109707068633692,,1,0.4894164761033951,,1,0.0,,1,0.0,,1,0.9995513207485948,,1,1.0,,1
ID_test,smooth_perturbed,3,0.01996929926493151,,1,1.1885816072686572,,1,0.9931846434332798,,1,0.5105097032055427,,1,0.0,,1,0.0,,1,0.9995513207485948,,1,1.0,,1
ID_test,smooth_perturbed,4,0.18627069802003746,,1,1.0722396228016278,,1,0.3794603120693514,,1,0.49071579212155586,,1,0.0,,1,0.0,,1,0.9995513207485948,,1,1.0,,1
ID_test,smooth_perturbed,5,0.006211209944730258,,1,1.2091268759644511,,1,0.10510591424498239,,1,0.513552115940416,,1,0.0,,1,0.0,,1,0.9995513207485948,,1,1.0,,1
ID_test,smooth_perturbed,6,0.012084362218899043,,1,1.1590701852071934,,1,0.2956198910804837,,1,0.5046128842907917,,1,0.0,,1,0.0,,1,0.9995513207485948,,1,0.0,,1
ID_test,smooth_perturbed,7,0.00010887839695248355,,1,1.1464573839159204,,1,0.8095259749870367,,1,0.5222761603250544,,1,0.0,,1,0.0,,1,0.9995513207485948,,1,1.0,,1
ID_test,smooth_perturbed,8,0.04747987400252017,,1,1.1014870551421265,,1,1.1315527485257153,,1,0.5102377410518916,,1,0.0,,1,0.0,,1,0.9995513207485948,,1,0.0,,1
ID_test,smooth_perturbed,9,9.844688665720393e-05,,1,1.128113800082315,,1,1.6644036016549206,,1,0.5260541364640426,,1,0.0,,1,0.0,,1,0.9995513207485948,,1,1.0,,1
ID_test,smooth_perturbed,10,0.05092341696266245,,1,1.0899421811378511,,1,2.1550922535903005,,1,0.5307999116229984,,1,0.0,,1,0.0,,1,0.9995513207485948,,1,1.0,,1
anharmonic_wells,anharmonic_polynomial,0,0.26253836057379454,,1,1.1066325718764911,,1,5.345783033775053,,1,0.6025541564208744,,1,1.0,,1,1.0,,1,0.9994888581672422,,1,0.0,,1
anharmonic_wells,anharmonic_polynomial,1,0.0003929425220733748,,1,1.3476689505699009,,1,5.238387370958437,,1,0.6059102195876518,,1,0.0,,1,0.0,,1,0.9994888581672422,,1,0.0,,1
anharmonic_wells,anharmonic_polynomial,2,0.09794649095735375,,1,1.17389951156388,,1,4.717226178494809,,1,0.6074632043835047,,1,0.0,,1,0.0,,1,0.9994888581672422,,1,1.0,,1
anharmonic_wells,anharmonic_polynomial,3,0.01605621022240266,,1,1.1821110213224737,,1,4.277710068912672,,1,0.5773025325633618,,1,0.0,,1,0.0,,1,0.9994888581672422,,1,1.0,,1
anharmonic_wells,anharmonic_polynomial,4,0.10642860877805617,,1,1.067993366650272,,1,3.769425966005591,,1,0.5807386318992119,,1,0.0,,1,0.0,,1,0.9994888581672422,,1,1.0,,1
anharmonic_wells,anharmonic_polynomial,5,0.01035770300395275,,1,1.1362661146153639,,1,3.077898547189933,,1,0.6115085199721447,,1,0.0,,1,0.0,,1,0.9994888581672422,,1,1.0,,1
anharmonic_wells,anharmonic_polynomial,6,0.07339829315247826,,1,1.079044439942021,,1,2.877910692964343,,1,0.6073058892209761,,1,0.0,,1,0.0,,1,0.9994888581672422,,1,0.0,,1
anharmonic_wells,anharmonic_polynomial,7,0.0009396937914824652,,1,1.1181003854704192,,1,1.9819940666988312,,1,0.6212530312801251,,1,0.0,,1,0.0,,1,0.9994888581672422,,1,1.0,,1
anharmonic_wells,anharmonic_polynomial,8,0.05169647893665455,,1,1.0801800183588255,,1,2.114156578085409,,1,0.5990910536762845,,1,0.0,,1,0.0,,1,0.9994888581672422,,1,0.0,,1
anharmonic_wells,anharmonic_polynomial,9,0.002579094657819269,,1,1.0872211531798062,,1,1.3328703665066008,,1,0.6065926046845531,,1,0.0,,1,0.0,,1,0.9994888581672422,,1,1.0,,1
anharmonic_wells,anharmonic_polynomial,10,0.037364255157013485,,1,1.06796291807277,,1,0.6990756571156673,,1,0.6044525759330195,,1,0.0,,1,0.0,,1,0.9994888581672422,,1,1.0,,1
asymmetric_wells,asymmetric_well,0,0.1876424535426908,,1,1.1653400951716217,,1,3.2014978039932807,,1,0.5612608316746395,,1,1.0,,1,1.0,,1,0.9996593821346,,1,0.0,,1
asymmetric_wells,asymmetric_well,1,0.005262097220462143,,1,1.2842295246677562,,1,2.6825377835648636,,1,0.5538175310899314,,1,0.0,,1,0.0,,1,0.9996593821346,,1,0.0,,1
asymmetric_wells,asymmetric_well,2,0.10802827910071672,,1,1.119460393289925,,1,2.0734899301698886,,1,0.5635164162107116,,1,0.0,,1,0.0,,1,0.9996593821346,,1,1.0,,1
asymmetric_wells,asymmetric_well,3,0.003769819628901541,,1,1.1809735747322812,,1,1.510486879674455,,1,0.537082349398842,,1,0.0,,1,0.0,,1,0.9996593821346,,1,1.0,,1
asymmetric_wells,asymmetric_well,4,0.06454625003477014,,1,1.1300045683183768,,1,0.9457776489868355,,1,0.5577218023760494,,1,0.0,,1,0.0,,1,0.9996593821346,,1,1.0,,1
asymmetric_wells,asymmetric_well,5,0.0008683966074635752,,1,1.165416194190401,,1,0.34871547759185284,,1,0.5706068404570144,,1,0.0,,1,0.0,,1,0.9996593821346,,1,1.0,,1
asymmetric_wells,asymmetric_well,6,0.07608271089311708,,1,1.103172552509377,,1,0.07277535855007478,,1,0.5716167359749211,,1,0.0,,1,0.0,,1,0.9996593821346,,1,0.0,,1
asymmetric_wells,asymmetric_well,7,0.0016577504717377972,,1,1.1358211818312571,,1,0.6885021798906745,,1,0.5975682389032402,,1,0.0,,1,0.0,,1,0.9996593821346,,1,1.0,,1
asymmetric_wells,asymmetric_well,8,0.10912165501554799,,1,1.0628614267386136,,1,0.9576163187648321,,1,0.5692884121876766,,1,0.0,,1,0.0,,1,0.9996593821346,,1,0.0,,1
asymmetric_wells,asymmetric_well,9,0.007355326105461668,,1,1.1101634883176816,,1,1.4999965699639262,,1,0.5853860828904105,,1,0.0,,1,0.0,,1,0.9996593821346,,1,1.0,,1
asymmetric_wells,asymmetric_well,10,0.09253462207173123,,1,1.055107861231367,,1,1.9836373291117315,,1,0.5980875946128856,,1,0.0,,1,0.0,,1,0.9996593821346,,1,1.0,,1
barriers,single_barrier,0,0.19634006661269482,,1,1.155531994500611,,1,1.6846241627721832,,1,0.3998628450476653,,1,1.0,,1,1.0,,1,0.9995092350715736,,1,0.0,,1
barriers,single_barrier,1,0.02529113870667007,,1,1.285797247360184,,1,1.1541738842445017,,1,0.3966462161997039,,1,0.0,,1,0.0,,1,0.9995092350715736,,1,0.0,,1
barriers,single_barrier,2,0.2269016313415908,,1,1.1116241943642715,,1,1.0264041208141692,,1,0.40349818330987225,,1,0.0,,1,0.0,,1,0.9995092350715736,,1,1.0,,1
barriers,single_barrier,3,0.0009985692235446068,,1,1.348803156190061,,1,0.589172689607584,,1,0.3728432313477793,,1,0.0,,1,0.0,,1,0.9995092350715736,,1,1.0,,1
barriers,single_barrier,4,0.05175478982328449,,1,1.1554577873606968,,1,0.30152672118954404,,1,0.3936778743981767,,1,0.0,,1,0.0,,1,0.9995092350715736,,1,1.0,,1
barriers,single_barrier,5,3.83033108307173e-07,,1,1.1883949154434648,,1,0.09735553945884856,,1,0.3990031957872743,,1,0.0,,1,0.0,,1,0.9995092350715736,,1,1.0,,1
barriers,single_barrier,6,0.07820672633860033,,1,1.1268597366839501,,1,0.3936512257888687,,1,0.40719489051750585,,1,0.0,,1,0.0,,1,0.9995092350715736,,1,0.0,,1
barriers,single_barrier,7,6.006398337152171e-06,,1,1.172570464934528,,1,0.843457776346082,,1,0.43085522665415943,,1,0.0,,1,0.0,,1,0.9995092350715736,,1,1.0,,1
barriers,single_barrier,8,0.04505664120823826,,1,1.1175389144875614,,1,1.0769355066340718,,1,0.4071029480476049,,1,0.0,,1,0.0,,1,0.9995092350715736,,1,0.0,,1
barriers,single_barrier,9,0.0001297195511574618,,1,1.1464946706699504,,1,1.5129314202457183,,1,0.4231936253030946,,1,0.0,,1,0.0,,1,0.9995092350715736,,1,1.0,,1
barriers,single_barrier,10,0.05343921031744862,,1,1.096458915176793,,1,1.9214608277291862,,1,0.43374327000698093,,1,0.0,,1,0.0,,1,0.9995092350715736,,1,1.0,,1
changed_domain_same_physical_operator,harmonic,0,0.20200456016870885,,1,1.1592050089635384,,1,9.821524468235397,,1,0.4433528617050308,,1,1.0,,1,1.0,,1,0.9993788364291669,,1,0.0,,1
changed_domain_same_physical_operator,harmonic,1,0.00014257716390085034,,1,1.2826308728002103,,1,9.084012879953216,,1,0.43853004326624606,,1,0.0,,1,0.0,,1,0.9993788364291669,,1,0.0,,1
changed_domain_same_physical_operator,harmonic,2,0.08328909558062073,,1,1.1435182417102163,,1,7.985606704398285,,1,0.44473156230506294,,1,0.0,,1,0.0,,1,0.9993788364291669,,1,1.0,,1
changed_domain_same_physical_operator,harmonic,3,0.017878109539237495,,1,1.1060535133368667,,1,7.001410965902117,,1,0.41009049689132077,,1,0.0,,1,0.0,,1,0.9993788364291669,,1,1.0,,1
changed_domain_same_physical_operator,harmonic,4,0.09774745541650776,,1,1.0594606303504217,,1,5.9666066392027375,,1,0.43303289143837154,,1,0.0,,1,0.0,,1,0.9993788364291669,,1,1.0,,1
changed_domain_same_physical_operator,harmonic,5,0.010137832491381216,,1,1.0871292610972607,,1,4.769590679361278,,1,0.4327345839594315,,1,0.0,,1,0.0,,1,0.9993788364291669,,1,1.0,,1
changed_domain_same_physical_operator,harmonic,6,0.08460569037633173,,1,1.050137283071788,,1,4.0894228067641905,,1,0.43961337720083965,,1,0.0,,1,0.0,,1,0.9993788364291669,,1,0.0,,1
changed_domain_same_physical_operator,harmonic,7,0.0007904088020314527,,1,1.0821262165009462,,1,2.71780979820823,,1,0.45573713999668003,,1,0.0,,1,0.0,,1,0.9993788364291669,,1,1.0,,1
changed_domain_same_physical_operator,harmonic,8,0.07410179463205188,,1,1.0449919018011133,,1,2.4001470518688492,,1,0.433295713940363,,1,0.0,,1,0.0,,1,0.9993788364291669,,1,0.0,,1
changed_domain_same_physical_operator,harmonic,9,0.001877529328659323,,1,1.0659507241100974,,1,1.171935785497972,,1,0.4395538506510697,,1,0.0,,1,0.0,,1,0.9993788364291669,,1,1.0,,1
changed_domain_same_physical_operator,harmonic,10,0.04702837754894075,,1,1.045506440790863,,1,0.10867527124494814,,1,0.44620812804190735,,1,0.0,,1,0.0,,1,0.9993788364291669,,1,1.0,,1
constant_potential_shift,morse,0,0.07027359800330113,,1,1.1484409544269267,,1,27.734722508035798,,1,0.7788288190221557,,1,1.0,,1,1.0,,1,0.9991300936715601,,1,0.0,,1
constant_potential_shift,morse,1,0.0016989112646598403,,1,1.1263718738359154,,1,28.76886498893777,,1,0.7812175626844952,,1,0.0,,1,0.0,,1,0.9991300936715601,,1,0.0,,1
constant_potential_shift,morse,2,0.03110917940615515,,1,1.067566630297812,,1,23.79057360164949,,1,0.8032998472851206,,1,0.0,,1,0.0,,1,0.9991300936715601,,1,1.0,,1
constant_potential_shift,morse,3,0.003892751993738199,,1,1.0652332348071964,,1,21.19338872557004,,1,0.6097942686845936,,1,0.0,,1,0.0,,1,0.9991300936715601,,1,1.0,,1
constant_potential_shift,morse,4,0.03493008632653553,,1,1.0374950169683108,,1,18.85370029798868,,1,0.633597837982032,,1,0.0,,1,0.0,,1,0.9991300936715601,,1,1.0,,1
constant_potential_shift,morse,5,0.004514832326433372,,1,1.0441998863712985,,1,12.027831121975733,,1,0.7256057879145568,,1,0.0,,1,0.0,,1,0.9991300936715601,,1,1.0,,1
constant_potential_shift,morse,6,0.023689186562141192,,1,1.0332130417597047,,1,16.972485958834415,,1,0.7619544708549617,,1,0.0,,1,0.0,,1,0.9991300936715601,,1,0.0,,1
constant_potential_shift,morse,7,0.001918226116329958,,1,1.0363999905302546,,1,8.315183455277928,,1,0.817664974886535,,1,0.0,,1,0.0,,1,0.9991300936715601,,1,1.0,,1
constant_potential_shift,morse,8,0.022977703719563158,,1,1.0276132815743244,,1,18.51067325517858,,1,0.7169694100256682,,1,0.0,,1,0.0,,1,0.9991300936715601,,1,0.0,,1
constant_potential_shift,morse,9,0.0025976316084306357,,1,1.0301186791275574,,1,12.783625924056377,,1,0.7128220864293,,1,0.0,,1,0.0,,1,0.9991300936715601,,1,1.0,,1
constant_potential_shift,morse,10,0.02007820734739498,,1,1.0231149400951485,,1,10.952725843771415,,1,0.746452432178705,,1,0.0,,1,0.0,,1,0.9991300936715601,,1,0.0,,1
controlled_smooth_perturbations,smooth_perturbed,0,0.16411031303308232,,1,1.1500788244859805,,1,3.0653055309775468,,1,0.45948470745583747,,1,1.0,,1,1.0,,1,0.9995141190654239,,1,0.0,,1
controlled_smooth_perturbations,smooth_perturbed,1,0.11598885837066628,,1,1.198843755592196,,1,2.5762700603856934,,1,0.4611579026092133,,1,0.0,,1,0.0,,1,0.9995141190654239,,1,0.0,,1
controlled_smooth_perturbations,smooth_perturbed,2,0.0005050661650043911,,1,1.2016967277078585,,1,1.8264684238067757,,1,0.46152327142769783,,1,0.0,,1,0.0,,1,0.9995141190654239,,1,1.0,,1
controlled_smooth_perturbations,smooth_perturbed,3,0.007483002097151253,,1,1.213017604111708,,1,1.318330558748211,,1,0.4691454517378741,,1,0.0,,1,0.0,,1,0.9995141190654239,,1,1.0,,1
controlled_smooth_perturbations,smooth_perturbed,4,0.16336563041617966,,1,1.0580883009520972,,1,0.7577942699075169,,1,0.45981463258530586,,1,0.0,,1,0.0,,1,0.9995141190654239,,1,1.0,,1
controlled_smooth_perturbations,smooth_perturbed,5,0.004888440513159399,,1,1.1534725076763956,,1,0.2091209449398863,,1,0.46989647581745064,,1,0.0,,1,0.0,,1,0.9995141190654239,,1,1.0,,1
controlled_smooth_perturbations,smooth_perturbed,6,0.04080003379735912,,1,1.0950237104667127,,1,0.26314890902770305,,1,0.4695971817622639,,1,0.0,,1,0.0,,1,0.9995141190654239,,1,0.0,,1
controlled_smooth_perturbations,smooth_perturbed,7,0.0075378462148567174,,1,1.1098255291757029,,1,0.9562167552729326,,1,0.4886556881829923,,1,0.0,,1,0.0,,1,0.9995141190654239,,1,1.0,,1
controlled_smooth_perturbations,smooth_perturbed,8,0.11820507623427999,,1,1.0736866268114555,,1,1.3129579397364388,,1,0.4705609339989357,,1,0.0,,1,0.0,,1,0.9995141190654239,,1,0.0,,1
controlled_smooth_perturbations,smooth_perturbed,9,0.03039003460567456,,1,1.1429310560024968,,1,1.718850575509915,,1,0.4844652511860309,,1,0.0,,1,0.0,,1,0.9995141190654239,,1,1.0,,1
controlled_smooth_perturbations,smooth_perturbed,10,0.03860299188148186,,1,1.0796797961153095,,1,2.153524959013258,,1,0.4881893173821918,,1,0.0,,1,0.0,,1,0.9995141190654239,,1,1.0,,1
double_wells,double_well,0,0.23274826692496428,,1,1.11532198516912,,1,13.791662373339745,,1,0.6271491524207887,,1,1.0,,1,1.0,,1,0.9992386335340234,,1,0.0,,1
double_wells,double_well,1,0.17159604135221979,,1,1.1841279360286312,,1,14.400567033017651,,1,0.6250953124184878,,1,0.0,,1,0.0,,1,0.9992386335340234,,1,0.0,,1
double_wells,double_well,2,0.002626525683597746,,1,1.2924751346905998,,1,13.70684548334151,,1,0.6285924128697407,,1,0.0,,1,0.0,,1,0.9992386335340234,,1,1.0,,1
double_wells,double_well,3,0.0379514480056919,,1,1.1022934582104986,,1,13.314162009209511,,1,0.6006944929803877,,1,0.0,,1,0.0,,1,0.9992386335340234,,1,1.0,,1
double_wells,double_well,4,0.09748013849711482,,1,1.045045302169299,,1,12.721833449793063,,1,0.5968803248233563,,1,0.0,,1,0.0,,1,0.9992386335340234,,1,1.0,,1
double_wells,double_well,5,0.004820444444691056,,1,1.1400660446149615,,1,11.608359084841561,,1,0.6233070961169941,,1,0.0,,1,0.0,,1,0.9992386335340234,,1,1.0,,1
double_wells,double_well,6,0.043455796987457274,,1,1.0868114815782492,,1,11.933148458481444,,1,0.6201364418629505,,1,0.0,,1,0.0,,1,0.9992386335340234,,1,0.0,,1
double_wells,double_well,7,0.0004896853900833764,,1,1.1071614991887093,,1,10.284813578562193,,1,0.6396739036358213,,1,0.0,,1,0.0,,1,0.9992386335340234,,1,1.0,,1
double_wells,double_well,8,0.038120933290430065,,1,1.0672980754040087,,1,11.609252043567059,,1,0.6086927324247808,,1,0.0,,1,0.0,,1,0.9992386335340234,,1,0.0,,1
double_wells,double_well,9,0.0010650791903592356,,1,1.0798670783183322,,1,10.332764548646042,,1,0.614280685886291,,1,0.0,,1,0.0,,1,0.9992386335340234,,1,1.0,,1
double_wells,double_well,10,0.026045442801730823,,1,1.0566761909559974,,1,9.507335909912008,,1,0.6153430938653718,,1,0.0,,1,0.0,,1,0.9992386335340234,,1,1.0,,1
joint_parameter_extrapolation,double_well,0,0.4022014692020083,,1,1.0033797092061099,,1,18.08580023414924,,1,0.6302861289774866,,1,1.0,,1,1.0,,1,0.9992423097174803,,1,0.0,,1
joint_parameter_extrapolation,double_well,1,0.00400467486800635,,1,1.350010768105093,,1,19.21853577965288,,1,0.6280260223659547,,1,0.0,,1,0.0,,1,0.9992423097174803,,1,0.0,,1
joint_parameter_extrapolation,double_well,2,0.00823191012512572,,1,1.3028430406690201,,1,18.1416391138467,,1,0.6314672241350152,,1,0.0,,1,0.0,,1,0.9992423097174803,,1,1.0,,1
joint_parameter_extrapolation,double_well,3,0.03369583358376134,,1,1.1036851881485428,,1,17.845286108745437,,1,0.6071543888536428,,1,0.0,,1,0.0,,1,0.9992423097174803,,1,1.0,,1
joint_parameter_extrapolation,double_well,4,0.10379420727999963,,1,1.0454118393789682,,1,17.18778757493636,,1,0.5986411481525594,,1,0.0,,1,0.0,,1,0.9992423097174803,,1,1.0,,1
joint_parameter_extrapolation,double_well,5,0.0016957151837469816,,1,1.149711890839683,,1,15.869816482112231,,1,0.6254119572172149,,1,0.0,,1,0.0,,1,0.9992423097174803,,1,1.0,,1
joint_parameter_extrapolation,double_well,6,0.03615786315077483,,1,1.0885308731675765,,1,16.4819999828046,,1,0.6223337458502274,,1,0.0,,1,0.0,,1,0.9992423097174803,,1,0.0,,1
joint_parameter_extrapolation,double_well,7,0.00032749365229999087,,1,1.1036217858369033,,1,14.461219340560973,,1,0.641626489118877,,1,0.0,,1,0.0,,1,0.9992423097174803,,1,1.0,,1
joint_parameter_extrapolation,double_well,8,0.03542783431080368,,1,1.0640860242641546,,1,16.43350104994877,,1,0.6106683957472487,,1,0.0,,1,0.0,,1,0.9992423097174803,,1,0.0,,1
joint_parameter_extrapolation,double_well,9,0.0007867967517306925,,1,1.0769908431746902,,1,14.929258013041554,,1,0.6156047422143436,,1,0.0,,1,0.0,,1,0.9992423097174803,,1,1.0,,1
joint_parameter_extrapolation,double_well,10,0.02465452781897354,,1,1.053336029592388,,1,14.038824578863702,,1,0.6166506172493217,,1,0.0,,1,0.0,,1,0.9992423097174803,,1,1.0,,1
joint_parameter_extrapolation,fourier_random,0,0.2528070421377778,,1,1.1265210973180426,,1,2.5294335723290966,,1,0.4561937920541967,,1,1.0,,1,1.0,,1,0.9994331537835054,,1,0.0,,1
joint_parameter_extrapolation,fourier_random,1,0.009186105666506362,,1,1.3051305892066916,,1,2.173244074045223,,1,0.4506805357737348,,1,0.0,,1,0.0,,1,0.9994331537835054,,1,0.0,,1
joint_parameter_extrapolation,fourier_random,2,0.14182116718889332,,1,1.1217039996567546,,1,1.7146970838423377,,1,0.45856552999888006,,1,0.0,,1,0.0,,1,0.9994331537835054,,1,1.0,,1
joint_parameter_extrapolation,fourier_random,3,0.026285882723284554,,1,1.185782192848339,,1,1.28530812269178,,1,0.4227819424842802,,1,0.0,,1,0.0,,1,0.9994331537835054,,1,1.0,,1
joint_parameter_extrapolation,fourier_random,4,0.08857142256816036,,1,1.1289274106432376,,1,0.8376958075414564,,1,0.449516549104472,,1,0.0,,1,0.0,,1,0.9994331537835054,,1,1.0,,1
joint_parameter_extrapolation,fourier_random,5,0.000702991895050034,,1,1.2087309602457816,,1,0.33866776021454914,,1,0.4496439986499422,,1,0.0,,1,0.0,,1,0.9994331537835054,,1,1.0,,1
joint_parameter_extrapolation,fourier_random,6,0.06886887765110962,,1,1.1108402642578914,,1,0.010990841255449801,,1,0.45850308987289845,,1,0.0,,1,0.0,,1,0.9994331537835054,,1,0.0,,1
joint_parameter_extrapolation,fourier_random,7,1.3737177820196836e-05,,1,1.1579588183353944,,1,0.5714517738112148,,1,0.4821469207899139,,1,0.0,,1,0.0,,1,0.9994331537835054,,1,1.0,,1
joint_parameter_extrapolation,fourier_random,8,0.060226480745434595,,1,1.0904122889516519,,1,0.8133289760842031,,1,0.4539913124056173,,1,0.0,,1,0.0,,1,0.9994331537835054,,1,0.0,,1
joint_parameter_extrapolation,fourier_random,9,4.450635629556358e-05,,1,1.1317452774258738,,1,1.3372272038283324,,1,0.46771600768481597,,1,0.0,,1,0.0,,1,0.9994331537835054,,1,1.0,,1
joint_parameter_extrapolation,fourier_random,10,0.053582456255264935,,1,1.0784694227434568,,1,1.8137714185488747,,1,0.4783704695360158,,1,0.0,,1,0.0,,1,0.9994331537835054,,1,1.0,,1
localized_defects,localized_defect,0,0.1379602050763976,,1,1.2196710378252265,,1,3.037172968051139,,1,0.47307985132429375,,1,1.0,,1,1.0,,1,0.9995864554522998,,1,0.0,,1
localized_defects,localized_defect,1,0.05211952531304134,,1,1.3420157876892367,,1,1.983142727437889,,1,0.4669092849443712,,1,0.0,,1,0.0,,1,0.9995864554522998,,1,0.0,,1
localized_defects,localized_defect,2,0.11343655435900979,,1,1.2285876210111264,,1,1.424414957291715,,1,0.4755967056221238,,1,0.0,,1,0.0,,1,0.9995864554522998,,1,1.0,,1
localized_defects,localized_defect,3,0.07760248421368121,,1,1.2147228138507038,,1,1.0822457139050283,,1,0.4563681369141727,,1,0.0,,1,0.0,,1,0.9995864554522998,,1,1.0,,1
localized_defects,localized_defect,4,0.14728528166220514,,1,1.1106038878270983,,1,0.6170196393462213,,1,0.4712073074734572,,1,0.0,,1,0.0,,1,0.9995864554522998,,1,1.0,,1
localized_defects,localized_defect,5,0.01443175312011266,,1,1.211069874074214,,1,0.12936323509732706,,1,0.4764486230988049,,1,0.0,,1,0.0,,1,0.9995864554522998,,1,1.0,,1
localized_defects,localized_defect,6,0.0792635271933543,,1,1.139206049236857,,1,0.1956444161991433,,1,0.48018850143270464,,1,0.0,,1,0.0,,1,0.9995864554522998,,1,0.0,,1
localized_defects,localized_defect,7,0.0010711646873889538,,1,1.1867186783486825,,1,0.7491176321209307,,1,0.5045099358923711,,1,0.0,,1,0.0,,1,0.9995864554522998,,1,1.0,,1
localized_defects,localized_defect,8,0.06306714010291885,,1,1.1449693919855337,,1,0.9850149810464455,,1,0.47997092733716146,,1,0.0,,1,0.0,,1,0.9995864554522998,,1,0.0,,1
localized_defects,localized_defect,9,0.0002501476889428239,,1,1.1661331839067113,,1,1.5067968355925068,,1,0.4960319513520386,,1,0.0,,1,0.0,,1,0.9995864554522998,,1,1.0,,1
localized_defects,localized_defect,10,0.04199735419140665,,1,1.1268884784104367,,1,1.9504984750241734,,1,0.5071201203266378,,1,0.0,,1,0.0,,1,0.9995864554522998,,1,1.0,,1
multiple_barriers,multiple_barriers,0,0.2008423809942382,,1,1.1384399054119516,,1,1.5885968615932495,,1,0.32712400625627003,,1,1.0,,1,1.0,,1,0.9994765082396477,,1,0.0,,1
multiple_barriers,multiple_barriers,1,0.25208698597634455,,1,1.098809427230872,,1,1.3110788632539125,,1,0.3264044075778664,,1,0.0,,1,0.0,,1,0.9994765082396477,,1,0.0,,1
multiple_barriers,multiple_barriers,2,0.011620655666777979,,1,1.2589249770193434,,1,0.8288462341268032,,1,0.3308863547198928,,1,0.0,,1,0.0,,1,0.9994765082396477,,1,1.0,,1
multiple_barriers,multiple_barriers,3,0.043985267794487845,,1,1.1923720977543295,,1,0.5290286249775611,,1,0.3016774882388588,,1,0.0,,1,0.0,,1,0.9994765082396477,,1,1.0,,1
multiple_barriers,multiple_barriers,4,0.09300161510035422,,1,1.2021055117669428,,1,0.35297317287173513,,1,0.317191797424209,,1,0.0,,1,0.0,,1,0.9994765082396477,,1,1.0,,1
multiple_barriers,multiple_barriers,5,0.0090065275703208,,1,1.2479031177856348,,1,0.041005652164881834,,1,0.32310459512781586,,1,0.0,,1,0.0,,1,0.9994765082396477,,1,1.0,,1
multiple_barriers,multiple_barriers,6,0.034484850405489625,,1,1.1492675262066774,,1,0.3120624117372448,,1,0.32999897559764424,,1,0.0,,1,0.0,,1,0.9994765082396477,,1,0.0,,1
multiple_barriers,multiple_barriers,7,0.0001910035007710501,,1,1.1763333439087063,,1,0.7375976051886481,,1,0.3476651322518298,,1,0.0,,1,0.0,,1,0.9994765082396477,,1,1.0,,1
multiple_barriers,multiple_barriers,8,0.039008544169907004,,1,1.1246810680659018,,1,0.9590197681931887,,1,0.32927039226415084,,1,0.0,,1,0.0,,1,0.9994765082396477,,1,0.0,,1
multiple_barriers,multiple_barriers,9,4.930039339626281e-06,,1,1.15339199694086,,1,1.3993748221741527,,1,0.3408059620223997,,1,0.0,,1,0.0,,1,0.9994765082396477,,1,1.0,,1
multiple_barriers,multiple_barriers,10,0.04455425189156311,,1,1.0984691342058004,,1,1.8127426373070037,,1,0.3476151017736728,,1,0.0,,1,0.0,,1,0.9994765082396477,,1,1.0,,1
multiwell_potentials,multiwell,0,0.2504138445880745,,1,1.128227212272345,,1,2.2757616332951285,,1,0.325217249029138,,1,1.0,,1,1.0,,1,0.9994420049888514,,1,0.0,,1
multiwell_potentials,multiwell,1,0.02516549862788581,,1,1.271356532624191,,1,1.9027747824199117,,1,0.32146829530914506,,1,0.0,,1,0.0,,1,0.9994420049888514,,1,0.0,,1
multiwell_potentials,multiwell,2,0.14012980036218847,,1,1.1165033712627286,,1,1.443071433112575,,1,0.3265912415703561,,1,0.0,,1,0.0,,1,0.9994420049888514,,1,1.0,,1
multiwell_potentials,multiwell,3,0.012185816890404242,,1,1.2216802783149576,,1,1.0065205151942136,,1,0.3045416866953098,,1,0.0,,1,0.0,,1,0.9994420049888514,,1,1.0,,1
multiwell_potentials,multiwell,4,0.08296794183124934,,1,1.142223202679371,,1,0.5639752653192112,,1,0.3201660858548299,,1,0.0,,1,0.0,,1,0.9994420049888514,,1,1.0,,1
multiwell_potentials,multiwell,5,0.0015849291330698313,,1,1.2080265846335767,,1,0.08077980841358023,,1,0.31876770730447845,,1,0.0,,1,0.0,,1,0.9994420049888514,,1,1.0,,1
multiwell_potentials,multiwell,6,0.06802635894589303,,1,1.1124357951472603,,1,0.28614705270848795,,1,0.32726738562798285,,1,0.0,,1,0.0,,1,0.9994420049888514,,1,0.0,,1
multiwell_potentials,multiwell,7,0.00169205958508652,,1,1.149331017027228,,1,0.8214913505201284,,1,0.34335052385866927,,1,0.0,,1,0.0,,1,0.9994420049888514,,1,1.0,,1
multiwell_potentials,multiwell,8,0.05953570098917693,,1,1.0914500109554692,,1,1.1034725851523177,,1,0.32525930862221236,,1,0.0,,1,0.0,,1,0.9994420049888514,,1,0.0,,1
multiwell_potentials,multiwell,9,0.0008885067394525682,,1,1.1246971197524012,,1,1.6142459860271838,,1,0.33556196954035294,,1,0.0,,1,0.0,,1,0.9994420049888514,,1,1.0,,1
multiwell_potentials,multiwell,10,0.059171299228083986,,1,1.0729455987648102,,1,2.0889261692328436,,1,0.34240858399109186,,1,0.0,,1,0.0,,1,0.9994420049888514,,1,1.0,,1
near_continuum_states,morse,0,0.07027359800330113,,1,1.1484409544269267,,1,27.734722508035798,,1,0.7949767637832942,,1,1.0,,1,1.0,,1,0.9991300936715601,,1,0.0,,1
near_continuum_states,morse,1,0.0016989112646598403,,1,1.1263718738359154,,1,28.76886498893777,,1,0.7956809400894,,1,0.0,,1,0.0,,1,0.9991300936715601,,1,0.0,,1
near_continuum_states,morse,2,0.03110917940615515,,1,1.067566630297812,,1,23.790575508998124,,1,0.8177148853559356,,1,0.0,,1,0.0,,1,0.9991300936715601,,1,1.0,,1
near_continuum_states,morse,3,0.003892751993738199,,1,1.0652332348071964,,1,21.19338872557004,,1,0.633479762389116,,1,0.0,,1,0.0,,1,0.9991300936715601,,1,1.0,,1
near_continuum_states,morse,4,0.03493008632653553,,1,1.0374950169683108,,1,18.85370029798868,,1,0.6565465143063636,,1,0.0,,1,0.0,,1,0.9991300936715601,,1,1.0,,1
near_continuum_states,morse,5,0.004514832326433372,,1,1.0441998863712985,,1,12.027831121975733,,1,0.7480541871619529,,1,0.0,,1,0.0,,1,0.9991300936715601,,1,1.0,,1
near_continuum_states,morse,6,0.023689186562141192,,1,1.0332130417597047,,1,16.972484051485782,,1,0.77796548683149,,1,0.0,,1,0.0,,1,0.9991300936715601,,1,0.0,,1
near_continuum_states,morse,7,0.001918226116329958,,1,1.0363999905302546,,1,8.315183455277928,,1,0.8337849587268767,,1,0.0,,1,0.0,,1,0.9991300936715601,,1,1.0,,1
near_continuum_states,morse,8,0.022977703719563158,,1,1.0276132815743244,,1,18.51067325517858,,1,0.7326658530497601,,1,0.0,,1,0.0,,1,0.9991300936715601,,1,0.0,,1
near_continuum_states,morse,9,0.0025976316084306357,,1,1.0301186791275574,,1,12.783625924056377,,1,0.7303735113648414,,1,0.0,,1,0.0,,1,0.9991300936715601,,1,1.0,,1
near_continuum_states,morse,10,0.02007820734739498,,1,1.0231149400951485,,1,10.952725843771415,,1,0.7624908714946829,,1,0.0,,1,0.0,,1,0.9991300936715601,,1,0.0,,1
nonuniform_resolution,harmonic,0,0.22222660845916273,,1,1.2483044239198025,,1,7.318528498351288,,1,0.44702024471595625,,1,1.0,,1,1.0,,1,0.999485371162179,,1,0.0,,1
nonuniform_resolution,harmonic,1,0.0004998420742929046,,1,1.3426238523203715,,1,6.507100939349739,,1,0.44288760070705796,,1,0.0,,1,0.0,,1,0.999485371162179,,1,0.0,,1
nonuniform_resolution,harmonic,2,0.10067259817923357,,1,1.1844466451733597,,1,5.430448995194422,,1,0.44914381414480875,,1,0.0,,1,0.0,,1,0.999485371162179,,1,1.0,,1
nonuniform_resolution,harmonic,3,0.03376800348606458,,1,1.1185796155071908,,1,4.433696640077542,,1,0.41889690892439563,,1,0.0,,1,0.0,,1,0.999485371162179,,1,1.0,,1
nonuniform_resolution,harmonic,4,0.11986233646416869,,1,1.0649091608852757,,1,3.403565214369732,,1,0.43875436493630254,,1,0.0,,1,0.0,,1,0.999485371162179,,1,1.0,,1
nonuniform_resolution,harmonic,5,0.010416028565606231,,1,1.1192296245361004,,1,2.2289103814202145,,1,0.44216109860376845,,1,0.0,,1,0.0,,1,0.999485371162179,,1,1.0,,1
nonuniform_resolution,harmonic,6,0.0887352316228988,,1,1.07365137124969,,1,1.4639668518535585,,1,0.4476434875394105,,1,0.0,,1,0.0,,1,0.999485371162179,,1,0.0,,1
nonuniform_resolution,harmonic,7,0.0005627172327986082,,1,1.1046541870226279,,1,0.14705537287207182,,1,0.4660211494945325,,1,0.0,,1,0.0,,1,0.999485371162179,,1,1.0,,1
nonuniform_resolution,harmonic,8,0.06448654784151078,,1,1.0735511712095072,,1,0.34374681960419196,,1,0.44340217866752335,,1,0.0,,1,0.0,,1,0.999485371162179,,1,0.0,,1
nonuniform_resolution,harmonic,9,0.0007751982811250633,,1,1.088868343043326,,1,1.5591988353950406,,1,0.4528910419013434,,1,0.0,,1,0.0,,1,0.999485371162179,,1,1.0,,1
nonuniform_resolution,harmonic,10,0.04218958695996043,,1,1.0693467389998417,,1,2.6433257946478683,,1,0.4603043016057248,,1,0.0,,1,0.0,,1,0.999485371162179,,1,1.0,,1
random_smooth_potentials,fourier_random,0,0.16387057635526603,,1,1.1665420992295097,,1,2.5922843604524113,,1,0.4328698024748278,,1,1.0,,1,1.0,,1,0.9995158498481119,,1,0.0,,1
random_smooth_potentials,fourier_random,1,0.0005551386122329905,,1,1.2567517462064908,,1,1.683152478697553,,1,0.4167724803704304,,1,0.0,,1,0.0,,1,0.9995158498481119,,1,0.0,,1
random_smooth_potentials,fourier_random,2,0.12313208912439508,,1,1.1043247810655505,,1,0.8227338858100857,,1,0.4311948116712034,,1,0.0,,1,0.0,,1,0.9995158498481119,,1,1.0,,1
random_smooth_potentials,fourier_random,3,0.001499333683022754,,1,1.2087743268754634,,1,0.1574513465208942,,1,0.39013233987306595,,1,0.0,,1,0.0,,1,0.9995158498481119,,1,1.0,,1
random_smooth_potentials,fourier_random,4,0.18482806797062848,,1,1.0790029274424435,,1,0.2361683511563566,,1,0.42995400558358937,,1,0.0,,1,0.0,,1,0.9995158498481119,,1,1.0,,1
random_smooth_potentials,fourier_random,5,0.1260588905072551,,1,1.1788696884399394,,1,0.5715002689501216,,1,0.41885736873785007,,1,0.0,,1,0.0,,1,0.9995158498481119,,1,1.0,,1
random_smooth_potentials,fourier_random,6,0.05512075871359791,,1,1.1444810663729363,,1,0.7236732894842639,,1,0.43340365789583307,,1,0.0,,1,0.0,,1,0.9995158498481119,,1,0.0,,1
random_smooth_potentials,fourier_random,7,0.0882585827644019,,1,1.1358466284681454,,1,1.1456674655374592,,1,0.4646961044585806,,1,0.0,,1,0.0,,1,0.9995158498481119,,1,1.0,,1
random_smooth_potentials,fourier_random,8,0.02335683326571295,,1,1.188647625053231,,1,1.1880520961052983,,1,0.43285441625487636,,1,0.0,,1,0.0,,1,0.9995158498481119,,1,0.0,,1
random_smooth_potentials,fourier_random,9,0.0015784020227710056,,1,1.1488147827525448,,1,1.5622081852860972,,1,0.4514692639722153,,1,0.0,,1,0.0,,1,0.9995158498481119,,1,1.0,,1
random_smooth_potentials,fourier_random,10,0.00874492328167043,,1,1.1227267543473312,,1,1.9238603773857212,,1,0.47446032996009224,,1,0.0,,1,0.0,,1,0.9995158498481119,,1,1.0,,1
random_smooth_potentials,gaussian_random_field,0,0.22097137015878487,,1,1.1318995142607762,,1,2.5890686016617246,,1,0.47761096190010205,,1,1.0,,1,1.0,,1,0.9995951904455145,,1,0.0,,1
random_smooth_potentials,gaussian_random_field,1,0.11069031626351863,,1,1.2201587395875846,,1,2.3388382910465864,,1,0.47196908096063067,,1,0.0,,1,0.0,,1,0.9995951904455145,,1,0.0,,1
random_smooth_potentials,gaussian_random_field,2,0.01505733266294533,,1,1.243726278295279,,1,1.9174324643046243,,1,0.479817790472707,,1,0.0,,1,0.0,,1,0.9995951904455145,,1,1.0,,1
random_smooth_potentials,gaussian_random_field,3,0.00042276823430624895,,1,1.2872523842585741,,1,1.471947399586767,,1,0.444473237374259,,1,0.0,,1,0.0,,1,0.9995951904455145,,1,1.0,,1
random_smooth_potentials,gaussian_random_field,4,0.07158738539946875,,1,1.1324508523431156,,1,1.0063210179022581,,1,0.46902225848566936,,1,0.0,,1,0.0,,1,0.9995951904455145,,1,1.0,,1
random_smooth_potentials,gaussian_random_field,5,0.014332029350437564,,1,1.1373305043045037,,1,0.45252279599609224,,1,0.4771378535120547,,1,0.0,,1,0.0,,1,0.9995951904455145,,1,1.0,,1
random_smooth_potentials,gaussian_random_field,6,0.08416054888485443,,1,1.0896639912301396,,1,0.05068078545234389,,1,0.48303134109221424,,1,0.0,,1,0.0,,1,0.9995951904455145,,1,0.0,,1
random_smooth_potentials,gaussian_random_field,7,0.007410491864840697,,1,1.1188485195862246,,1,0.5558568107162585,,1,0.5060669031238973,,1,0.0,,1,0.0,,1,0.9995951904455145,,1,1.0,,1
random_smooth_potentials,gaussian_random_field,8,0.08459733273544075,,1,1.0749166168005597,,1,0.8435298742069892,,1,0.48134171389582286,,1,0.0,,1,0.0,,1,0.9995951904455145,,1,0.0,,1
random_smooth_potentials,gaussian_random_field,9,0.0039711154653116415,,1,1.1081101158938749,,1,1.3944605562785841,,1,0.4948108961606231,,1,0.0,,1,0.0,,1,0.9995951904455145,,1,1.0,,1
random_smooth_potentials,gaussian_random_field,10,0.06509875272780012,,1,1.0719911501122532,,1,1.8916678587255902,,1,0.5057399347922241,,1,0.0,,1,0.0,,1,0.9995951904455145,,1,1.0,,1
seen_basis_reparameterization,rosen_morse_ii,0,0.06927207888197207,,1,1.173582524663487,,1,5.888769907008457,,1,0.5482299970736475,,1,1.0,,1,1.0,,1,0.9994798317067394,,1,0.0,,1
seen_basis_reparameterization,rosen_morse_ii,1,2.5683912611772463e-05,,1,1.2130471266664309,,1,5.005709634904843,,1,0.5557877863047181,,1,0.0,,1,0.0,,1,0.9994798317067394,,1,0.0,,1
seen_basis_reparameterization,rosen_morse_ii,2,0.03256943457842498,,1,1.1136541724200748,,1,4.139386923977901,,1,0.5527330438498176,,1,0.0,,1,0.0,,1,0.9994798317067394,,1,1.0,,1
seen_basis_reparameterization,rosen_morse_ii,3,0.0008484288158675742,,1,1.135209987976514,,1,3.3478485354760785,,1,0.5446392769498526,,1,0.0,,1,0.0,,1,0.9994798317067394,,1,1.0,,1
seen_basis_reparameterization,rosen_morse_ii,4,0.038508456928159795,,1,1.0807979528586784,,1,2.6151965955189764,,1,0.5467234298058106,,1,0.0,,1,0.0,,1,0.9994798317067394,,1,1.0,,1
seen_basis_reparameterization,rosen_morse_ii,5,0.0003112512237416611,,1,1.1127337954866652,,1,1.9007378842947729,,1,0.5537613112654888,,1,0.0,,1,0.0,,1,0.9994798317067394,,1,1.0,,1
seen_basis_reparameterization,rosen_morse_ii,6,0.025341817750007968,,1,1.0788789368926492,,1,1.338917395525514,,1,0.5522141335699962,,1,0.0,,1,0.0,,1,0.9994798317067394,,1,0.0,,1
seen_basis_reparameterization,rosen_morse_ii,7,2.0680750189050507e-05,,1,1.1047465354429715,,1,0.7194929386125546,,1,0.5447725602458848,,1,0.0,,1,0.0,,1,0.9994798317067394,,1,1.0,,1
seen_basis_reparameterization,rosen_morse_ii,8,0.02900176721274372,,1,1.0743833571578496,,1,0.3128500196680992,,1,0.5540744674656847,,1,0.0,,1,0.0,,1,0.9994798317067394,,1,0.0,,1
seen_basis_reparameterization,rosen_morse_ii,9,1.598859927916532e-05,,1,1.1049558158967319,,1,0.17217844615521827,,1,0.5496394193128213,,1,0.0,,1,0.0,,1,0.9994798317067394,,1,1.0,,1
seen_basis_reparameterization,rosen_morse_ii,10,0.03720119115175157,,1,1.0721993062602813,,1,0.5686674377455141,,1,0.5485385576741382,,1,0.0,,1,0.0,,1,0.9994798317067394,,1,1.0,,1
single_parameter_extrapolation,harmonic,0,0.22231295416884056,,1,1.2331993478782697,,1,10.385543628213375,,1,0.4436065037259941,,1,1.0,,1,1.0,,1,0.9994732560538206,,1,0.0,,1
single_parameter_extrapolation,harmonic,1,0.000495007593537336,,1,1.2950685071095782,,1,9.247023301943141,,1,0.4387771340757201,,1,0.0,,1,0.0,,1,0.9994732560538206,,1,0.0,,1
single_parameter_extrapolation,harmonic,2,0.10083163418719746,,1,1.1570261200613272,,1,7.7198358847645645,,1,0.44525557398107507,,1,0.0,,1,0.0,,1,0.9994732560538206,,1,1.0,,1
single_parameter_extrapolation,harmonic,3,0.03425637715313829,,1,1.0795207831641773,,1,6.3095830267341775,,1,0.4134921276223867,,1,0.0,,1,0.0,,1,0.9994732560538206,,1,1.0,,1
single_parameter_extrapolation,harmonic,4,0.11958585860649437,,1,1.0441603056990694,,1,4.837584074831031,,1,0.43537995995783396,,1,0.0,,1,0.0,,1,0.9994732560538206,,1,1.0,,1
single_parameter_extrapolation,harmonic,5,0.010536142807489077,,1,1.0895334853477314,,1,3.1802950564418486,,1,0.4374245817628764,,1,0.0,,1,0.0,,1,0.9994732560538206,,1,1.0,,1
single_parameter_extrapolation,harmonic,6,0.08887516365766793,,1,1.054253463130891,,1,2.0855747392536266,,1,0.44353252631036955,,1,0.0,,1,0.0,,1,0.9994732560538206,,1,0.0,,1
single_parameter_extrapolation,harmonic,7,0.0005573305274358336,,1,1.080058846628916,,1,0.2167119597847602,,1,0.46189707778907324,,1,0.0,,1,0.0,,1,0.9994732560538206,,1,1.0,,1
single_parameter_extrapolation,harmonic,8,0.06445498511355463,,1,1.0564181072208545,,1,0.47680201484531004,,1,0.4390199038957903,,1,0.0,,1,0.0,,1,0.9994732560538206,,1,0.0,,1
single_parameter_extrapolation,harmonic,9,0.0007892896192913463,,1,1.0682455597853862,,1,2.1986798818389506,,1,0.44826468356586674,,1,0.0,,1,0.0,,1,0.9994732560538206,,1,1.0,,1
single_parameter_extrapolation,harmonic,10,0.042189891598622895,,1,1.054581274122778,,1,3.742167190642693,,1,0.45622747306488765,,1,0.0,,1,0.0,,1,0.9994732560538206,,1,1.0,,1
single_parameter_extrapolation,morse,0,0.06864967913630808,,1,1.1464960606350116,,1,24.23661199908749,,1,0.8456352199849186,,1,1.0,,1,1.0,,1,0.9991324746759442,,1,0.0,,1
single_parameter_extrapolation,morse,1,0.001684957567321906,,1,1.1224625225178915,,1,25.982906080921087,,1,0.8414000411451052,,1,0.0,,1,0.0,,1,0.9991324746759442,,1,0.0,,1
single_parameter_extrapolation,morse,2,0.030289142707824936,,1,1.0655407895041482,,1,20.23348191885387,,1,0.8632899810964919,,1,0.0,,1,0.0,,1,0.9991324746759442,,1,1.0,,1
single_parameter_extrapolation,morse,3,0.003907542153941127,,1,1.0635778885858986,,1,17.432943957625064,,1,0.7179079771514517,,1,0.0,,1,0.0,,1,0.9991324746759442,,1,1.0,,1
single_parameter_extrapolation,morse,4,0.03404012672747345,,1,1.0365288506426624,,1,14.94923619394853,,1,0.7262234946413102,,1,0.0,,1,0.0,,1,0.9991324746759442,,1,1.0,,1
single_parameter_extrapolation,morse,5,0.004606343741814894,,1,1.0427614129854417,,1,6.88537354608364,,1,0.8202096347943522,,1,0.0,,1,0.0,,1,0.9991324746759442,,1,1.0,,1
single_parameter_extrapolation,morse,6,0.023158666697811702,,1,1.0322094639520327,,1,13.429955344297927,,1,0.8283175641386877,,1,0.0,,1,0.0,,1,0.9991324746759442,,1,0.0,,1
single_parameter_extrapolation,morse,7,0.0020108044419566025,,1,1.035123691441961,,1,3.0888376511976325,,1,0.8845409172819381,,1,0.0,,1,0.0,,1,0.9991324746759442,,1,1.0,,1
single_parameter_extrapolation,morse,8,0.022532743446806353,,1,1.0268229907981101,,1,16.140253382866295,,1,0.7815673597087489,,1,0.0,,1,0.0,,1,0.9991324746759442,,1,0.0,,1
single_parameter_extrapolation,morse,9,0.0027537394647925402,,1,1.029145711986596,,1,9.412999142547289,,1,0.784151862947471,,1,0.0,,1,0.0,,1,0.9991324746759442,,1,1.0,,1
single_parameter_extrapolation,morse,10,0.01971611330908961,,1,1.0224840125282588,,1,7.534852157977198,,1,0.8122272882946953,,1,0.0,,1,0.0,,1,0.9991324746759442,,1,0.0,,1
unseen_analytical_functional_forms,cosh_well,0,0.22800593088560167,,1,1.1943826949743184,,1,5.246089466694154,,1,0.5562447720979958,,1,1.0,,1,1.0,,1,0.9994521286073521,,1,0.0,,1
unseen_analytical_functional_forms,cosh_well,1,0.0003876923464506191,,1,1.4048676237840827,,1,4.994973185829871,,1,0.5575761117093112,,1,0.0,,1,0.0,,1,0.9994521286073521,,1,0.0,,1
unseen_analytical_functional_forms,cosh_well,2,0.09682875068574098,,1,1.216411552738683,,1,4.472027305335561,,1,0.5616840884048396,,1,0.0,,1,0.0,,1,0.9994521286073521,,1,1.0,,1
unseen_analytical_functional_forms,cosh_well,3,0.03145775803641894,,1,1.1745494359266309,,1,4.016364559315791,,1,0.5322957669040996,,1,0.0,,1,0.0,,1,0.9994521286073521,,1,1.0,,1
unseen_analytical_functional_forms,cosh_well,4,0.11726248046628754,,1,1.0923417014859549,,1,3.5717084004799617,,1,0.5362975375423118,,1,0.0,,1,0.0,,1,0.9994521286073521,,1,1.0,,1
unseen_analytical_functional_forms,cosh_well,5,0.009537955976131086,,1,1.171740995964361,,1,2.909155602349381,,1,0.5592402152465739,,1,0.0,,1,0.0,,1,0.9994521286073521,,1,1.0,,1
unseen_analytical_functional_forms,cosh_well,6,0.0802896842302406,,1,1.1067619404780547,,1,2.7256948044583833,,1,0.5567664366729302,,1,0.0,,1,0.0,,1,0.9994521286073521,,1,0.0,,1
unseen_analytical_functional_forms,cosh_well,7,0.0006134268431802758,,1,1.1527734180064284,,1,1.9489367871738983,,1,0.5759310740711573,,1,0.0,,1,0.0,,1,0.9994521286073521,,1,1.0,,1
unseen_analytical_functional_forms,cosh_well,8,0.06026946313679131,,1,1.098333229082879,,1,2.000368989317119,,1,0.549582402771831,,1,0.0,,1,0.0,,1,0.9994521286073521,,1,0.0,,1
unseen_analytical_functional_forms,cosh_well,9,0.000994152046896607,,1,1.1250921565572967,,1,1.3149641273096755,,1,0.5583015227413459,,1,0.0,,1,0.0,,1,0.9994521286073521,,1,1.0,,1
unseen_analytical_functional_forms,cosh_well,10,0.03796075064550013,,1,1.0907374518447628,,1,0.7841767531816473,,1,0.5598944561745781,,1,0.0,,1,0.0,,1,0.9994521286073521,,1,1.0,,1
unseen_analytical_functional_forms,eckart,0,0.003299647156314634,,1,1.010345491893116,,1,5448.834685799928,,1,0.8987189008199763,,1,1.0,,1,1.0,,1,0.9997145956286089,,1,0.0,,1
unseen_analytical_functional_forms,eckart,1,0.002003376873487337,,1,1.0515832284149338,,1,202.51431767239947,,1,0.8327463525190688,,1,0.0,,1,0.0,,1,0.9997145956286089,,1,0.0,,1
unseen_analytical_functional_forms,eckart,2,0.003585564598562225,,1,1.053988738723607,,1,68.45309336244675,,1,0.966887502512556,,1,0.0,,1,0.0,,1,0.9997145956286089,,1,0.0,,1
unseen_analytical_functional_forms,eckart,3,0.0033652045733230584,,1,1.037093348762843,,1,2324.6167177232164,,1,0.9685476485778856,,1,0.0,,1,0.0,,1,0.9997145956286089,,1,1.0,,1
unseen_analytical_functional_forms,eckart,4,0.005715453023020385,,1,1.0610920469990344,,1,3143.1344873949697,,1,0.7960020716894258,,1,0.0,,1,0.0,,1,0.9997145956286089,,1,1.0,,1
unseen_analytical_functional_forms,eckart,5,0.005207613597029368,,1,1.0850277470961087,,1,818.5600093057145,,1,0.7097274882121913,,1,0.0,,1,0.0,,1,0.9997145956286089,,1,0.0,,1
unseen_analytical_functional_forms,eckart,6,0.006627051443978368,,1,1.185691035886126,,1,3226.3942118528516,,1,0.7547814193514462,,1,0.0,,1,0.0,,1,0.9997145956286089,,1,1.0,,1
unseen_analytical_functional_forms,eckart,7,0.008076458861255319,,1,1.0908653668270634,,1,3063.125559562822,,1,0.8323582033515649,,1,0.0,,1,0.0,,1,0.9997145956286089,,1,0.0,,1
unseen_analytical_functional_forms,eckart,8,0.007450199362798155,,1,1.0902335379623238,,1,383.2991183945485,,1,0.7375102621853719,,1,0.0,,1,0.0,,1,0.9997145956286089,,1,0.0,,1
unseen_analytical_functional_forms,eckart,9,0.01068689479508776,,1,1.4887919711362907,,1,2228.097697239211,,1,0.7073035491263026,,1,0.0,,1,0.0,,1,0.9997145956286089,,1,0.0,,1
unseen_analytical_functional_forms,eckart,10,0.013698785078198857,,1,1.0834006088532677,,1,1079.733706388492,,1,0.7721124872502314,,1,0.0,,1,0.0,,1,0.9997145956286089,,1,1.0,,1
unseen_analytical_functional_forms,scarf_ii,0,0.07135855863544285,,1,1.1756556217933383,,1,4.941573762244343,,1,0.5497896195038093,,1,1.0,,1,1.0,,1,0.9995290543557418,,1,0.0,,1
unseen_analytical_functional_forms,scarf_ii,1,5.012709265525318e-05,,1,1.2225248342266075,,1,4.132860975783222,,1,0.5583334928171827,,1,0.0,,1,0.0,,1,0.9995290543557418,,1,0.0,,1
unseen_analytical_functional_forms,scarf_ii,2,0.03404493981286143,,1,1.1195584706526085,,1,3.3469174862314475,,1,0.5543502031703533,,1,0.0,,1,0.0,,1,0.9995290543557418,,1,1.0,,1
unseen_analytical_functional_forms,scarf_ii,3,0.0011948451667558718,,1,1.1440493562868803,,1,2.6328194031086163,,1,0.5508381507819649,,1,0.0,,1,0.0,,1,0.9995290543557418,,1,1.0,,1
unseen_analytical_functional_forms,scarf_ii,4,0.03968531912945182,,1,1.087146851394588,,1,1.9773021964220083,,1,0.5492851791552528,,1,0.0,,1,0.0,,1,0.9995290543557418,,1,1.0,,1
unseen_analytical_functional_forms,scarf_ii,5,0.0004650085511614045,,1,1.1227209687988675,,1,1.3458315063797102,,1,0.5576905643987973,,1,0.0,,1,0.0,,1,0.9995290543557418,,1,1.0,,1
unseen_analytical_functional_forms,scarf_ii,6,0.027500987266379617,,1,1.0860797135800875,,1,0.8521725069845321,,1,0.5546531589794371,,1,0.0,,1,0.0,,1,0.9995290543557418,,1,0.0,,1
unseen_analytical_functional_forms,scarf_ii,7,0.00010489578122806864,,1,1.1162732458655922,,1,0.3184554033438367,,1,0.5461599330465778,,1,0.0,,1,0.0,,1,0.9995290543557418,,1,1.0,,1
unseen_analytical_functional_forms,scarf_ii,8,0.032658878478594895,,1,1.082668192114135,,1,0.02602902392150863,,1,0.556792995371614,,1,0.0,,1,0.0,,1,0.9995290543557418,,1,0.0,,1
unseen_analytical_functional_forms,scarf_ii,9,4.600032774573775e-05,,1,1.1207667843770017,,1,0.42865974371186066,,1,0.5521609186582034,,1,0.0,,1,0.0,,1,0.9995290543557418,,1,1.0,,1
unseen_analytical_functional_forms,scarf_ii,10,0.04458291533375032,,1,1.081977658343254,,1,0.7475898674298804,,1,0.5500014516920702,,1,0.0,,1,0.0,,1,0.9995290543557418,,1,1.0,,1
valid_spatial_reflection,morse,0,0.09527328051765292,,1,1.1259849121596195,,1,27.71148909433951,,1,0.8224642633914477,,1,1.0,,1,1.0,,1,0.9991815929531987,,1,0.0,,1
valid_spatial_reflection,morse,1,0.0026340615695570556,,1,1.1225161463179023,,1,28.710416197433865,,1,0.8359286430632806,,1,0.0,,1,0.0,,1,0.9991815929531987,,1,0.0,,1
valid_spatial_reflection,morse,2,0.04286191063618437,,1,1.0620181439287,,1,23.7478146599991,,1,0.8438207279195873,,1,0.0,,1,0.0,,1,0.9991815929531987,,1,1.0,,1
valid_spatial_reflection,morse,3,0.011112643929077631,,1,1.051640078214637,,1,21.20188024168332,,1,0.6702796337929866,,1,0.0,,1,0.0,,1,0.9991815929531987,,1,1.0,,1
valid_spatial_reflection,morse,4,0.05896188895460577,,1,1.029509526773894,,1,18.87247242323282,,1,0.7561082827501315,,1,0.0,,1,0.0,,1,0.9991815929531987,,1,1.0,,1
valid_spatial_reflection,morse,5,0.009653484707354467,,1,1.0386959252627106,,1,12.059908911282374,,1,0.8412884297481461,,1,0.0,,1,0.0,,1,0.9991815929531987,,1,1.0,,1
valid_spatial_reflection,morse,6,0.03784046797326231,,1,1.028929390737312,,1,16.985873638888126,,1,0.8320554882826614,,1,0.0,,1,0.0,,1,0.9991815929531987,,1,0.0,,1
valid_spatial_reflection,morse,7,0.0032869451042572377,,1,1.0349826694888984,,1,8.308839613725194,,1,0.8542147386709764,,1,0.0,,1,0.0,,1,0.9991815929531987,,1,1.0,,1
valid_spatial_reflection,morse,8,0.03997265903094128,,1,1.0229032353194452,,1,18.5242764656278,,1,0.8073582679347289,,1,0.0,,1,0.0,,1,0.9991815929531987,,1,0.0,,1
valid_spatial_reflection,morse,9,0.006370381678560765,,1,1.027211763968131,,1,12.76399549192747,,1,0.8144366610079492,,1,0.0,,1,0.0,,1,0.9991815929531987,,1,1.0,,1
valid_spatial_reflection,morse,10,0.03150471906368933,,1,1.0202888277335695,,1,11.01672120509954,,1,0.8040374547297707,,1,0.0,,1,0.0,,1,0.9991815929531987,,1,0.0,,1
variable_uniform_resolution,harmonic,0,0.22201629549520394,,1,1.306653590108952,,1,7.324975813567352,,1,0.44912861357842954,,1,1.0,,1,1.0,,1,0.9994963019856149,,1,0.0,,1
variable_uniform_resolution,harmonic,1,0.0005004346460783836,,1,1.3809432341016985,,1,6.505769133166877,,1,0.4454985750367183,,1,0.0,,1,0.0,,1,0.9994963019856149,,1,0.0,,1
variable_uniform_resolution,harmonic,2,0.10056225877074469,,1,1.2138210462038723,,1,5.427756772599207,,1,0.4516099607875123,,1,0.0,,1,0.0,,1,0.9994963019856149,,1,1.0,,1
variable_uniform_resolution,harmonic,3,0.03339851102105665,,1,1.1451030391410955,,1,4.427621734682035,,1,0.4224073383402864,,1,0.0,,1,0.0,,1,0.9994963019856149,,1,1.0,,1
variable_uniform_resolution,harmonic,4,0.1201296810519707,,1,1.0814872103016118,,1,3.4025381071309626,,1,0.4409122636853859,,1,0.0,,1,0.0,,1,0.9994963019856149,,1,1.0,,1
variable_uniform_resolution,harmonic,5,0.01032349301681754,,1,1.1372411858864746,,1,2.2211374589043453,,1,0.4451553507660784,,1,0.0,,1,0.0,,1,0.9994963019856149,,1,1.0,,1
variable_uniform_resolution,harmonic,6,0.0886319905528769,,1,1.088953219953246,,1,1.4608168655864686,,1,0.45028217096425693,,1,0.0,,1,0.0,,1,0.9994963019856149,,1,0.0,,1
variable_uniform_resolution,harmonic,7,0.0005676419471195907,,1,1.117305858019967,,1,0.14279101816626127,,1,0.4686407481518896,,1,0.0,,1,0.0,,1,0.9994963019856149,,1,1.0,,1
variable_uniform_resolution,harmonic,8,0.06447486040662921,,1,1.0862144403037588,,1,0.3501011515744068,,1,0.4462258955678653,,1,0.0,,1,0.0,,1,0.9994963019856149,,1,0.0,,1
variable_uniform_resolution,harmonic,9,0.0007645818416508537,,1,1.0996430969591353,,1,1.5683870105964566,,1,0.4559654103918645,,1,0.0,,1,0.0,,1,0.9994963019856149,,1,1.0,,1
variable_uniform_resolution,harmonic,10,0.04220948602058969,,1,1.0790462719268965,,1,2.650456894348796,,1,0.4628725754078411,,1,0.0,,1,0.0,,1,0.9994963019856149,,1,1.0,,1
within_range_unseen_parameter_interpolation,harmonic,0,0.22231293909257419,,1,1.1999425308146945,,1,7.672662109543736,,1,0.44360649901355015,,1,1.0,,1,1.0,,1,0.9994733680210564,,1,0.0,,1
within_range_unseen_parameter_interpolation,harmonic,1,0.0004950092654666454,,1,1.3062925349587062,,1,6.831542044867348,,1,0.4387771326227947,,1,0.0,,1,0.0,,1,0.9994733680210564,,1,0.0,,1
within_range_unseen_parameter_interpolation,harmonic,2,0.10083162977183106,,1,1.1578761934059272,,1,5.703281895855004,,1,0.4452555852973702,,1,0.0,,1,0.0,,1,0.9994733680210564,,1,1.0,,1
within_range_unseen_parameter_interpolation,harmonic,3,0.034256332293621114,,1,1.0920331448700777,,1,4.661411672014894,,1,0.41349231793376806,,1,0.0,,1,0.0,,1,0.9994733680210564,,1,1.0,,1
within_range_unseen_parameter_interpolation,harmonic,4,0.11958583242640954,,1,1.0491561277129589,,1,3.5739243496076982,,1,0.435379948339404,,1,0.0,,1,0.0,,1,0.9994733680210564,,1,1.0,,1
within_range_unseen_parameter_interpolation,harmonic,5,0.010536132076788083,,1,1.1008082265509764,,1,2.3495467189892727,,1,0.4374246715947588,,1,0.0,,1,0.0,,1,0.9994733680210564,,1,1.0,,1
within_range_unseen_parameter_interpolation,harmonic,6,0.08887513007601586,,1,1.0591340046880615,,1,1.540786278699943,,1,0.44353255413073184,,1,0.0,,1,0.0,,1,0.9994733680210564,,1,0.0,,1
within_range_unseen_parameter_interpolation,harmonic,7,0.0005573303899073042,,1,1.0913526258356971,,1,0.16010383527908711,,1,0.46189707695619636,,1,0.0,,1,0.0,,1,0.9994733680210564,,1,1.0,,1
within_range_unseen_parameter_interpolation,harmonic,8,0.06445497208395698,,1,1.0613846404859664,,1,0.35225393140825645,,1,0.4390199543741485,,1,0.0,,1,0.0,,1,0.9994733680210564,,1,0.0,,1
within_range_unseen_parameter_interpolation,harmonic,9,0.0007892901125442988,,1,1.0776753175607139,,1,1.6243467876409703,,1,0.4482646818977869,,1,0.0,,1,0.0,,1,0.9994733680210564,,1,1.0,,1
within_range_unseen_parameter_interpolation,harmonic,10,0.04218989936363326,,1,1.0597818614089625,,1,2.7646479366392143,,1,0.4562274515138615,,1,0.0,,1,0.0,,1,0.9994733680210564,,1,1.0,,1
