category,fidelity_mean,fidelity_std,fidelity_count,h1_relative_mean,h1_relative_std,h1_relative_count,energy_abs_error_mean,energy_abs_error_std,energy_abs_error_count,independent_residual_head_mean,independent_residual_head_std,independent_residual_head_count,raw_node_correct_mean,raw_node_correct_std,raw_node_correct_count,persistent_node_correct_mean,persistent_node_correct_std,persistent_node_correct_count,gram_max_error_mean,gram_max_error_std,gram_max_error_count,ordering_violation_mean,ordering_violation_std,ordering_violation_count
ID_test,0.059205581420276585,0.07773405112827407,143,1.3953512272392166,0.8246756437529684,143,8154.961770422357,22673.381469460975,143,0.5870868267944841,0.15788373181224963,143,0.08391608391608392,0.2782364861125777,143,0.08391608391608392,0.2782364861125777,143,0.999342268728968,0.0004048785574643512,143,0.5874125874125874,0.4940301543039333,143
anharmonic_wells,0.05997255743209829,0.07753184283052135,11,1.131552768329293,0.08205170866737187,11,3.221130775155213,1.5831682415346542,11,0.6021974926928825,0.012774341016928172,11,0.09090909090909091,0.30151134457776363,11,0.09090909090909091,0.30151134457776363,11,0.9994888581672421,0.0,11,0.6363636363636364,0.504524979109513,11
asymmetric_wells,0.059715396426600065,0.061789221250173124,11,1.1375046237271507,0.06296297060942924,11,1.4513666618420378,0.9722487502031182,11,0.5696320759796657,0.018445215620045342,11,0.09090909090909091,0.30151134457776363,11,0.09090909090909091,0.30151134457776363,11,0.9996593821346,0.0,11,0.6363636363636364,0.504524979109513,11
barriers,0.06164771659587954,0.07908873346952848,11,1.1732301815610975,0.07746763830980509,11,0.9637903522573417,0.588254841130616,11,0.4061474096927107,0.017655241971615544,11,0.09090909090909091,0.30151134457776363,11,0.09090909090909091,0.30151134457776363,11,0.9995092350715736,0.0,11,0.6363636363636364,0.504524979109513,11
changed_domain_same_physical_operator,0.05632758464076109,0.0613874220435789,11,1.1024281904121203,0.07105951387030557,11,5.010613004603384,3.2435758358798297,11,0.43789824085421125,0.011465594118503826,11,0.09090909090909091,0.30151134457776363,11,0.09090909090909091,0.30151134457776363,11,0.999378836429167,0.0,11,0.6363636363636364,0.504524979109513,11
constant_potential_shift,0.019789119515880284,0.02087991004645036,11,1.0581606845267681,0.041961142434236536,11,18.173070516479655,6.800843644943233,11,0.7352915907225568,0.06578468589025188,11,0.09090909090909091,0.30151134457776363,11,0.09090909090909091,0.30151134457776363,11,0.9991300936715602,0.0,11,0.5454545454545454,0.5222329678670935,11
controlled_smooth_perturbations,0.06289793575717233,0.06460965883128883,11,1.134213130827083,0.0549571126930379,11,1.4689080843023525,0.9105055949417392,11,0.47113552855870855,0.011133347941175677,11,0.09090909090909091,0.30151134457776363,11,0.09090909090909091,0.30151134457776363,11,0.9995141190654239,0.0,11,0.6363636363636364,0.504524979109513,11
double_wells,0.059672709324394585,0.07709862436968813,11,1.116104016938946,0.07050795059336595,11,12.11006763388289,1.6200724586408972,11,0.6181677863004519,0.012654906819438993,11,0.09090909090909091,0.30151134457776363,11,0.09090909090909091,0.30151134457776363,11,0.9992386335340234,0.0,11,0.6363636363636364,0.504524979109513,11
joint_parameter_extrapolation,0.06150404528603765,0.09700235483595737,22,1.1358104688189201,0.0880179935827863,22,8.914522040584316,7.977323538999751,22,0.5389082276471209,0.08488368750177488,22,0.09090909090909091,0.29424494316824984,22,0.09090909090909091,0.29424494316824984,22,0.9993377317504929,9.766756454657382e-05,22,0.6363636363636364,0.4923659639173309,22
localized_defects,0.06622592160076902,0.05130423884732571,11,1.190053345833257,0.06481379510749177,11,1.2418574164647744,0.8622770879447986,11,0.480675576883467,0.01573311867739815,11,0.09090909090909091,0.30151134457776363,11,0.09090909090909091,0.30151134457776363,11,0.9995864554522998,0.0,11,0.6363636363636364,0.504524979109513,11
multiple_barriers,0.06625336482814491,0.08431907809371526,11,1.1673361914815472,0.054231123317790876,11,0.8974842412353073,0.5727893960602769,11,0.3292494739322373,0.01330112871954751,11,0.09090909090909091,0.30151134457776363,11,0.09090909090909091,0.30151134457776363,11,0.9994765082396477,0.0,11,0.6363636363636364,0.504524979109513,11
multiwell_potentials,0.06379652335641502,0.07544432542435886,11,1.1489887930394853,0.06024541363313728,11,1.1988333255814165,0.7317337539828842,11,0.3264181852185061,0.011091632997467874,11,0.09090909090909091,0.30151134457776363,11,0.09090909090909091,0.30151134457776363,11,0.9994420049888514,0.0,11,0.6363636363636364,0.504524979109513,11
near_continuum_states,0.019789119515880284,0.02087991004645036,11,1.0581606845267681,0.041961142434236536,11,18.173070516479655,6.800843836161767,11,0.7530667031412467,0.06288839257416702,11,0.09090909090909091,0.30151134457776363,11,0.09090909090909091,0.30151134457776363,11,0.9991300936715602,0.0,11,0.5454545454545454,0.5222329678670935,11
nonuniform_resolution,0.06219951810607476,0.06811196166780963,11,1.135287739442463,0.08872408784665714,11,3.2254131221032427,2.4262735281690446,11,0.44628419920371126,0.01218167734418142,11,0.09090909090909091,0.30151134457776363,11,0.09090909090909091,0.30151134457776363,11,0.999485371162179,0.0,11,0.6363636363636364,0.504524979109513,11
random_smooth_potentials,0.06615013818403016,0.06634677001156457,22,1.1523241405875668,0.060499816778635626,22,1.2326853891483673,0.7677198171077018,22,0.4576221160464895,0.031175006721846123,22,0.09090909090909091,0.29424494316824984,22,0.09090909090909091,0.29424494316824984,22,0.9995555201468133,4.060384521966037e-05,22,0.6363636363636364,0.4923659639173309,22
seen_basis_reparameterization,0.021192434527704484,0.022956556898352336,11,1.114926319247485,0.04429743055036033,11,2.36452324717163,1.9947434086776856,11,0.5501012712288964,0.0038562216254865718,11,0.09090909090909091,0.30151134457776363,11,0.09090909090909091,0.30151134457776363,11,0.9994798317067395,0.0,11,0.6363636363636364,0.504524979109513,11
single_parameter_extrapolation,0.04082884065583686,0.05372263634846319,22,1.083419054351227,0.06961769061934221,22,9.533056915213614,7.5369418291093,22,0.6258340403153202,0.1917916085452358,22,0.09090909090909091,0.29424494316824984,22,0.09090909090909091,0.29424494316824984,22,0.9993028653648824,0.00017440043022149836,22,0.5909090909090909,0.5032362797401965,22
unseen_analytical_functional_forms,0.02984899303752492,0.04694304921379239,33,1.1341068794191251,0.09580810474268164,33,667.924190198594,1335.0601550511171,33,0.6412292708335836,0.13632985843729634,33,0.09090909090909091,0.2919371040605711,33,0.09090909090909091,0.2919371040605711,33,0.9995652595305676,0.00011187571189009334,33,0.5454545454545454,0.5056498968474316,33
valid_spatial_reflection,0.030861131196831194,0.028655555464619287,11,1.051334601809529,0.03809626715962491,11,18.173062540294463,6.7781687265571104,11,0.807453871935606,0.05273409681826485,11,0.09090909090909091,0.30151134457776363,11,0.09090909090909091,0.30151134457776363,11,0.9991815929531987,0.0,11,0.5454545454545454,0.5222329678670935,11
variable_uniform_resolution,0.06214356679733983,0.06809740241369555,11,1.15785565390061,0.10128408530274942,11,3.2256683600293794,2.4261657648462065,11,0.4489726275161935,0.01201043932773784,11,0.09090909090909091,0.30151134457776363,11,0.09090909090909091,0.30151134457776363,11,0.9994963019856148,0.0,11,0.6363636363636364,0.504524979109513,11
within_range_unseen_parameter_interpolation,0.06226222699570439,0.06809354047535147,11,1.1141306552993402,0.07854897180631489,11,3.3849552327768566,2.5467150739545574,11,0.4420798066976701,0.0124488265342223,11,0.09090909090909091,0.30151134457776363,11,0.09090909090909091,0.30151134457776363,11,0.9994733680210562,0.0,11,0.6363636363636364,0.504524979109513,11
