family,parameter_level,n_coarse,n_fine,validated_bound_states,bound_state_gate_applicable,energy_rel_max,refinement_infidelity_max,domain_rel_max,independent_residual_max,independent_residual_applicable,analytic_energy_rel_max,analytic_overlap_min,normalization_error,gram_error,nodes_exact,boundary_max,tail_max,tail_required,continuum_margin_min,solver_algebraic_max,solver_algebraic_cap,solver_auxiliary_algebraic_max,mass_gram_error,solver_seconds,passes_gate
infinite_box,low,257,513,11,True,0.0011393294300737825,4.440892098500626e-16,0.0,0.00018992452265443395,True,0.0003796906139297273,0.9999999999999991,1.7763568394002505e-15,1.5543122344752192e-15,True,0.0,0.0,False,inf,5.5929442623065895e-11,1e-06,4.1211489554686025e-13,1.2212453270876722e-15,0.16694090014789253,True
infinite_box,middle,257,513,11,True,0.0011393294300147444,1.1102230246251565e-15,0.0,0.00018992452269408488,True,0.0003796906140047327,1.0000000000000004,8.881784197001252e-16,1.1102230246251565e-15,True,0.0,0.0,False,inf,5.543114190268263e-11,1e-06,3.8616468213029695e-13,1.2212453270876722e-15,0.2076871000463143,True
infinite_box,high,257,513,11,True,0.0011393294304290241,1.1102230246251565e-15,0.0,0.0001899245224879583,True,0.00037969061360298436,0.9999999999999996,4.440892098500626e-15,3.774758283725532e-15,True,0.0,0.0,False,inf,5.6268068218093315e-11,1e-06,3.933391115810356e-13,1.7763568394002505e-15,0.190874999971129,True
harmonic,low,257,513,11,True,0.0016021316045546942,5.973533401681941e-05,1.2022525033333764e-05,0.0003489134000984493,True,0.0005352542645498769,0.9999947789371403,3.3306690738754696e-15,2.886579864025407e-15,True,0.0,2.1856432561737464e-13,True,inf,2.2501552557853326e-12,1e-06,9.89119699386617e-14,6.661338147750939e-16,0.21526109997648746,True
harmonic,middle,257,513,11,True,0.0016021316045468225,5.9735334012822605e-05,1.2022525039060862e-05,0.0003489134001032317,True,0.0005352542645560394,0.9999947789371405,1.3322676295501878e-15,1.3322676295501878e-15,True,0.0,2.1856432535782188e-13,True,inf,2.188550924428798e-12,1e-06,9.59256391349184e-14,1.1102230246251565e-15,0.20875119999982417,True
harmonic,high,257,513,11,True,0.001602131604485189,5.973533401415487e-05,1.2022525124506351e-05,0.0003489134001353404,True,0.0005352542646381344,0.9999947789371383,2.4424906541753444e-15,3.3306690738754696e-15,True,0.0,2.1856432471297237e-13,True,inf,2.0467352218129053e-12,1e-06,9.515476861685357e-14,7.771561172376096e-16,0.1988994999555871,True
half_harmonic,low,257,513,11,True,0.0016446887598083192,0.00013558807325730893,8.349130728952911e-05,0.00034566740040198514,True,0.0005494397323247022,0.9999870416931784,3.552713678800501e-15,3.9968028886505635e-15,True,0.0,2.0191507336846254e-28,True,inf,4.535568630004601e-09,1e-06,4.1165724890630133e-10,9.992007221626409e-16,0.1898344000801444,True
half_harmonic,middle,257,513,11,True,0.0016446901434007902,0.0001355880732681891,8.349004646741e-05,0.00034566689868122563,True,0.0005494384707031808,0.999987041693182,2.1094237467877974e-15,2.4424906541753444e-15,True,0.0,1.986755052878587e-28,True,inf,2.644300960630269e-09,1e-06,3.1316789702583563e-10,8.881784197001252e-16,0.17447559989523143,True
half_harmonic,high,257,513,11,True,0.001644688944585815,0.0001355880732706316,8.34911623451958e-05,0.00034566734272385155,True,0.0005494395872837664,0.9999870416931838,1.7763568394002505e-15,1.6653345369377348e-15,True,0.0,1.9571673965162968e-28,True,inf,5.574591243279034e-09,1e-06,3.5056812179105547e-10,7.771561172376096e-16,0.18312219996005297,True
morse,low,513,1025,11,True,0.0041734626388328176,0.0011744741602245368,0.00012715332044962663,0.0010041715322750065,True,0.0014048302663665544,,3.552713678800501e-15,3.774758283725532e-15,True,0.0,4.155959819847583e-31,True,40.1873990433745,8.427984158432042e-14,1e-06,1.209468482516027e-14,1.4432899320127035e-15,0.3361841000150889,True
morse,middle,513,1025,11,True,0.004691750493752055,0.0015351373309994143,0.00014318675558711006,0.0011340265555347974,True,0.00158147837464189,,2.4424906541753444e-15,2.220446049250313e-15,True,0.0,7.481001942185678e-32,True,42.637480347425296,7.769581875175396e-14,1e-06,1.4969024817928022e-14,8.881784197001252e-16,0.2983886000001803,True
morse,high,513,1025,11,True,0.0052214219712577664,0.0019637872910487353,0.00015963755198129448,0.0012678382469628437,True,0.0017625691275132127,,3.219646771412954e-15,3.1086244689504383e-15,True,0.0,2.016191975699348e-31,True,45.002434751001246,1.0607298991657937e-13,1e-06,1.4947354632322142e-14,7.771561172376096e-16,0.30367979989387095,True
poschl_h,low,513,1025,11,True,0.013395125119859408,0.0018289977163032933,2.677901663972193e-06,0.008527026021622459,True,0.004529956662566994,,1.9984014443252818e-15,2.220446049250313e-15,True,0.0,1.6954492580995348e-30,True,0.4908012909338151,7.13566689785722e-14,1e-06,5.057133578111984e-11,2.220446049250313e-15,0.35571750008966774,True
poschl_h,middle,513,1025,11,True,0.02023922703021286,0.0019998705347298307,4.075129534264477e-06,0.00685699283151834,True,0.006912275093428399,,3.1086244689504383e-15,3.774758283725532e-15,True,0.0,1.7132712831120264e-30,True,0.9452877249065716,4.056771578954692e-14,1e-06,3.46660938703605e-11,6.217248937900877e-15,0.3077775000128895,True
poschl_h,high,513,1025,11,True,0.018978911283459753,0.0021623941179742534,3.5343516666664085e-06,0.005803132902019423,True,0.006435727939381672,,1.1102230246251565e-15,1.4660142341516664e-15,True,0.0,8.215379508497961e-31,True,1.6350265343848704,2.220042646531319e-14,1e-06,1.209775253672568e-10,2.7755575615628914e-15,0.39810489991214126,True
poschl_t,low,513,1025,11,True,0.0005338523656707122,7.174691650790876e-07,0.0,0.000130881827757164,True,0.00017797472420894443,0.9999999439040995,2.220446049250313e-15,2.2948474475008873e-15,True,0.0,0.0,False,inf,2.6971806089884337e-12,0.0001,4.841130934776752e-13,1.5543122344752192e-15,0.37157429999206215,True
poschl_t,middle,513,1025,11,True,0.000553322779831785,9.099857466443595e-07,0.0,0.00010315794507137951,True,0.00018446969620826285,0.9999999280717855,3.552713678800501e-15,4.884981308350689e-15,True,0.0,0.0,False,inf,1.867116523022577e-12,0.0001,3.9738309803615387e-13,2.4424906541753444e-15,0.3036274000769481,True
poschl_t,high,513,1025,11,True,0.0005708869031519181,1.128336485467507e-06,0.0,0.00010649097263974655,True,0.0001903306904971886,0.999999910005237,3.774758283725532e-15,2.886579864025407e-15,True,0.0,0.0,False,inf,1.4317858265205447e-12,0.0001,3.904970253512852e-13,1.2212453270876722e-15,0.28223499993328005,True
radial_coulomb,low,513,1025,11,True,0.0006234796014692456,0.00019650182437325192,3.646320376793355e-05,0.0017530216375255874,True,0.00020825481962227776,0.9999794276032046,2.4424906541753444e-15,2.886579864025407e-15,True,0.0,1.8135147215193107e-27,True,0.0057505421125549905,9.501220192502176e-11,0.0001,3.3355054846041708e-09,1.021405182655144e-14,0.569530599983409,True
radial_coulomb,middle,513,1025,11,True,6.381395056026529e-05,0.0002327456977331277,3.727489678695406e-06,0.019313390477319375,True,2.128225269637518e-05,0.9999757052889579,2.4424906541753444e-15,1.803007738869169e-15,True,0.0,2.058332623216323e-28,True,0.007808094717974834,5.984466186034914e-11,0.0001,2.4516389749191378e-08,5.10702591327572e-15,0.5333605000050738,True
radial_coulomb,high,513,1025,11,True,3.8225201424324506e-05,0.00027508408553866825,2.2346426011843334e-06,0.0010526736736863407,True,1.2761465718283405e-05,0.999971330515366,1.6653345369377348e-15,1.887379141862766e-15,True,0.0,2.6438993608527496e-28,True,0.009794334804002158,3.15793916451239e-11,0.0001,8.779996822577345e-11,8.659739592076221e-15,0.5204499999526888,True
radial_oscillator,low,513,1025,11,True,0.00048059169201953135,1.1588642069404465e-05,2.437415872659978e-05,0.00010073152205616324,True,0.0001602998979906884,0.9999988964734561,1.7763568394002505e-15,1.8511568524782334e-15,True,0.0,1.575047624747868e-31,True,inf,2.0149352034541818e-12,1e-06,5.185605231972616e-13,9.992007221626409e-16,0.22304780001286417,True
radial_oscillator,middle,513,1025,11,True,0.0005019036799751248,1.357566439852409e-05,2.545614667579193e-05,0.0003759079804374421,True,0.00016741880655344075,0.9999987043069023,2.4424906541753444e-15,2.220446049250313e-15,True,0.0,3.686666092203469e-32,True,inf,6.993202314334786e-13,0.0001,3.0858440747762e-13,1.6653345369377348e-15,0.20968920015729964,True
radial_oscillator,high,513,1025,11,True,0.0005174545744640264,1.5385949297175294e-05,2.6246160183875606e-05,0.00010995957749088575,True,0.00017261739188988344,0.9999985313237697,1.5543122344752192e-15,1.7763568394002505e-15,True,0.0,2.3702100700327386e-32,True,inf,4.258511011829664e-13,0.0001,2.2776953958843635e-13,1.3322676295501878e-15,0.2031441000290215,True
kratzer,low,513,1025,11,True,0.0012336592400705726,0.0005721453600467941,6.274046028620361e-05,0.0010275240868347164,True,0.00041286203302692837,,1.9984014443252818e-15,2.1094237467877974e-15,True,0.0,4.756499263750648e-31,True,0.3742380054446395,6.445010076085897e-13,0.0001,2.338715468244319e-12,5.10702591327572e-15,0.25400359998457134,True
kratzer,middle,513,1025,11,True,0.0017222254440873996,0.0006540261348447762,8.767458541303341e-05,0.0008675147093247142,True,0.0005770953862476169,,8.881784197001252e-16,1.2212453270876722e-15,True,0.0,2.8638900196162345e-32,True,0.6981896756816095,2.6429190238049608e-12,0.0001,5.492282524511339e-12,3.3306690738754696e-15,0.4295704000396654,True
kratzer,high,513,1025,11,True,0.0022114223763655067,0.0007484234215709984,0.00011266370073408992,0.0007847740662910868,True,0.0007411809319708798,,1.5543122344752192e-15,2.0242744391872445e-15,True,0.0,4.4786803930201404e-33,True,1.1248183318138514,1.6128520813821653e-12,0.0001,2.6360624370735825e-12,8.881784197001252e-16,0.36910409992560744,True
anharmonic_polynomial,low,257,513,11,True,0.0019132328556023294,3.895205372628219e-05,1.63471866756239e-05,0.00038291616636891996,True,,,1.5543122344752192e-15,1.5543122344752192e-15,True,0.0,6.108566333395543e-18,True,inf,3.2771033424505222e-12,1e-06,1.0201873139696635e-13,1.1102230246251565e-15,0.24852850008755922,True
anharmonic_polynomial,middle,257,513,11,True,0.002252811232237163,5.206729713158609e-05,1.6353228252838035e-05,0.0004506620240343941,True,,,3.552713678800501e-15,3.552713678800501e-15,True,0.0,1.197323258123572e-25,True,inf,2.7995904151563912e-12,1e-06,8.574957542202618e-14,8.881784197001252e-16,0.24204670009203255,True
anharmonic_polynomial,high,257,513,11,True,0.002506986106356814,6.408969225490946e-05,1.7127406111494504e-05,0.0005017255101161147,True,,,1.887379141862766e-15,2.886579864025407e-15,True,0.0,3.1000621550165884e-27,True,inf,2.4851269249058607e-12,1e-06,7.224844183564857e-14,1.3322676295501878e-15,0.22368000005371869,True
asymmetric_well,low,257,513,11,True,0.0010818428548856408,3.851431094026303e-05,1.3567824890946076e-05,0.00024548281768475296,True,,,2.220446049250313e-15,1.9984014443252818e-15,True,0.0,1.0398051537322662e-05,True,inf,5.1563956356515935e-12,1e-06,1.3544828530513543e-13,1.5543122344752192e-15,0.2721493999706581,True
asymmetric_well,middle,257,513,11,True,0.0013781471796393313,6.955740912351072e-05,1.8322037653376475e-05,0.0012497217938593097,True,,,2.220446049250313e-15,1.9984014443252818e-15,True,0.0,6.24151596219581e-05,True,inf,1.087633959764564e-11,1e-06,1.523071580575643e-13,1.1102230246251565e-15,0.23062199994456023,True
asymmetric_well,high,257,513,11,True,0.0018166365161898608,8.930991270617028e-05,2.390057148178167e-05,0.0023696974870481323,True,,,3.1086244689504383e-15,3.6637359812630166e-15,True,0.0,6.442818739710348e-05,True,inf,9.313522821749024e-12,1e-06,1.391416817372282e-13,1.2212453270876722e-15,0.2494249000446871,True
double_well,low,257,513,11,True,0.0027499750826131004,3.257920100574463e-05,2.1972840886492777e-05,0.0005179559768494858,True,,,1.9984014443252818e-15,2.1094237467877974e-15,True,0.0,3.667986131570124e-31,True,inf,3.6157659623581673e-12,1e-06,9.100284875845893e-14,1.1102230246251565e-15,0.23053649999201298,True
double_well,middle,257,513,11,True,0.0028052980887311846,2.7976852335021007e-05,2.2731638248126005e-05,0.0005234203809775771,True,,,1.887379141862766e-15,1.887379141862766e-15,True,0.0,2.825291054821775e-31,True,inf,2.1488779852305917e-12,1e-06,9.296228870790394e-14,1.3322676295501878e-15,0.23866619996260852,True
double_well,high,257,513,11,True,0.002819511179554613,2.4682757000293876e-05,2.3757473252273358e-05,0.0005230925612980538,True,,,1.7763568394002505e-15,2.4424906541753444e-15,True,0.0,2.4767159743339327e-31,True,inf,3.0641923978380834e-12,1e-06,8.45146785330951e-14,1.1102230246251565e-15,0.2059635000769049,True
multiwell,low,257,513,11,True,0.0018173066485801682,3.821175946583377e-05,2.5075770022810166e-05,0.0007751384218374071,True,,,2.4424906541753444e-15,2.4424906541753444e-15,True,0.0,1.308335341535553e-06,True,inf,3.735746053957646e-12,1e-06,1.712754193336566e-13,9.992007221626409e-16,0.3642109999200329,True
multiwell,middle,257,513,11,True,0.0011685339826833952,3.049658419351786e-05,1.2100638083961265e-05,0.0002516528533745893,True,,,2.1094237467877974e-15,2.220446049250313e-15,True,0.0,1.836653219246389e-07,True,inf,3.220535350492451e-12,1e-06,1.2302141322919906e-13,1.5543122344752192e-15,0.34071889996994287,True
multiwell,high,257,513,11,True,0.0010948032137857572,4.3183515953448826e-05,1.2267120281176578e-05,0.00023744410352251772,True,,,1.4432899320127035e-15,1.4962512755951644e-15,True,0.0,3.52924681502556e-05,True,inf,4.1130858687716656e-13,1e-06,8.799671903144545e-14,1.1102230246251565e-15,0.3761542000574991,True
single_barrier,low,257,513,11,True,0.000997367943111026,2.03583035054411e-05,1.3042729059068987e-05,0.0002105228170328449,True,,,2.6645352591003757e-15,2.4424906541753444e-15,True,0.0,4.589525265278508e-05,True,inf,1.4057299646938254e-12,1e-06,1.4969264974676733e-13,1.3322676295501878e-15,0.2198533999035135,True
single_barrier,middle,257,513,11,True,0.0010041072059536144,1.8947699316873567e-05,1.2855996216165504e-05,0.00021014387087142064,True,,,2.4424906541753444e-15,2.886579864025407e-15,True,0.0,5.576547123220984e-07,True,inf,7.522186028225133e-13,1e-06,1.3869438145045073e-13,1.7763568394002505e-15,0.3033564001088962,True
single_barrier,high,257,513,11,True,0.0009822642211670298,1.9940782600813556e-05,1.2333719186928544e-05,0.00020814898852152466,True,,,2.220446049250313e-15,2.3314683517128287e-15,True,0.0,1.8126513445164188e-06,True,inf,7.789784171995436e-13,1e-06,1.0433600651830057e-13,1.2212453270876722e-15,0.2102238000370562,True
multiple_barriers,low,257,513,11,True,0.0009362007491587028,2.037823827616414e-05,1.2836114895054436e-05,0.0002005529531640126,True,,,1.7763568394002505e-15,1.977331478158624e-15,True,0.0,6.081571103039837e-05,True,inf,2.1342139208977814e-12,1e-06,1.4169152558144223e-13,8.881784197001252e-16,0.2507018999895081,True
multiple_barriers,middle,257,513,11,True,0.000916224371077353,1.8028344503595584e-05,1.1389322295283381e-05,0.0001910325696461218,True,,,3.1086244689504383e-15,3.1086244689504383e-15,True,0.0,1.0214986294943848e-06,True,inf,9.541798405060888e-13,1e-06,1.2886866012614848e-13,1.5543122344752192e-15,0.23077809996902943,True
multiple_barriers,high,257,513,11,True,0.0008537226704025405,1.709949698858182e-05,1.1988152410350516e-05,0.00017191726241961653,True,,,2.6645352591003757e-15,3.1086244689504383e-15,True,0.0,4.355118081969268e-06,True,inf,3.336426310274768e-13,1e-06,1.0120022542958756e-13,1.1102230246251565e-15,0.19423150003422052,True
gaussian_well,low,257,513,11,True,0.009180084185764326,0.000254995245259404,2.561366119824271e-05,0.03711931569061578,True,,,2.220446049250313e-15,2.4424906541753444e-15,True,0.0,2.5052022657422586e-08,True,inf,8.357537165443206e-12,1e-06,2.302008466723973e-13,1.1102230246251565e-15,0.21782480005640537,True
gaussian_well,middle,257,513,11,True,0.019394569445899235,0.00030917546399855667,6.969942126588968e-05,0.025533968362168744,True,,,2.886579864025407e-15,2.9976021664879227e-15,True,0.0,6.500228032871468e-15,True,inf,3.2848340694600727e-12,1e-06,4.889744336098063e-13,1.6653345369377348e-15,0.20623059989884496,True
gaussian_well,high,257,513,11,True,0.012551392727376117,0.0002844765090175283,5.1739440936685805e-05,0.0030916808841807805,True,,,2.6645352591003757e-15,3.1086244689504383e-15,True,0.0,2.862698720462003e-17,True,inf,2.575542984524392e-13,1e-06,1.5148608032591646e-12,1.2212453270876722e-15,0.19267039990518242,True
gaussian_barrier,low,257,513,11,True,0.000977695345998044,1.8947512760103535e-05,1.3639682755892881e-05,0.00020463397724630072,True,,,1.9984014443252818e-15,2.3314683517128287e-15,True,0.0,5.2471152225329164e-05,True,inf,9.585573609847968e-13,1e-06,1.4007586475444578e-13,1.2212453270876722e-15,0.196596399997361,True
gaussian_barrier,middle,257,513,11,True,0.0009756449249756806,1.7454532624472385e-05,1.2920654911763228e-05,0.00020241758483834828,True,,,3.1086244689504383e-15,3.552713678800501e-15,True,0.0,6.844951925792291e-07,True,inf,5.62322621011267e-13,1e-06,1.2919071969772907e-13,1.6653345369377348e-15,0.2283458000747487,True
gaussian_barrier,high,257,513,11,True,0.0009483910235893933,1.5571040436368477e-05,1.342520411996986e-05,0.00019528576828794296,True,,,2.220446049250313e-15,2.4424906541753444e-15,True,0.0,2.2981107745671063e-06,True,inf,3.615883887526845e-13,1e-06,1.1280660923746309e-13,1.2212453270876722e-15,0.1787806999636814,True
localized_defect,low,257,513,11,True,0.0012391707431191662,3.4273188208699956e-05,1.2835785495061656e-05,0.0005566105293398676,True,,,1.6653345369377348e-15,2.6645352591003757e-15,True,0.0,1.895579251006897e-05,True,inf,1.8076078874063626e-12,1e-06,1.579566588841744e-13,1.1102230246251565e-15,0.2682529001031071,True
localized_defect,middle,257,513,11,True,0.0011685339826833952,3.049658419351786e-05,1.2100638083961265e-05,0.0002516528533745893,True,,,2.1094237467877974e-15,2.220446049250313e-15,True,0.0,1.836653219246389e-07,True,inf,3.220535350492451e-12,1e-06,1.2302141322919906e-13,1.5543122344752192e-15,0.2034224000526592,True
localized_defect,high,257,513,11,True,0.0011441815976292082,2.9216839785739523e-05,1.3152549152760677e-05,0.00025205894107321614,True,,,1.3322676295501878e-15,1.7763568394002505e-15,True,0.0,6.132879240549617e-07,True,inf,1.2323431250688949e-12,1e-06,1.174432731008047e-13,1.6653345369377348e-15,0.18755320005584508,True
harmonic_compact,low,257,513,11,True,0.0012454908405687972,4.0625583150766253e-05,1.237748265404126e-05,0.002978698372218259,True,,,8.881784197001252e-16,1.5543122344752192e-15,True,0.0,1.520473898257465e-05,True,inf,4.013221740601303e-12,1e-06,1.5303558418705541e-13,1.3322676295501878e-15,0.2500656000338495,True
harmonic_compact,middle,257,513,11,True,0.0011685339826833952,3.049658419351786e-05,1.2100638083961265e-05,0.0002516528533745893,True,,,2.1094237467877974e-15,2.220446049250313e-15,True,0.0,1.836653219246389e-07,True,inf,3.220535350492451e-12,1e-06,1.2302141322919906e-13,1.5543122344752192e-15,0.2244086000137031,True
harmonic_compact,high,257,513,11,True,0.0010212338944453633,1.9683709241991032e-05,1.3762885625516642e-05,0.0002208288557471363,True,,,2.4424906541753444e-15,3.1086244689504383e-15,True,0.0,1.6859482329022778e-06,True,inf,8.28924241782489e-13,1e-06,1.0259310836092834e-13,1.3322676295501878e-15,0.3214951999252662,True
fourier_random,low,257,513,11,True,0.0032744522498585615,0.0001494010919662614,1.2299452026114365e-05,0.0042220281174831405,True,,,1.5543122344752192e-15,2.220446049250313e-15,True,0.0,6.825989586499282e-08,True,inf,2.435911896925348e-12,1e-06,1.6584707145977338e-13,1.3322676295501878e-15,0.5324797000503168,True
fourier_random,middle,257,513,11,True,0.0011685339826833952,3.049658419351786e-05,1.2100638083961265e-05,0.0002516528533745893,True,,,2.1094237467877974e-15,2.220446049250313e-15,True,0.0,1.836653219246389e-07,True,inf,3.220535350492451e-12,1e-06,1.2302141322919906e-13,1.5543122344752192e-15,0.5617477999767289,True
fourier_random,high,257,513,11,True,0.0012128212083568964,0.00036537598846841934,1.662627859425819e-05,0.0008540011171257294,True,,,1.5543122344752192e-15,2.7755575615628914e-15,True,0.0,2.178375709865173e-06,True,inf,4.874703619297159e-12,1e-06,1.0752607741845055e-13,1.2212453270876722e-15,0.40010060009080917,True
chebyshev_random,low,257,513,11,True,0.0009078414320999862,2.356993905849869e-05,1.0582936369001645e-05,0.0001957460069874277,True,,,1.5543122344752192e-15,1.887379141862766e-15,True,0.0,7.354178413296152e-06,True,inf,1.012053567336189e-12,1e-06,1.314403117794245e-13,1.1102230246251565e-15,0.32898740004748106,True
chebyshev_random,middle,257,513,11,True,0.0011685339826833952,3.049658419351786e-05,1.2100638083961265e-05,0.0002516528533745893,True,,,2.1094237467877974e-15,2.220446049250313e-15,True,0.0,1.836653219246389e-07,True,inf,3.220535350492451e-12,1e-06,1.2302141322919906e-13,1.5543122344752192e-15,0.279378000064753,True
chebyshev_random,high,257,513,11,True,0.0014399183525123432,3.653830114169754e-05,1.3824573053120024e-05,0.0003086398378462504,True,,,2.6645352591003757e-15,2.6645352591003757e-15,True,0.0,1.1388549865588521e-08,True,inf,3.111137672676095e-12,1e-06,1.313125769929938e-13,1.3322676295501878e-15,0.33621590002439916,True
gaussian_random_field,low,257,513,11,True,0.003197550425381057,0.0001501077836755238,2.037157709431422e-05,0.003319018092723505,True,,,1.6653345369377348e-15,2.1094237467877974e-15,True,0.0,4.590374463918125e-05,True,inf,3.545399259786553e-12,1e-06,1.5416135411995774e-13,1.7763568394002505e-15,0.42771440010983497,True
gaussian_random_field,middle,257,513,11,True,0.0011685339826833952,3.049658419351786e-05,1.2100638083961265e-05,0.0002516528533745893,True,,,2.1094237467877974e-15,2.220446049250313e-15,True,0.0,1.836653219246389e-07,True,inf,3.220535350492451e-12,1e-06,1.2302141322919906e-13,1.5543122344752192e-15,0.49413579993415624,True
gaussian_random_field,high,257,513,11,True,0.0014264111567630108,0.000380705351602173,1.4375687628933352e-05,0.0011477050785151425,True,,,2.220446049250313e-15,1.5543122344752192e-15,True,0.0,3.4937765344848735e-07,True,inf,4.448928718285404e-12,1e-06,1.1586767385420792e-13,1.3322676295501878e-15,0.4836605000309646,True
reflected_potential,low,257,513,11,True,0.0021805783839935347,6.984010927202355e-05,0.0005657117671540897,0.003464919359297512,True,,,1.3322676295501878e-15,1.5543122344752192e-15,True,0.0,0.00884727390924723,True,inf,4.3741345827550516e-12,1e-06,2.0312886772003977e-13,1.3322676295501878e-15,0.2608260998968035,True
reflected_potential,middle,257,513,11,True,0.0028102887346412864,0.0001144312052614449,3.112266848559058e-05,0.003226216030513559,True,,,1.9984014443252818e-15,2.220446049250313e-15,True,0.0,0.000382715517780947,True,inf,4.833458833681775e-12,1e-06,2.1275045390356137e-13,1.3322676295501878e-15,0.2799453000770882,True
reflected_potential,high,257,513,11,True,0.004008062520755695,0.00016885368614427687,2.2419934069334758e-05,0.005284784328093455,True,,,1.7763568394002505e-15,1.9984014443252818e-15,True,0.0,1.2538300826996144e-05,True,inf,3.296352842573177e-12,1e-06,1.352758614833355e-13,8.881784197001252e-16,0.26279240008443594,True
smooth_perturbed,low,257,513,11,True,0.0018276202346851186,5.704319986121753e-05,1.556753393211458e-05,0.0390493712563735,True,,,3.3306690738754696e-15,3.3306690738754696e-15,True,0.0,1.845446229896879e-06,True,inf,1.2050400394244336e-10,1e-06,1.628554839085998e-13,1.2212453270876722e-15,0.24764620000496507,True
smooth_perturbed,middle,257,513,11,True,0.0011685339826833952,3.049658419351786e-05,1.2100638083961265e-05,0.0002516528533745893,True,,,2.1094237467877974e-15,2.220446049250313e-15,True,0.0,1.836653219246389e-07,True,inf,3.220535350492451e-12,1e-06,1.2302141322919906e-13,1.5543122344752192e-15,0.29737090005073696,True
smooth_perturbed,high,257,513,11,True,0.0015542546117961872,0.00011485218618012549,1.4573251983189222e-05,0.00215808460700214,True,,,1.7763568394002505e-15,1.887379141862766e-15,True,0.0,1.809379944438046e-06,True,inf,1.0508847444839902e-11,1e-06,1.1767501347645312e-13,1.3322676295501878e-15,0.2832707999041304,True
composite_confining,low,257,513,11,True,0.0033818715572787356,6.942772195395186e-05,3.052659293110437e-05,0.0019231224977850128,True,,,1.5543122344752192e-15,2.220446049250313e-15,True,0.0,1.895506787172022e-18,True,inf,2.353705003243755e-12,1e-06,1.360098056495799e-13,1.4432899320127035e-15,0.26541699992958456,True
composite_confining,middle,257,513,11,True,0.002252811232237163,5.206729713158609e-05,1.6353228252838035e-05,0.0004506620240343941,True,,,3.552713678800501e-15,3.552713678800501e-15,True,0.0,1.197323258123572e-25,True,inf,2.7995904151563912e-12,1e-06,8.574957542202618e-14,8.881784197001252e-16,0.3208635001210496,True
composite_confining,high,257,513,11,True,0.002027996765212087,9.57580297823446e-05,1.525921096506297e-05,0.0004239339478748525,True,,,2.220446049250313e-15,2.1094237467877974e-15,True,0.0,6.361561454345567e-23,True,inf,3.2794895636390256e-13,1e-06,6.990855785181116e-14,1.2212453270876722e-15,0.264623099938035,True
procedural_composite,low,257,513,11,True,0.0029491300806455756,3.166716699776195e-05,3.683488200578733e-05,0.0011242326298993269,True,,,2.886579864025407e-15,3.3306690738754696e-15,True,0.0,1.7620509516821082e-12,True,inf,1.9427965812032506e-12,1e-06,1.3313267640814485e-13,1.1102230246251565e-15,0.3862968999892473,True
procedural_composite,middle,257,513,11,True,0.0018595424475315791,3.8218027692438206e-05,1.5848393951700646e-05,0.00037363291088561443,True,,,2.220446049250313e-15,1.9984014443252818e-15,True,0.0,7.839293445789713e-18,True,inf,3.1712734008428696e-12,1e-06,1.0294106796480274e-13,8.881784197001252e-16,0.3971198999788612,True
procedural_composite,high,257,513,11,True,0.0024653866188512983,0.00018065592953497855,2.5262528755880653e-05,0.0005391607214231132,True,,,1.1102230246251565e-15,2.1094237467877974e-15,True,0.0,5.786753160127271e-18,True,inf,1.4553239580517758e-12,1e-06,6.894544815932653e-14,1.3322676295501878e-15,0.4181004000129178,True
asymptotically_constant,low,513,1025,11,True,0.008770498499374774,0.0010563533930646463,3.0087974591822075e-06,0.002414689119890244,True,,,3.774758283725532e-15,4.218847493575595e-15,True,0.0,1.5830194476658634e-30,True,3.3521022880556726,4.480425272429039e-14,1e-06,4.1894820394644616e-13,8.881784197001252e-16,0.3121127000777051,True
asymptotically_constant,middle,513,1025,11,True,0.01005284209542992,0.001368047934416694,2.778949895649837e-06,0.0027727846516676416,True,,,2.220446049250313e-15,2.4424906541753444e-15,True,0.0,3.810698269172462e-30,True,4.20836607619605,2.914810984063208e-14,1e-06,3.311775301201957e-13,8.881784197001252e-16,0.31354900007136166,True
asymptotically_constant,high,513,1025,11,True,0.011360701994625163,0.001748785183176671,2.5610780528560063e-06,0.003147054783152884,True,,,3.552713678800501e-15,3.885780586188048e-15,True,0.0,1.103870941184522e-30,True,4.404778874302917,1.6959588208214667e-14,1e-06,2.8531144473495754e-13,1.5543122344752192e-15,0.31260359997395426,True
