state,cosh_well,scarf_ii,eckart
0,0.9999786807425597,0.998747489497435,0.4222312333669408
1,0.9999671628523583,0.9968511915445576,0.14245309345583246
2,0.9997661080048871,0.9946562258653479,0.023180561096695754
3,0.9993626865397374,0.995556428967251,0.004070221422563665
4,0.999514330747071,0.9932990413932579,0.015760574954911385
5,0.9968803866004534,0.9879105858083511,0.02499431325491858
6,0.9948885579253284,0.9793800634084266,0.008022750732281024
7,0.9797922985928077,0.965347195803734,0.12819413969286936
8,0.9789463483181549,0.9653137265872255,0.032032309250357736
9,0.9980065139713061,0.9716778081351934,0.019935858851263078
10,0.9954295140725768,0.9314474834513911,0.07578013670350724
