category,geometry,hamiltonians,fidelity,h1,energy_mae,residual,raw_node_accuracy
ID_test,finite_interval,19,0.9999864448651982,0.00611122482980306,0.005294956769901254,0.01794526831937672,1.0
ID_test,half_line,19,0.9997721753558546,0.026822399398380208,0.02026386997231961,0.033444520548521754,1.0
ID_test,radial_reduced,57,0.966034404757389,0.1822853676993771,48.633983962027195,0.3685896971771185,1.0
ID_test,singular_interval,19,0.9992518147304033,0.036171948533221164,0.10234274867027451,0.06054382155597936,1.0
ID_test,truncated_line,399,0.9867328249051409,0.0757904749680086,0.05960389097759385,0.06298986190994653,1.0
anharmonic_wells,truncated_line,19,0.9998228928057196,0.020540384827359537,0.02004470402186974,0.023834735776973124,1.0
asymmetric_wells,truncated_line,1,0.9996585451686937,0.023792055193153347,0.04629374567293376,0.063206949007918,1.0
barriers,truncated_line,19,0.9863736550074925,0.0972910166292485,0.05483144151997548,0.0394702000215915,1.0
changed_domain_same_physical_operator,truncated_line,1,0.9970139850277563,0.06664579091119538,1.1059327170601827,0.08230580991030932,1.0
constant_potential_shift,truncated_line,1,0.9936283256381739,0.0895942591586025,0.1021329884110723,0.10594332183535848,1.0
controlled_smooth_perturbations,truncated_line,1,0.9612362606539965,0.20030205919150904,0.08252837843116358,0.20556814307370644,1.0
double_wells,truncated_line,19,0.9995361665414421,0.02964926786005183,0.012515836069690844,0.042459994110828396,1.0
joint_parameter_extrapolation,truncated_line,2,0.9985868087963808,0.042339221228619904,0.02896866088413409,0.05068642949829994,1.0
localized_defects,truncated_line,19,0.9512549501047198,0.17116531819017683,0.06178273696237645,0.11538842240756919,1.0
multiple_barriers,truncated_line,1,0.9883029220192054,0.10165108219405104,0.03374306528652126,0.028495455982435445,1.0
multiwell_potentials,truncated_line,1,0.9994485946314278,0.027909102691900854,0.048926266242236865,0.01378896684581604,1.0
near_continuum_states,radial_reduced,1,0.9621966157104495,0.16974308716153305,0.002259484216624,0.6368455884002093,1.0
nonuniform_resolution,truncated_line,1,0.9997789563756219,0.02010194346215779,0.04186874773341167,0.018429412803939452,1.0
random_smooth_potentials,truncated_line,38,0.951118205904023,0.18087561239199842,0.11347721420707674,0.13119879275764743,1.0
seen_basis_reparameterization,truncated_line,16,0.9996139785082009,0.03169581749996339,0.015954259601919388,0.028909240468405165,1.0
single_parameter_extrapolation,truncated_line,2,0.9996971308359097,0.026381914982525834,0.07650749069381922,0.0219878057850923,1.0
unseen_analytical_functional_forms,half_line,64,0.3186366501226647,0.9326062973481847,20.729129984673932,0.691831623221265,1.0
unseen_analytical_functional_forms,truncated_line,128,0.9985302657915852,0.046298322773835325,0.056118025606018467,0.042594910330858056,1.0
valid_spatial_reflection,truncated_line,1,0.9925557796112124,0.08880716537469598,0.10731207121653244,0.21059811270375847,1.0
variable_uniform_resolution,truncated_line,1,0.9996584330332968,0.023501084170973432,0.05291596351989989,0.01991278914659883,1.0
within_range_unseen_parameter_interpolation,truncated_line,1,0.9998690812872847,0.018764697631888674,0.050575337137149366,0.018420418592460297,1.0
