variant,requested_depth,executed_iterations,group_id,family,evaluation_role,fidelity,energy_mae,independent_residual,training_block_residual,accepted_steps,fallback_recommended,seconds
classical,0,0,9a3420e0cfd0c516743befa7,infinite_box,ID,0.9999923272233971,0.003155741242730901,0.01670050592840643,0.02754344791173935,0,True,0.07685481099179015
classical,0,0,fca4c8509b242451a55ee744,cosh_well,unseen_functional_form,0.9994573231541243,0.0016280291915469,0.04077755500559909,0.1637405902147293,0,True,0.10747123800683767
classical,0,0,e2399d4cb94c9891bb3f6a7a,eckart,unseen_functional_form,0.47866371429572047,6.429717401202547,0.628804794968559,0.9921966791152954,0,True,0.18633022397989407
classical,0,0,649331a41c858cec5c904c67,scarf_ii,unseen_functional_form,0.9989288755919727,0.05685796054919341,0.03867328401194443,0.28852349519729614,0,True,0.1068923190177884
classical,1,1,9a3420e0cfd0c516743befa7,infinite_box,ID,0.9999929714790956,0.003173194566441949,0.013446944266253256,0.023181838914752007,1,True,0.10115631399094127
classical,1,1,fca4c8509b242451a55ee744,cosh_well,unseen_functional_form,0.9975013154439349,0.08226231723059675,0.05659964971454166,0.1637405902147293,0,True,0.13624497700948268
classical,1,1,e2399d4cb94c9891bb3f6a7a,eckart,unseen_functional_form,0.47866371429572047,6.429717401202547,0.628804794968559,0.9921966791152954,0,True,0.22330773901194334
classical,1,1,649331a41c858cec5c904c67,scarf_ii,unseen_functional_form,0.9989288755919727,0.05685796054919341,0.03867328401194443,0.28852349519729614,0,True,0.1368843930249568
classical,3,3,9a3420e0cfd0c516743befa7,infinite_box,ID,0.9999940478879469,0.00319853805500514,0.011144643161045036,0.019430600106716156,3,True,0.15108806200441904
classical,3,2,fca4c8509b242451a55ee744,cosh_well,unseen_functional_form,0.9975013154439349,0.08226231723059675,0.05659964971454166,0.1637405902147293,0,True,0.16521780099719763
classical,3,2,e2399d4cb94c9891bb3f6a7a,eckart,unseen_functional_form,0.47866371429572047,6.429717401202547,0.628804794968559,0.9921966791152954,0,True,0.2589866640046239
classical,3,2,649331a41c858cec5c904c67,scarf_ii,unseen_functional_form,0.9989288755919727,0.05685796054919341,0.03867328401194443,0.28852349519729614,0,True,0.1674514219921548
classical,5,5,9a3420e0cfd0c516743befa7,infinite_box,ID,0.9999950998007303,0.0032184636168233497,0.009662900986457224,0.016767337918281555,5,True,0.20600440198904835
classical,5,2,fca4c8509b242451a55ee744,cosh_well,unseen_functional_form,0.9975013154439349,0.08226231723059675,0.05659964971454166,0.1637405902147293,0,True,0.16624501900514588
classical,5,2,e2399d4cb94c9891bb3f6a7a,eckart,unseen_functional_form,0.47866371429572047,6.429717401202547,0.628804794968559,0.9921966791152954,0,True,0.2602618579985574
classical,5,2,649331a41c858cec5c904c67,scarf_ii,unseen_functional_form,0.9989288755919727,0.05685796054919341,0.03867328401194443,0.28852349519729614,0,True,0.16662142498535104
hybrid,0,0,9a3420e0cfd0c516743befa7,infinite_box,ID,0.9999923272233971,0.003155741242730901,0.01670050592840643,0.02754344791173935,0,True,0.07624861400108784
hybrid,0,0,fca4c8509b242451a55ee744,cosh_well,unseen_functional_form,0.9994573231541243,0.0016280291915469,0.04077755500559909,0.1637405902147293,0,True,0.1073974909959361
hybrid,0,0,e2399d4cb94c9891bb3f6a7a,eckart,unseen_functional_form,0.47866371429572047,6.429717401202547,0.628804794968559,0.9921966791152954,0,True,0.18734795399359427
hybrid,0,0,649331a41c858cec5c904c67,scarf_ii,unseen_functional_form,0.9989288755919727,0.05685796054919341,0.03867328401194443,0.28852349519729614,0,True,0.1078309089934919
hybrid,1,1,9a3420e0cfd0c516743befa7,infinite_box,ID,0.9999929338218255,0.0031726479647563384,0.013262126060574768,0.023080231621861458,1,True,0.10327339600189589
hybrid,1,1,fca4c8509b242451a55ee744,cosh_well,unseen_functional_form,0.9975013154439349,0.08226231723059675,0.05659964971454166,0.1637405902147293,0,True,0.13853222600300796
hybrid,1,1,e2399d4cb94c9891bb3f6a7a,eckart,unseen_functional_form,0.47866371429572047,6.429717401202547,0.628804794968559,0.9921966791152954,0,True,0.22492707302444614
hybrid,1,1,649331a41c858cec5c904c67,scarf_ii,unseen_functional_form,0.9989288755919727,0.05685796054919341,0.03867328401194443,0.28852349519729614,0,True,0.13823886099271476
hybrid,3,3,9a3420e0cfd0c516743befa7,infinite_box,ID,0.9999939700946235,0.003198398525950325,0.011105214711455228,0.019291864708065987,3,True,0.15563081999425776
hybrid,3,2,fca4c8509b242451a55ee744,cosh_well,unseen_functional_form,0.9975013154439349,0.08226231723059675,0.05659964971454166,0.1637405902147293,0,True,0.16796447700471617
hybrid,3,2,e2399d4cb94c9891bb3f6a7a,eckart,unseen_functional_form,0.47866371429572047,6.429717401202547,0.628804794968559,0.9921966791152954,0,True,0.2617970220162533
hybrid,3,2,649331a41c858cec5c904c67,scarf_ii,unseen_functional_form,0.9989288755919727,0.05685796054919341,0.03867328401194443,0.28852349519729614,0,True,0.16973867098568007
hybrid,5,5,9a3420e0cfd0c516743befa7,infinite_box,ID,0.9999951662040032,0.003217671823303549,0.009616807837887919,0.01657022535800934,5,True,0.20901276098447852
hybrid,5,2,fca4c8509b242451a55ee744,cosh_well,unseen_functional_form,0.9975013154439349,0.08226231723059675,0.05659964971454166,0.1637405902147293,0,True,0.1675179029989522
hybrid,5,2,e2399d4cb94c9891bb3f6a7a,eckart,unseen_functional_form,0.47866371429572047,6.429717401202547,0.628804794968559,0.9921966791152954,0,True,0.2603144599997904
hybrid,5,2,649331a41c858cec5c904c67,scarf_ii,unseen_functional_form,0.9989288755919727,0.05685796054919341,0.03867328401194443,0.28852349519729614,0,True,0.1684889669995755
