group_id,parent_group_id,state,amplitude_relative_l2,phase_cdf_linf,theta_over_pi_linf,waveform_sign_invariant_fidelity
3e9703fca63f4b9d8f6c235e,3e9703fca63f4b9d8f6c235e,0,0.02810853636845907,0.003490075469017029,0.0034901216841778464,0.9999453574536571
3e9703fca63f4b9d8f6c235e,3e9703fca63f4b9d8f6c235e,1,0.03539627351748824,0.007590368390083313,0.015180720267854558,0.9998810832360658
3e9703fca63f4b9d8f6c235e,3e9703fca63f4b9d8f6c235e,2,0.030742729340682024,0.0051934123039245605,0.01558012443435855,0.9994398348321684
3e9703fca63f4b9d8f6c235e,3e9703fca63f4b9d8f6c235e,3,0.09058169354794524,0.0037508979439735413,0.015003760186935444,0.9975288333785526
3e9703fca63f4b9d8f6c235e,3e9703fca63f4b9d8f6c235e,4,0.03912895160392463,0.0028006434440612793,0.014003317083045324,0.999197170369286
3e9703fca63f4b9d8f6c235e,3e9703fca63f4b9d8f6c235e,5,0.03900684521557545,0.003218919038772583,0.019313665208283873,0.998968761517371
3e9703fca63f4b9d8f6c235e,3e9703fca63f4b9d8f6c235e,6,0.018318928402444604,0.0018708258867263794,0.013095326902919105,0.9994971521065033
3e9703fca63f4b9d8f6c235e,3e9703fca63f4b9d8f6c235e,7,0.01994300527133719,0.0019267424941062927,0.015413730898153963,0.9990383909409085
3e9703fca63f4b9d8f6c235e,3e9703fca63f4b9d8f6c235e,8,0.02147104523179506,0.0018216222524642944,0.01639470796290955,0.9993049439637046
3e9703fca63f4b9d8f6c235e,3e9703fca63f4b9d8f6c235e,9,0.026625288337710253,0.00220295786857605,0.022028903181717872,0.9988217425381153
3e9703fca63f4b9d8f6c235e,3e9703fca63f4b9d8f6c235e,10,0.01964331958572285,0.0023162662982940674,0.02547804499404721,0.9984940927501832
