x,state,source
4.262650016695354,1,exact
2.841767235063959,2,exact
5.683532798326695,2,exact
2.1313250083477175,3,exact
4.262650016695325,3,exact
6.3939750250428915,3,exact
1.7050620131618273,4,exact
3.4101210164771887,4,exact
5.115179016913356,4,exact
6.820238020228722,4,exact
1.4208811095784442,5,exact
2.841768907116844,5,exact
4.26265001669527,5,exact
5.6835311262736665,5,exact
7.104418923812077,5,exact
1.2178985716537782,6,exact
2.435803593626365,6,exact
3.6536964310877367,6,exact
4.871603602302771,6,exact
6.08949643976414,6,exact
7.307401461736737,6,exact
1.0656625041738195,7,exact
2.131325008347635,7,exact
3.196987512521449,7,exact
4.262650016695269,7,exact
5.328312520869073,7,exact
6.393975025042888,7,exact
7.459637529216699,7,exact
0.9472574171582409,8,exact
1.894505912668587,8,exact
2.841771694711382,8,exact
3.789015732087074,8,exact
4.736284301303468,8,exact
5.683528338679156,8,exact
6.6307941207219505,8,exact
7.578042616232279,8,exact
0.8525259899181954,9,exact
1.7050680373902798,9,exact
2.5575819793050005,9,exact
3.410124026777072,9,exact
4.262650016695272,9,exact
5.1151760066134635,9,exact
5.967718054085536,9,exact
6.820231996000256,9,exact
7.672774043472325,9,exact
0.775036400540886,10,exact
1.5500522711555698,10,exact
2.3250722428057133,10,exact
3.1001159524135065,10,exact
3.8751427646192247,10,exact
4.650157268771304,10,exact
5.425184080977019,10,exact
6.200227790584813,10,exact
6.975247762234961,10,exact
7.750263632849635,10,exact
4.26134831141795,1,predicted
2.844901296410193,2,predicted
5.681411758049878,2,predicted
2.1294614539747316,3,predicted
4.262965010181565,3,predicted
6.39384623840885,3,predicted
1.7041027236798156,4,predicted
3.410679327898967,4,predicted
5.113457328430477,4,predicted
6.819903098660246,4,predicted
1.421280554705693,5,predicted
2.8416432422406794,5,predicted
4.26388241888074,5,predicted
5.683043089537505,5,predicted
7.104119480646674,5,predicted
1.216782589862392,6,predicted
2.436237678399849,6,predicted
3.653570547747387,6,predicted
4.871464195371111,6,predicted
6.088840609550488,6,predicted
7.308680935931478,6,predicted
1.0661900075603428,7,predicted
2.13169547462597,7,predicted
3.195981004645224,7,predicted
4.263045129029661,7,predicted
5.3282968009989915,7,predicted
6.394321752170108,7,predicted
7.463016249574642,7,predicted
0.9474827859733743,8,predicted
1.8945075435819585,8,predicted
2.8416763995843835,8,predicted
3.791267948570353,8,predicted
4.736506968137751,8,predicted
5.682907344786323,8,predicted
6.633500427813079,8,predicted
7.578271979373163,8,predicted
0.854031499108454,9,predicted
1.703938557802483,9,predicted
2.558695359285923,9,predicted
3.408974008042485,9,predicted
4.262059670116579,9,predicted
5.116454043282404,9,predicted
5.962998870633827,9,predicted
6.822877295863597,9,predicted
7.6723807881652855,9,predicted
0.7749471719541781,10,predicted
1.5480949159979447,10,predicted
2.3268779130597506,10,predicted
3.098212016175123,10,predicted
3.8756500776383405,10,predicted
4.64938312664194,10,predicted
5.426755302776115,10,predicted
6.199438077369667,10,predicted
6.97648356028147,10,predicted
7.747199414113468,10,predicted
