family,parameter_level,n_coarse,n_fine,operator_window_policy,operator_window_retained_domain_fraction,operator_window_spectral_proxy,operator_window_potential_ceiling,validated_bound_states,bound_state_gate_applicable,energy_rel_max,refinement_infidelity_max,domain_rel_max,independent_residual_max,independent_residual_applicable,analytic_energy_rel_max,analytic_overlap_min,normalization_error,gram_error,nodes_exact,boundary_max,tail_max,tail_required,continuum_margin_min,solver_algebraic_max,solver_algebraic_cap,solver_auxiliary_algebraic_max,mass_gram_error,solver_seconds,passes_gate
infinite_box,low,513,1025,potential_only_weyl_window_v1,1.0,7.155094565509673,10.22156366501382,11,True,0.000284751737007001,1.7763568394002505e-15,0.0,4.746087870720613e-05,True,9.491185067466302e-05,1.0000000000000004,2.6645352591003757e-15,1.9984014443252818e-15,True,0.0,0.0,False,inf,2.411824454510581e-11,1e-06,7.101201386563853e-13,2.220446049250313e-15,0.23404815299727488,True
infinite_box,middle,513,1025,potential_only_weyl_window_v1,1.0,5.4406194261005085,7.77231346585787,11,True,0.0002847517372146839,8.881784197001252e-16,0.0,4.7460878651244586e-05,True,9.491185053567115e-05,0.9999999999999982,3.1086244689504383e-15,1.3322676295501878e-15,True,0.0,0.0,False,inf,2.56878860481855e-11,1e-06,6.012373494544184e-13,1.9984014443252818e-15,0.23341106299994863,True
infinite_box,high,513,1025,potential_only_weyl_window_v1,1.0,4.275925684463579,6.108465263519399,11,True,0.00028475173663875366,2.220446049250313e-15,0.0,4.7460878748768104e-05,True,9.491185079107977e-05,1.0000000000000004,8.881784197001252e-16,1.1102230246251565e-15,True,0.0,0.0,False,inf,2.617820870531891e-11,1e-06,3.6857144269071055e-13,1.7763568394002505e-15,0.24640750199796457,True
harmonic,low,513,1025,potential_only_weyl_window_v1,0.7697321502420421,8.483999566681394,12.119999380973422,11,True,0.00025119903993216756,1.3755657647385178e-06,3.263900763560729e-06,5.366838781900065e-05,True,8.39908475107838e-05,0.999999827430527,3.1086244689504383e-15,3.9968028886505635e-15,True,0.0,1.8486089169590384e-05,True,inf,2.637702910493224e-12,1e-06,1.1936000370411446e-13,1.1102230246251565e-15,0.23705307900127082,True
harmonic,middle,513,1025,potential_only_weyl_window_v1,0.769732150242042,10.499999463714596,14.999999233877995,11,True,0.0002511990400534675,1.3755657656266962e-06,3.2639007684513542e-06,5.36683878193271e-05,True,8.399084751617569e-05,0.9999998274305256,3.1086244689504383e-15,2.1094237467877974e-15,True,0.0,1.8486089169592756e-05,True,inf,2.662962491476268e-12,1e-06,1.1400338601468051e-13,1.5543122344752192e-15,0.32693682399803947,True
harmonic,high,513,1025,potential_only_weyl_window_v1,0.7697321502420421,12.515999360747795,17.879999086782565,11,True,0.0002511990399631246,1.3755657638503394e-06,3.2639007633935215e-06,5.366838781735858e-05,True,8.399084751103112e-05,0.9999998274305263,1.7763568394002505e-15,2.6645352591003757e-15,True,0.0,1.848608916958654e-05,True,inf,2.5127319028774853e-12,1e-06,1.2950811256767663e-13,1.7763568394002505e-15,0.23705449099907128,True
half_harmonic,low,513,1025,potential_only_weyl_window_v1,0.7714629173278809,16.967993687784322,24.23999098254903,11,True,0.0003178733910074112,5.070497193004897e-06,1.6119595643457046e-05,6.660094419620769e-05,True,0.00010600324545542912,0.9999995174039567,1.3322676295501878e-15,1.7122332859977544e-15,True,0.0,1.6532456474139635e-10,True,inf,3.083677003806356e-12,1e-06,9.066200618949956e-13,1.887379141862766e-15,0.27151338399926317,True
half_harmonic,middle,513,1025,potential_only_weyl_window_v1,0.7714629173278809,20.99999218785188,29.999988839788404,11,True,0.00031787573638362385,5.070497191672629e-06,1.611959565195369e-05,6.660094419543148e-05,True,0.0001060032454659801,0.999999517403958,2.6645352591003757e-15,2.399705138660514e-15,True,0.0,1.653245647320454e-10,True,inf,2.668936796077298e-12,1e-06,9.961932594077033e-13,1.4432899320127035e-15,0.24571068300065235,True
half_harmonic,high,513,1025,potential_only_weyl_window_v1,0.771462917327881,25.031990687919443,35.75998669702778,11,True,0.0003178758035697781,5.070497191894674e-06,1.6119595634842544e-05,6.660094419502672e-05,True,0.00010600324545524931,0.9999995174039551,2.1094237467877974e-15,2.886579864025407e-15,True,0.0,1.6532456473980036e-10,True,inf,2.6571515648381875e-12,1e-06,9.299455144713773e-13,1.4432899320127035e-15,0.24190089300100226,True
morse,low,1025,2049,potential_only_weyl_window_v1,0.26800375835819606,17.488060772136084,24.98294342805148,11,True,5.970547858688797e-05,2.1529315086254996e-07,5.159650109327907e-06,1.360488505664423e-05,True,2.4264195776474927e-05,,3.552713678800501e-15,3.774758283725532e-15,True,0.0,0.00010529429203380102,True,40.21154242870455,8.547646172789322e-12,1e-06,3.9671785338735784e-13,2.886579864025407e-15,0.4392673909987934,True
morse,middle,1025,2049,potential_only_weyl_window_v1,0.25217209957969905,19.831169299544715,28.330241813291895,11,True,5.954182878828286e-05,2.23510933095028e-07,5.540841778806035e-06,1.3619271310810608e-05,True,2.458999671971274e-05,,3.1086244689504383e-15,4.773959005888173e-15,True,0.0,0.0001117711584206218,True,42.6683552454451,7.32221179234004e-12,1e-06,3.9458962086428195e-13,2.6645352591003757e-15,0.43755697999949916,True
morse,high,1025,2049,potential_only_weyl_window_v1,0.2383352692012925,22.258343160055606,31.79763215275953,11,True,5.9326149779152284e-05,2.3113070879432485e-07,5.998410604489441e-06,1.3620202843928371e-05,True,2.4974435206524866e-05,,2.4424906541753444e-15,1.6653345369377348e-15,True,0.0,0.00011939002744749905,True,45.04111071297272,6.9931644063801985e-12,1e-06,3.8490943996447664e-13,1.887379141862766e-15,0.43811737000032736,True
poschl_h,low,1025,2049,potential_only_weyl_window_v1,0.22451408706616457,-0.49327076551916055,1.4987347772674857,11,True,0.00018251138667757516,3.3134829691139345e-07,0.00041875433446314503,0.00011160448791534282,True,0.00048163293519853934,,1.9984014443252818e-15,2.6645352591003757e-15,True,0.0,0.0011741979376284598,True,0.49450698735280163,3.2573156551968426e-12,1e-06,4.1883460308677343e-11,2.220446049250313e-15,0.42843662799896265,True
poschl_h,middle,1025,2049,potential_only_weyl_window_v1,0.2098589560930181,-0.9498002333562645,1.7264568094910508,11,True,0.000250075896126134,2.803132236328665e-07,0.00036869453820997933,7.867384413097847e-05,True,0.0004533285785340846,,2.6645352591003757e-15,2.9976021664879227e-15,True,0.0,0.0008458147995456066,True,0.951746671421466,2.533102037380943e-12,1e-06,2.1522446582265736e-11,1.7763568394002505e-15,0.43169172699890623,True
poschl_h,high,1025,2049,potential_only_weyl_window_v1,0.19874650439259597,-1.642423605715671,1.8571628780153304,11,True,0.0002098744840189903,2.4581349333807623e-07,0.00020934243642221174,5.992532353055365e-05,True,0.0002785871736367733,,2.220446049250313e-15,2.220446049250313e-15,True,0.0,0.0006538074346931121,True,1.6451588316212202,1.9172083230774023e-12,1e-06,2.6507281561225597e-11,1.9984014443252818e-15,0.4290939469992736,True
poschl_t,low,1025,2049,potential_only_weyl_window_v1,1.0,8.499127655178043,12.07103507291149,11,True,0.00013347544212377713,4.4898583406727255e-08,0.0,3.882847432393844e-05,True,4.4493343316083504e-05,0.9999999964930375,3.774758283725532e-15,3.4416913763379853e-15,True,0.0,0.0,False,inf,1.1512993860180634e-11,0.0001,1.6330986286132517e-12,1.3322676295501878e-15,0.6329830319991743,True
poschl_t,middle,1025,2049,potential_only_weyl_window_v1,1.0,11.02942060396485,15.615137023521216,11,True,0.00013834607950681223,5.695022153862084e-08,0.0,2.5787301397012805e-05,True,4.611723656608605e-05,0.9999999955031726,4.440892098500626e-15,3.552713678800501e-15,True,0.0,0.0,False,inf,7.776871138926641e-12,0.0001,1.4119088715522978e-12,1.887379141862766e-15,0.46001701599743683,True
poschl_t,high,1025,2049,potential_only_weyl_window_v1,1.0,14.044388843706255,19.813980322808938,11,True,0.00014274124078866374,7.062071560870464e-08,0.0,2.6616486201663705e-05,True,4.7582657704566454e-05,0.9999999943735871,3.1086244689504383e-15,1.9984014443252818e-15,True,0.0,0.0,False,inf,5.6329905499970525e-12,0.0001,1.3862179879769819e-12,2.886579864025407e-15,0.45331620600154565,True
radial_coulomb,low,1025,2049,potential_only_weyl_window_v1,0.18583385471072678,-0.00631457389525937,885957.4379498495,11,True,3.8436924546969564e-05,7.391969707448709e-07,2.2532221963800225e-06,0.00010832644714303747,True,1.2813932563027208e-05,0.99960570323904,1.7763568394002505e-15,1.1213252548714081e-14,True,0.0,0.00032063243973321214,True,0.005751730600485061,6.494766295275844e-11,0.0001,4.910421486303233e-09,2.886579864025407e-15,0.5388355409977521,True
radial_coulomb,middle,1025,2049,potential_only_weyl_window_v1,0.2004184278286344,-0.007925432451629454,0.2297477672465994,11,True,4.182127963492377e-06,1.0031866577442372e-06,2.4514357810367926e-07,0.0038246023286771023,True,1.3940890886132706e-06,0.9999862814386945,2.3314683517128287e-15,7.882583474838611e-15,True,0.0,2.9543513434506748e-05,True,0.007812096620131825,2.2413114753145926e-11,0.0001,1.9781430068915995e-09,3.1086244689504383e-15,0.5379310089992941,True
radial_coulomb,high,1025,2049,potential_only_weyl_window_v1,0.2004184278286344,-0.00987665489644522,0.10419045973099039,11,True,2.5081571068952258e-06,1.186927941487781e-06,1.4702828865509332e-07,6.901181563198886e-05,True,8.361360323144718e-07,0.9999942160698534,1.7763568394002505e-15,9.325873406851315e-15,True,0.0,1.6617158426706714e-05,True,0.009799567163232048,2.007247015786216e-11,0.0001,4.0192015812488617e-10,3.552713678800501e-15,0.555284758000198,True
radial_oscillator,low,1025,2049,potential_only_weyl_window_v1,0.6609129905700684,16.96807862356504,24.240112319378632,11,True,7.945776610585162e-05,3.1687907031674456e-07,4.047166155993441e-06,1.6638656876191145e-05,True,2.648872444314335e-05,0.9999999698618498,2.220446049250313e-15,1.7763568394002505e-15,True,0.0,1.850945771250226e-10,True,inf,1.085882363366378e-11,1e-06,3.4481871933219795e-12,1.5543122344752192e-15,0.41805426699829695,True
radial_oscillator,middle,1025,2049,potential_only_weyl_window_v1,0.6824358020509992,22.414260368857352,31.414280411492896,11,True,8.568867016960004e-05,3.958439248608059e-07,4.364573907692224e-06,0.00015523646659334228,True,2.8566301148518707e-05,0.9999999622707184,1.4432899320127035e-15,1.9984014443252818e-15,True,0.0,2.7424942419974787e-11,True,inf,4.436437310812087e-12,0.0001,2.1998140700546826e-12,1.9984014443252818e-15,0.4121050039993861,True
radial_oscillator,high,1025,2049,potential_only_weyl_window_v1,0.6974632399422782,27.951874824452123,38.67991033422246,11,True,9.029469296995511e-05,4.686763160899332e-07,4.599223838154611e-06,1.916688378750142e-05,True,3.010221331140969e-05,0.9999999553279904,1.9984014443252818e-15,2.9976021664879227e-15,True,0.0,1.0801024600635612e-11,True,inf,2.188786515562355e-12,0.0001,1.4529528653104144e-12,2.1094237467877974e-15,0.4134019659995829,True
kratzer,low,1025,2049,potential_only_weyl_window_v1,0.19906597478049146,-0.3760650294380079,1.4856210826149425,11,True,6.168629012659466e-05,1.4310973450726294e-06,3.142273525824635e-06,5.1125531853469024e-05,True,2.0566181874737133e-05,,2.220446049250313e-15,3.774758283725532e-15,True,0.0,6.956921268693024e-06,True,0.3745024310958991,6.688591593342955e-12,0.0001,1.7989742062762304e-10,1.887379141862766e-15,0.5012620210000023,True
kratzer,middle,1025,2049,potential_only_weyl_window_v1,0.1969883271626064,-0.7005880478970152,1.4134091392767543,11,True,8.534528098191885e-05,1.603201952971034e-06,4.38092258026046e-06,4.2707259528933496e-05,True,2.8455797005388916e-05,,2.6645352591003757e-15,2.3314683517128287e-15,True,0.0,3.4909903350044087e-06,True,0.6986825173610001,4.05808675627756e-12,0.0001,4.279161254050558e-10,2.1094237467877974e-15,0.4435366409998096,True
kratzer,high,1025,2049,potential_only_weyl_window_v1,0.19440659454890663,-1.1277437006367474,1.175576660895472,11,True,0.00010820009804386483,1.7882939634672468e-06,5.753602262472942e-06,3.8123637536496184e-05,True,3.631745479662774e-05,,2.220446049250313e-15,1.9984014443252818e-15,True,0.0,1.7166756228335906e-06,True,1.1256117632506548,2.811597611170598e-12,0.0001,2.29471415900415e-11,3.3306690738754696e-15,0.44652498200048285,True
anharmonic_polynomial,low,513,1025,potential_only_weyl_window_v1,0.7568378400819721,4.777485991544909,6.824979981353096,11,True,0.0002928514219600102,8.24107768138127e-07,4.083329111565186e-06,5.7650851188136934e-05,True,,,1.5543122344752192e-15,1.9984014443252818e-15,True,0.0,2.3384021256037074e-06,True,inf,4.331249600554292e-12,1e-06,1.269328925360697e-13,1.7763568394002505e-15,0.2867468660006125,True
anharmonic_polynomial,middle,513,1025,potential_only_weyl_window_v1,0.6945447210633381,5.620820503462155,8.029743576374507,11,True,0.00029522462281893414,7.91596387661464e-07,4.143986621077678e-06,5.790008171881457e-05,True,,,3.219646771412954e-15,3.885780586188048e-15,True,0.0,2.1937777571312683e-06,True,inf,4.343747546689904e-12,1e-06,1.2846908996742997e-13,1.2212453270876722e-15,0.2853539310017368,True
anharmonic_polynomial,high,513,1025,potential_only_weyl_window_v1,0.6584812958274312,6.233614457477849,8.905163502665646,11,True,0.00029701630497740877,7.804303638891952e-07,4.183075902366669e-06,5.813079719439878e-05,True,,,2.220446049250313e-15,2.6645352591003757e-15,True,0.0,1.994320831673304e-06,True,inf,4.8005019843154515e-12,1e-06,1.2789224778982562e-13,2.1094237467877974e-15,0.35439338000105636,True
asymmetric_well,low,513,1025,potential_only_weyl_window_v1,0.963056762994475,3.3695852461241986,4.983529670495275,11,True,0.0002510748352869061,1.988182734780075e-06,3.45823440227061e-06,5.6389798527065894e-05,True,,,1.6653345369377348e-15,1.5543122344752192e-15,True,0.0,2.3937184060680446e-05,True,inf,3.8799532929842e-12,1e-06,1.1452670816439693e-13,1.5543122344752192e-15,0.2774504200024239,True
asymmetric_well,middle,513,1025,potential_only_weyl_window_v1,0.8805252207377481,3.6812149239975738,5.643861731856219,11,True,0.00026290924393201844,2.31059686739421e-06,4.103407844550504e-06,0.00022874708883820593,True,,,3.552713678800501e-15,2.7755575615628914e-15,True,0.0,5.5386964100915334e-05,True,inf,6.667561117795495e-12,1e-06,1.241539117355506e-13,1.5543122344752192e-15,0.2785155300025508,True
asymmetric_well,high,513,1025,potential_only_weyl_window_v1,0.8242311993863348,3.6989372915851124,5.9211811104358505,11,True,0.0003013130811851114,2.2307020793865817e-06,5.023605507198237e-06,0.00038026935161719426,True,,,1.3322676295501878e-15,2.4424906541753444e-15,True,0.0,6.31110289850032e-05,True,inf,9.220059982852748e-12,1e-06,1.4610051329270668e-13,1.3322676295501878e-15,0.2780272280015197,True
double_well,low,513,1025,potential_only_weyl_window_v1,0.6707109491371241,5.339199398715019,7.694126550352411,11,True,0.00034232881390132387,4.2614181883227076e-07,5.540403796326885e-06,6.37135133843126e-05,True,,,3.3306690738754696e-15,3.552713678800501e-15,True,0.0,3.4764768232944047e-07,True,inf,7.47637001179506e-12,1e-06,1.38812528399555e-13,1.3322676295501878e-15,0.2689660450014344,True
double_well,middle,513,1025,potential_only_weyl_window_v1,0.6652735172135684,5.4113916590769175,7.730559400137807,11,True,0.00034517892041808774,3.53744229242281e-07,5.748910765686125e-06,6.378789939349946e-05,True,,,1.2212453270876722e-15,1.3322676295501878e-15,True,0.0,2.425260659936148e-07,True,inf,3.114483074234311e-12,1e-06,1.4114507778119407e-13,2.220446049250313e-15,0.26879215100052534,True
double_well,high,513,1025,potential_only_weyl_window_v1,0.6642715960594779,5.449520665611335,7.864632793874838,11,True,0.0003472406276802784,3.1451886017830333e-07,5.991383521858495e-06,6.399331881101849e-05,True,,,2.4424906541753444e-15,2.4424906541753444e-15,True,0.0,1.5507574642131647e-07,True,inf,4.494962659127994e-12,1e-06,1.4675527778814137e-13,1.5543122344752192e-15,0.2693547369999578,True
multiwell,low,513,1025,potential_only_weyl_window_v1,0.9034417501888418,2.6573273184653043,4.307307867997494,11,True,0.00037746297943975896,1.5224397919011423e-06,6.195915348034406e-06,0.00015681481206572938,True,,,3.3306690738754696e-15,2.4424906541753444e-15,True,0.0,2.164237525767816e-05,True,inf,2.7849907130134863e-12,1e-06,1.6082536647383832e-13,1.3322676295501878e-15,0.4082734320018062,True
multiwell,middle,513,1025,potential_only_weyl_window_v1,0.9167619371404502,3.71233415024587,5.3033345003512435,11,True,0.00025110531017574035,1.374447262447731e-06,3.2669603296540617e-06,5.3647514006074686e-05,True,,,4.107825191113079e-15,3.552713678800501e-15,True,0.0,1.8674618205836817e-05,True,inf,2.783284732926007e-12,1e-06,1.1773217290455715e-13,1.1102230246251565e-15,0.4232158929989964,True
multiwell,high,513,1025,potential_only_weyl_window_v1,0.8539653186933084,5.236826824468946,7.077780545222854,11,True,0.000202843273570454,1.4952167075588108e-06,4.637739972214174e-06,4.347680698570505e-05,True,,,2.886579864025407e-15,2.220446049250313e-15,True,0.0,6.524224335880915e-05,True,inf,5.424987550926646e-13,1e-06,1.0197233131245639e-13,1.3322676295501878e-15,0.4107382879992656,True
single_barrier,low,513,1025,potential_only_weyl_window_v1,0.9622213059551877,3.4624482922721045,4.927254462012799,11,True,0.0002330870434631853,1.1043617660355665e-06,3.686126077619369e-06,4.904426271698892e-05,True,,,1.887379141862766e-15,3.1086244689504383e-15,True,0.0,4.18431624657431e-05,True,inf,1.2900530910326746e-12,1e-06,1.1602525533601336e-13,1.9984014443252818e-15,0.2833441579987266,True
single_barrier,middle,513,1025,potential_only_weyl_window_v1,0.9449399895723021,3.9386064529352107,5.424477678995388,11,True,0.0002281259227623191,9.622331912373383e-07,3.319115315902331e-06,4.753926091912045e-05,True,,,2.6645352591003757e-15,3.1086244689504383e-15,True,0.0,1.146809516688746e-05,True,inf,4.55941564004546e-13,1e-06,1.0947424306144042e-13,1.9984014443252818e-15,0.2837212720005482,True
single_barrier,high,513,1025,potential_only_weyl_window_v1,0.9253082924467808,4.455799374887647,6.1893567553220645,11,True,0.0002159383964345574,1.0075995930947101e-06,3.2042185553136913e-06,4.581867098896712e-05,True,,,1.3322676295501878e-15,2.220446049250313e-15,True,0.0,8.197576609084311e-06,True,inf,6.249307653658892e-13,1e-06,8.996091988254476e-14,1.7763568394002505e-15,0.28293604500140646,True
multiple_barriers,low,513,1025,potential_only_weyl_window_v1,0.9664073164936445,3.5247499978160852,5.033565202005251,11,True,0.00021995306664672218,1.0969946646621764e-06,3.713203229551206e-06,4.686030507366084e-05,True,,,4.3298697960381105e-15,3.1086244689504383e-15,True,0.0,5.3444208926494715e-05,True,inf,1.8854099277306453e-12,1e-06,1.1141897025172298e-13,1.9984014443252818e-15,0.35935898599927896,True
multiple_barriers,middle,513,1025,potential_only_weyl_window_v1,0.9603260421747216,4.068741720257561,5.7541148171254175,11,True,0.0002138504784911206,9.665338793762857e-07,2.9126808412927464e-06,4.4369935382889744e-05,True,,,1.9984014443252818e-15,2.220446049250313e-15,True,0.0,8.796627861355106e-06,True,inf,7.391768272751205e-13,1e-06,1.051021304337213e-13,1.4432899320127035e-15,0.3659254139984114,True
multiple_barriers,high,513,1025,potential_only_weyl_window_v1,0.9469982788416432,4.670433351079763,6.215813406356053,11,True,0.00019299466162303014,7.983478066408978e-07,2.846813667602418e-06,3.8479987881558744e-05,True,,,2.220446049250313e-15,2.1094237467877974e-15,True,0.0,5.597924652697143e-06,True,inf,3.181421568113981e-13,1e-06,9.269676161577011e-14,1.887379141862766e-15,0.3373566939990269,True
gaussian_well,low,513,1025,potential_only_weyl_window_v1,0.7597123875392642,2.0714917747125434,6.147845124074037,11,True,0.001353548784516101,5.541558483646014e-06,4.2013301891610634e-05,0.005280892058486417,True,,,3.552713678800501e-15,3.3306690738754696e-15,True,0.0,0.0003002833273188536,True,inf,1.3141973701444011e-11,1e-06,2.6508708359307685e-13,1.9984014443252818e-15,0.3374650619989552,True
gaussian_well,middle,513,1025,potential_only_weyl_window_v1,0.6177114034607943,0.5253199778826024,5.036171396975147,11,True,0.0019866301446385126,3.070439161034777e-06,0.00015717967571404756,0.0024802474046233354,True,,,2.886579864025407e-15,3.1086244689504383e-15,True,0.0,0.00030206982609697265,True,inf,4.572618431077439e-12,1e-06,7.016850588128405e-13,1.9984014443252818e-15,0.28269269699922006,True
gaussian_well,high,513,1025,potential_only_weyl_window_v1,0.5816447699244933,-1.9814723339082898,2.5521823787864193,11,True,0.0011440693996060966,2.208449510487931e-06,3.310163760822845e-05,0.0002721391636160331,True,,,3.219646771412954e-15,3.6637359812630166e-15,True,0.0,0.00012193495468913978,True,inf,6.307605422122852e-13,1e-06,3.3640982331280318e-12,2.4424906541753444e-15,0.2827377690009598,True
gaussian_barrier,low,513,1025,potential_only_weyl_window_v1,0.9641220290738485,3.4894207249692903,4.854126693610212,11,True,0.00022898204037529306,1.0205101749205525e-06,3.848575534775691e-06,4.7715561497259875e-05,True,,,4.218847493575595e-15,3.9968028886505635e-15,True,0.0,4.666595527144859e-05,True,inf,6.920364319794754e-13,1e-06,1.3101870973200073e-13,1.1102230246251565e-15,0.2859310150015517,True
gaussian_barrier,middle,513,1025,potential_only_weyl_window_v1,0.9503126138392348,3.9830003057126566,5.4271010742098955,11,True,0.0002238999409066773,9.057726627625939e-07,3.3191436856718344e-06,4.6280270734818005e-05,True,,,2.220446049250313e-15,2.886579864025407e-15,True,0.0,1.039260211243572e-05,True,inf,3.8801086006357795e-13,1e-06,9.333122523932344e-14,1.887379141862766e-15,0.28341769199869304,True
gaussian_barrier,high,513,1025,potential_only_weyl_window_v1,0.9310042773974351,4.508667340453208,5.996099172410474,11,True,0.00020953769706180773,7.330173839026344e-07,3.311456764482945e-06,4.294512789292386e-05,True,,,2.220446049250313e-15,3.3306690738754696e-15,True,0.0,7.37288410306715e-06,True,inf,2.7690284571255905e-13,1e-06,9.378404040974816e-14,1.6653345369377348e-15,0.29230306100180314,True
localized_defect,low,513,1025,potential_only_weyl_window_v1,0.9481224310164625,3.2671105108192973,6.277071249754242,11,True,0.00027345137073122693,1.7080059150353932e-06,3.3260415921025885e-06,0.00012025087146717273,True,,,1.5543122344752192e-15,2.220446049250313e-15,True,0.0,2.4037934950369932e-05,True,inf,1.7233452116425772e-12,1e-06,1.5602083439959734e-13,1.3322676295501878e-15,0.2843572609999683,True
localized_defect,middle,513,1025,potential_only_weyl_window_v1,0.9167619371404502,3.71233415024587,5.3033345003512435,11,True,0.00025110531017574035,1.374447262447731e-06,3.2669603296540617e-06,5.3647514006074686e-05,True,,,4.107825191113079e-15,3.552713678800501e-15,True,0.0,1.8674618205836817e-05,True,inf,2.783284732926007e-12,1e-06,1.1773217290455715e-13,1.1102230246251565e-15,0.2898536589982541,True
localized_defect,high,513,1025,potential_only_weyl_window_v1,0.9146907838805086,4.353646655200436,6.195537095027323,11,True,0.0002492174773041886,1.457844592378521e-06,3.1661347289313634e-06,5.4432688203540044e-05,True,,,2.220446049250313e-15,1.5543122344752192e-15,True,0.0,9.946091059721826e-06,True,inf,1.281005689933005e-12,1e-06,1.0216512706273117e-13,1.3322676295501878e-15,0.28537805499945534,True
harmonic_compact,low,513,1025,potential_only_weyl_window_v1,0.9436045985461594,3.2244509683217246,5.968869886305378,11,True,0.00027946979494183633,1.99594024585803e-06,3.2558688862327317e-06,0.0006524918532465535,True,,,1.9984014443252818e-15,2.886579864025407e-15,True,0.0,2.4157560447380886e-05,True,inf,2.9952645752971785e-12,1e-06,1.3674782554341778e-13,1.3322676295501878e-15,0.31784393999987515,True
harmonic_compact,middle,513,1025,potential_only_weyl_window_v1,0.9167619371404502,3.71233415024587,5.3033345003512435,11,True,0.00025110531017574035,1.374447262447731e-06,3.2669603296540617e-06,5.3647514006074686e-05,True,,,4.107825191113079e-15,3.552713678800501e-15,True,0.0,1.8674618205836817e-05,True,inf,2.783284732926007e-12,1e-06,1.1773217290455715e-13,1.1102230246251565e-15,0.31805880600040837,True
harmonic_compact,high,513,1025,potential_only_weyl_window_v1,0.9215103501873401,4.419686375019,6.209287919562954,11,True,0.00022144563423722065,9.402299608884945e-07,3.3905969769577336e-06,4.772148605693363e-05,True,,,2.886579864025407e-15,2.487826802808923e-15,True,0.0,8.668485215712663e-06,True,inf,6.337170927975737e-13,1e-06,9.375777699802026e-14,1.7763568394002505e-15,0.3490895710019686,True
fourier_random,low,513,1025,potential_only_weyl_window_v1,0.8603815544323812,3.4570111562424937,6.619953886230998,11,True,0.00060857767373379,5.221671283694995e-06,7.4657848173383e-06,0.0007794923593918991,True,,,2.886579864025407e-15,3.1086244689504383e-15,True,0.0,0.0001249707394547907,True,inf,2.614344363540471e-12,1e-06,1.2492106637593936e-13,1.7763568394002505e-15,0.513269646999106,True
fourier_random,middle,513,1025,potential_only_weyl_window_v1,0.9167619371404502,3.71233415024587,5.3033345003512435,11,True,0.00025110531017574035,1.374447262447731e-06,3.2669603296540617e-06,5.3647514006074686e-05,True,,,4.107825191113079e-15,3.552713678800501e-15,True,0.0,1.8674618205836817e-05,True,inf,2.783284732926007e-12,1e-06,1.1773217290455715e-13,1.1102230246251565e-15,0.6267429900017305,True
fourier_random,high,513,1025,potential_only_weyl_window_v1,0.9735531726588835,4.339619109614362,6.520374750245947,11,True,0.0002932693686947897,2.563009287936957e-05,4.39650865394449e-06,0.00020435847426746162,True,,,3.1086244689504383e-15,3.9968028886505635e-15,True,0.0,5.897682610953007e-06,True,inf,2.9260626867797265e-12,1e-06,9.412839520114279e-14,1.7763568394002505e-15,0.5996246849990712,True
chebyshev_random,low,513,1025,potential_only_weyl_window_v1,0.9847947496559767,3.6781608652894735,5.108224142167143,11,True,0.000221186256285113,1.3939653746852798e-06,2.821492630177005e-06,4.7552745909358966e-05,True,,,3.552713678800501e-15,4.218847493575595e-15,True,0.0,1.3715929034016211e-05,True,inf,8.646729727263272e-13,1e-06,1.0434486413395173e-13,9.992007221626409e-16,0.41533718899881933,True
chebyshev_random,middle,513,1025,potential_only_weyl_window_v1,0.9167619371404502,3.71233415024587,5.3033345003512435,11,True,0.00025110531017574035,1.374447262447731e-06,3.2669603296540617e-06,5.3647514006074686e-05,True,,,4.107825191113079e-15,3.552713678800501e-15,True,0.0,1.8674618205836817e-05,True,inf,2.783284732926007e-12,1e-06,1.1773217290455715e-13,1.1102230246251565e-15,0.4119824259996676,True
chebyshev_random,high,513,1025,potential_only_weyl_window_v1,0.8663897894676013,3.734417171854884,5.481615515775216,11,True,0.0002797551622873655,1.3225624936330505e-06,3.769894132531032e-06,5.9257298726386874e-05,True,,,1.5543122344752192e-15,1.5543122344752192e-15,True,0.0,2.1450053739714643e-05,True,inf,3.9428510819865994e-12,1e-06,1.277800624461953e-13,1.3322676295501878e-15,0.41239030299948354,True
gaussian_random_field,low,513,1025,potential_only_weyl_window_v1,0.8617951597144264,3.4658607298084267,6.500083036234238,11,True,0.0005775259245504039,4.738455504416095e-06,8.670403924260098e-06,0.0006129067925035046,True,,,1.7763568394002505e-15,2.55351295663786e-15,True,0.0,0.00013692095012926943,True,inf,2.654359929490661e-12,1e-06,1.3276346336395379e-13,1.1102230246251565e-15,0.7542042620007123,True
gaussian_random_field,middle,513,1025,potential_only_weyl_window_v1,0.9167619371404502,3.71233415024587,5.3033345003512435,11,True,0.00025110531017574035,1.374447262447731e-06,3.2669603296540617e-06,5.3647514006074686e-05,True,,,4.107825191113079e-15,3.552713678800501e-15,True,0.0,1.8674618205836817e-05,True,inf,2.783284732926007e-12,1e-06,1.1773217290455715e-13,1.1102230246251565e-15,0.5291709850007464,True
gaussian_random_field,high,513,1025,potential_only_weyl_window_v1,0.9357998199560682,4.260154122773632,6.69385432024899,11,True,0.00031636620200573815,2.0743729899463936e-05,3.3978082929810153e-06,0.0002506325124604422,True,,,2.220446049250313e-15,2.5244381427702626e-15,True,0.0,1.6810706607008165e-05,True,inf,2.557735196107477e-12,1e-06,9.9832514225615e-14,1.4432899320127035e-15,0.5377881210006308,True
reflected_potential,low,513,1025,potential_only_weyl_window_v1,0.8310767882485036,2.3532398853275978,4.976637395546939,11,True,0.0004118259375733607,3.0806255166826446e-06,0.0005441025854981765,0.0007288969955490074,True,,,2.220446049250313e-15,3.552713678800501e-15,True,0.0,0.0042107199359977575,True,inf,3.39153148778486e-12,1e-06,1.94892881821827e-13,1.887379141862766e-15,0.31129912399956083,True
reflected_potential,middle,513,1025,potential_only_weyl_window_v1,0.8255004834488681,2.6515260997476022,5.794664684188261,11,True,0.0005578979938507533,5.1145334869495684e-06,1.6109200493633588e-05,0.0006777799223527741,True,,,2.6645352591003757e-15,3.219646771412954e-15,True,0.0,0.00015993160943038673,True,inf,5.408676957201532e-12,1e-06,1.9043571101839847e-13,2.220446049250313e-15,0.3133710349993635,True
reflected_potential,high,513,1025,potential_only_weyl_window_v1,0.798215119908467,2.8870818247807697,6.523338708164798,11,True,0.0007847422337523557,6.556507440969028e-06,1.61900710020646e-05,0.0010335182205739256,True,,,2.55351295663786e-15,2.55351295663786e-15,True,0.0,5.679552990935202e-05,True,inf,6.225415388552744e-12,1e-06,1.9022828628988387e-13,1.7763568394002505e-15,0.314217897997878,True
smooth_perturbed,low,513,1025,potential_only_weyl_window_v1,0.860698898038375,2.9533245654995732,4.900097999187317,11,True,0.00034997741756018403,2.0550099859573123e-06,9.215172649528157e-06,0.007101744151351625,True,,,1.7763568394002505e-15,2.220446049250313e-15,True,0.0,0.00012071541725868565,True,inf,8.76721877117493e-11,1e-06,1.8143365471792608e-13,2.1094237467877974e-15,0.3098939609990339,True
smooth_perturbed,middle,513,1025,potential_only_weyl_window_v1,0.9167619371404502,3.71233415024587,5.3033345003512435,11,True,0.00025110531017574035,1.374447262447731e-06,3.2669603296540617e-06,5.3647514006074686e-05,True,,,4.107825191113079e-15,3.552713678800501e-15,True,0.0,1.8674618205836817e-05,True,inf,2.783284732926007e-12,1e-06,1.1773217290455715e-13,1.1102230246251565e-15,0.3092090059999464,True
smooth_perturbed,high,513,1025,potential_only_weyl_window_v1,0.8446298447474647,4.33333142913235,6.713781634650685,11,True,0.00029241923048571356,4.364895265895896e-06,1.54698467233234e-05,0.000458364893099679,True,,,2.6645352591003757e-15,5.329070518200751e-15,True,0.0,0.00022297094630618374,True,inf,8.284289018209916e-12,1e-06,1.089041179777275e-13,2.1094237467877974e-15,0.30770773100084625,True
composite_confining,low,513,1025,potential_only_weyl_window_v1,0.7018322494008874,3.6755890896908765,6.3159981486167105,11,True,0.0004496323115631555,1.0790841156183006e-06,6.8184450850869655e-06,0.0002509143418993642,True,,,1.3322676295501878e-15,2.0356254549551512e-15,True,0.0,4.449373321260924e-06,True,inf,4.021625134415424e-12,1e-06,2.022518138026251e-13,1.6653345369377348e-15,0.39591398399898026,True
composite_confining,middle,513,1025,potential_only_weyl_window_v1,0.6945447210633381,5.620820503462155,8.029743576374507,11,True,0.00029522462281893414,7.91596387661464e-07,4.143986621077678e-06,5.790008171881457e-05,True,,,3.219646771412954e-15,3.885780586188048e-15,True,0.0,2.1937777571312683e-06,True,inf,4.343747546689904e-12,1e-06,1.2846908996742997e-13,1.2212453270876722e-15,0.3952171350010758,True
composite_confining,high,513,1025,potential_only_weyl_window_v1,0.6590259976828968,7.677039353652717,10.553491820129661,11,True,0.00023693033646647883,1.1396655946738221e-06,3.2939276204613244e-06,4.83590420853101e-05,True,,,2.6645352591003757e-15,2.220446049250313e-15,True,0.0,1.4982504939953241e-05,True,inf,7.520700059356066e-13,1e-06,1.1819442834878775e-13,1.5529914401373734e-15,0.3937709530000575,True
procedural_composite,low,513,1025,potential_only_weyl_window_v1,0.7669248993765384,3.013618318724951,5.518288069126535,11,True,0.0004804275332979113,8.896551422221677e-07,1.0933948461744336e-05,0.0001665838103995942,True,,,3.219646771412954e-15,3.4416913763379853e-15,True,0.0,9.306553990802153e-06,True,inf,2.6364450797757654e-12,1e-06,1.7010133305301136e-13,2.220446049250313e-15,0.539268936998269,True
procedural_composite,middle,513,1025,potential_only_weyl_window_v1,0.7647831374815715,4.7219393908076555,6.7456277011537935,11,True,0.0002901661604286518,8.483578647355827e-07,4.003363998337882e-06,5.737486751745708e-05,True,,,1.9984014443252818e-15,2.220446049250313e-15,True,0.0,2.5697127639245652e-06,True,inf,4.112654735475253e-12,1e-06,1.3087120226675078e-13,1.3322676295501878e-15,0.5392071990008844,True
procedural_composite,high,513,1025,potential_only_weyl_window_v1,0.6349337313651819,7.522900894765905,10.713642053462413,11,True,0.0002581276957718101,1.6748351869821931e-06,9.512496401727478e-06,5.4462455492192264e-05,True,,,2.220446049250313e-15,2.4424906541753444e-15,True,0.0,0.00010616476888179735,True,inf,2.4680167324584367e-12,1e-06,1.16782613962839e-13,1.5543122344752192e-15,0.5525692649989651,True
asymptotically_constant,low,1025,2049,potential_only_weyl_window_v1,0.22246584040007794,-3.6795003584570947,0.3501239768940785,11,True,0.00012169892830783772,1.8719411276624243e-07,4.266677204258605e-05,3.156634219899024e-05,True,,,2.6645352591003757e-15,2.6645352591003757e-15,True,0.0,0.0003205457526291692,True,3.36268604528193,1.2874374986388808e-12,1e-06,1.2187956580740439e-11,3.552713678800501e-15,0.48330180300035863,True
asymptotically_constant,middle,1025,2049,potential_only_weyl_window_v1,0.2075177151578655,-4.218721539770158,0.4018263717569184,11,True,0.00012170714457943941,1.842196484247438e-07,4.210501714571281e-05,3.152925430938854e-05,True,,,3.1086244689504383e-15,4.218847493575595e-15,True,0.0,0.0003202856277281579,True,4.222350450620571,1.1360321783209949e-12,1e-06,1.0955710918791635e-11,3.1086244689504383e-15,0.4855641429985553,True
asymptotically_constant,high,1025,2049,potential_only_weyl_window_v1,0.195243945258171,-4.7385110679792275,0.48277507240716844,11,True,0.00012210555914255012,1.857520486314712e-07,4.4595270171738486e-05,3.1678108321053953e-05,True,,,2.6645352591003757e-15,2.7755575615628914e-15,True,0.0,0.0003318356097281372,True,4.4225985318212295,1.2464452705266855e-12,1e-06,1.0858232829915715e-11,2.220446049250313e-15,0.484346158000335,True
