smoke,route,decoder_type,primary_output,topology_safeguard,parameter_matched,comparison_status,parameters,total_parameters,trainable_parameters,inference_parameters,one_step_seconds,peak_memory_bytes,memory_measurement,pre_step_loss,post_step_loss,gradient_norm,initial_fidelity,post_step_fidelity,pre_step_raw_node_accuracy,post_step_raw_node_accuracy,pre_step_independent_residual,post_step_independent_residual,pre_step_pre_gram_max_error,pre_step_gram_max_error,post_step_pre_gram_max_error,post_step_gram_max_error,finite,ema_target_frozen,term_jepa,term_subspace_projector,term_initial_subspace_projector,term_wave,term_infidelity,term_density,term_energy_ground_exact,term_energy_log_gap_exact,term_energy_spectrum_exact,term_rayleigh_energy_exact,term_energy_rayleigh_consistency,term_energy,term_energy_head,term_gap,term_h1,term_reconstruction,term_orthogonality,term_gram_barrier,term_residual,term_rayleigh,term_refinement_deep_residual,term_refinement_contraction,term_refinement_acceptance_fraction,term_refinement_mean_step_size,term_refinement_initial_residual,term_refinement_final_residual,term_refinement_relative_residual_reduction,term_refinement_iterations_used,term_refinement_converged_fraction,term_refinement_fallback_fraction,term_hybrid_topology_valid_fraction,term_hybrid_topology_fallback_fraction,term_refinement_topology_rejection_fraction,term_latent_variance,term_latent_covariance,term_reflection_wave,term_reflection_energy,term_normalization,term_boundary,term_tail,term_kan,term_fidelity,term_fidelity_all,term_pre_orth_fidelity,term_pre_orth_gram_mse,term_post_orth_gram_mse,term_ritz_min_gap,term_ritz_relative_min_gap,term_ritz_gradient_safe_fraction,term_active_state_count,term_subspace_projector_p3,term_subspace_fidelity_p3,term_subspace_projector_p6,term_subspace_fidelity_p6,term_subspace_projector_p11,term_subspace_fidelity_p11,term_topology_node_phase,term_topology_lobe_mass,term_topology_phase_cdf_supervision,term_topology_log_amplitude_supervision,term_topology_phase_smoothness,term_topology_phase_resolution,term_topology_amplitude_smoothness,term_fidelity_s0,term_fidelity_s1,term_fidelity_s2,term_fidelity_s3,term_fidelity_s4,term_fidelity_s5,term_fidelity_s6,term_fidelity_s7,term_fidelity_s8,term_fidelity_s9,term_fidelity_s10
backbone_direct_baseline,post_lowdin,topology_phase,direct_topology,True,False,ONE_STEP_WIRING_SMOKE_MATCHED_TRAINING_PENDING,235794,366714,308514,235794,0.7519118250002066,132765184,cuda_max_memory_allocated,0.0001447507384000346,9.210744610754773e-05,0.037289142687979296,0.9999993443489075,0.9999998807907104,1.0,1.0,0.0021012308677787837,0.0017492341830973805,0.0012081191166943264,0.0012081191166943264,0.000872053482307209,0.000872053482307209,True,True,0.5044294595718384,0.0,1.2755393754559918e-06,8.269155387097271e-07,7.477673875655455e-07,0.0009501971653662622,2.507281351427082e-07,7.543831998191308e-06,2.2603385332331527e-06,5.06614696860197e-06,6.472994755313266e-06,2.2603385332331527e-06,2.2603385332331527e-06,7.543831998191308e-06,1.4292032801677124e-06,2.702624365621964e-13,6.80461624824602e-08,0.0,2.4573497285018675e-05,6.472994755313266e-06,4.704473212768789e-06,0.0,1.0,0.75,0.0029151090420782566,0.0017231551464647055,0.4088882803916931,6.0,0.0,1.0,1.0,0.0,0.0,0.74754798412323,0.07753421366214752,0.0,0.0,6.502325078372451e-08,0.0,0.0,0.0,0.9999992847442627,0.9999992847442627,0.9999992847442627,6.80461624824602e-08,6.80461624824602e-08,29.765987396240234,0.025147300213575363,1.0,11.0,0.0,1.0,0.0,1.0,0.0,1.0,1.954864714548421e-09,5.732871066754797e-09,2.075950300550744e-09,4.57683455579172e-07,5.784657332696952e-05,0.0,4.584316775435582e-05,1.0,0.9999997615814209,0.9999997615814209,0.9999997615814209,0.9999998807907104,0.9999998807907104,0.9999986886978149,0.9999997615814209,0.9999995231628418,0.9999957084655762,0.9999990463256836
backbone_gnn_mlp,post_lowdin,topology_phase,direct_topology,True,False,ONE_STEP_WIRING_SMOKE_MATCHED_TRAINING_PENDING,300741,431661,373461,300741,0.7639593909989344,141702656,cuda_max_memory_allocated,0.0001804185740184039,9.388601029058918e-05,0.04954544562495563,0.9999989867210388,0.9999997615814209,1.0,1.0,0.0021149127259133637,0.00136480168647623,0.0008765125012126644,0.0008765125012126644,0.0008507427514008716,0.0008507427514008716,True,True,0.496555358171463,5.960464477539063e-08,9.298324812334613e-07,1.115659642891842e-06,1.0512092103454052e-06,0.0011787452967837453,2.4285043309646426e-06,1.4708270100527443e-05,3.6607584661396686e-06,5.066256107966183e-06,2.3609150900938403e-07,3.6607584661396686e-06,3.6607584661396686e-06,1.4708270100527443e-05,1.6689847370798816e-06,2.702624365621964e-13,4.916666185295071e-08,0.0,1.0529085557209328e-05,2.3609150900938403e-07,2.527900960558327e-06,0.0,1.0,0.75,0.002081742510199547,0.0012762105325236917,0.386950820684433,6.0,0.0,1.0,1.0,0.0,0.0,0.7592965364456177,0.0819329172372818,0.0,0.0,7.586045569496491e-08,0.0,0.0,-0.0,0.9999989867210388,0.9999989867210388,0.9999989867210388,4.916666185295071e-08,4.916666185295071e-08,29.619667053222656,0.02514727972447872,1.0,11.0,1.1920928955078125e-07,0.9999998807907104,0.0,1.0,5.960464477539063e-08,0.9999999403953552,2.3645798652438543e-09,6.34687946643453e-09,1.956212525300316e-09,4.993125344299187e-07,1.5409494153573178e-05,0.0,8.262821938842535e-05,1.0,1.0,0.9999997615814209,1.0,0.9999995231628418,0.9999992847442627,0.9999990463256836,0.9999990463256836,0.9999985694885254,0.9999948740005493,0.9999983310699463
backbone_gnn_kan,post_lowdin,topology_phase,direct_topology,True,False,ONE_STEP_WIRING_SMOKE_MATCHED_TRAINING_PENDING,363973,494893,436693,363973,3.3874832940000488,441651200,cuda_max_memory_allocated,0.00015630402776878327,0.00011085425649071112,0.025560871077228348,0.9999991655349731,0.9999997019767761,1.0,1.0,0.0025274202327623505,0.002141906322798853,0.001214482094983456,0.001214482094983456,0.0008818724045313979,0.0008818724045313979,True,True,0.5150701403617859,1.788139485370266e-07,1.5616417385899695e-06,8.546749654669838e-07,8.127906312438427e-07,0.0010289557976648211,2.5101917344727553e-06,7.5759294304589275e-06,1.0684358358048485e-06,5.065690857009031e-06,3.0290880204120185e-06,1.0684358358048485e-06,1.0684358358048485e-06,7.5759294304589275e-06,2.1389178073150106e-06,2.702624365621964e-13,7.917905975318718e-08,0.0,4.637970414478332e-05,3.0290880204120185e-06,1.5593337593600154e-05,0.0,1.0,0.75,0.005273559596389532,0.0031118502374738455,0.40991464257240295,6.0,0.0,1.0,1.0,0.0,0.0,0.7767528295516968,0.09155073016881943,0.0,0.0,4.334883385581634e-08,0.0,0.0,3.115489164429164e-07,0.9999991059303284,0.9999991059303284,0.9999991059303284,7.917905975318718e-08,7.917905975318718e-08,29.71273422241211,0.025147313252091408,1.0,11.0,1.1920928955078125e-07,0.9999998807907104,5.960464477539063e-08,0.9999999403953552,2.384185791015625e-07,0.9999997615814209,1.5006726972188744e-09,8.375215188038965e-09,1.0382867898783843e-09,5.595340439867869e-07,4.3244173866696656e-05,0.0,9.046664490597323e-05,0.9999997615814209,0.9999997615814209,0.9999998807907104,1.0,0.9999994039535522,0.9999995231628418,0.9999997615814209,0.9999997615814209,0.9999994039535522,0.9999992847442627,0.9999945163726807
decoder_spectral_sine_residual,post_lowdin,spectral_sine_residual,hybrid,True,False,ONE_STEP_WIRING_SMOKE_MATCHED_TRAINING_PENDING,376812,507732,449532,376812,0.41846863699902315,430696448,cuda_max_memory_allocated,0.0009190635173581541,0.0005040414398536086,0.12937195917564961,0.9999816417694092,0.999993085861206,1.0,1.0,0.09459622170948215,0.05063502255053174,0.006456286911351898,1.4111859796273052e-06,0.0063204345525222794,1.6405512068828898e-06,True,True,0.5006154775619507,1.66654590429971e-05,0.00300505175255239,1.7486503566033207e-05,1.833655551308766e-05,0.005969616584479809,3.922023552149767e-06,3.0415767469094135e-05,1.2060027984261978e-05,0.019658014178276062,0.01976560615003109,5.037010851083323e-06,1.2060027984261978e-05,3.0415767469094135e-05,0.0005156834959052503,2.702624365621964e-13,8.742507816350553e-06,0.0,0.05609266459941864,0.01976560615003109,0.18068616092205048,7.918564733699895e-06,1.0,0.75,0.8116459846496582,0.23683956265449524,0.7081984877586365,6.0,0.0,1.0,1.0,0.0,0.0,0.6887041330337524,0.08381088078022003,-0.0,-0.0,8.398836257583753e-07,0.0,0.0,3.1336725214714534e-07,0.9999816417694092,0.9999816417694092,0.9995502233505249,8.742507816350553e-06,8.226577107245739e-14,29.590471267700195,0.025137867778539658,1.0,11.0,1.4066696166992188e-05,0.999985933303833,1.52587890625e-05,0.9999847412109375,1.800060272216797e-05,0.9999819993972778,-0.0,-0.0,-0.0,-0.0,-0.0,-0.0,-0.0,0.9999864101409912,0.9999909400939941,0.9999785423278809,0.9999854564666748,0.9999816417694092,0.9999816417694092,0.9999755620956421,0.9999696016311646,0.9999899864196777,0.9999812841415405,0.9999772310256958
decoder_topology_phase,post_lowdin,topology_phase,direct_topology,True,False,ONE_STEP_WIRING_SMOKE_MATCHED_TRAINING_PENDING,363973,494893,436693,363973,0.8495315239997581,441571328,cuda_max_memory_allocated,7.822715269867331e-05,5.763204535469413e-05,0.017411346122520807,0.9999999403953552,1.0,1.0,1.0,0.0017061862443910828,0.001213720097826741,0.0003057449712485312,0.0003057449712485312,0.00024595146156511556,0.00024595146156511556,True,True,0.508695662021637,0.0,1.1563300859052106e-06,1.4780559354221623e-07,9.753487262287308e-08,0.0005101113929413259,9.575165677233599e-06,6.927032700332347e-06,2.5515228117001243e-06,5.066578978585312e-06,9.368414794153068e-06,2.5515228117001243e-06,2.5515228117001243e-06,6.927032700332347e-06,3.8461783447019116e-07,2.702624365621964e-13,1.973479868411232e-08,0.0,1.7019183360389434e-05,9.368414794153068e-06,1.742811377880571e-06,0.0,1.0,0.75,0.0018020292045548558,0.0010276733664795756,0.42971324920654297,6.0,0.0,1.0,1.0,0.0,0.0,0.762798547744751,0.08852794021368027,0.0,0.0,6.502325078372451e-08,0.0,0.0,3.018326140136196e-07,0.9999999403953552,0.9999999403953552,0.9999999403953552,1.973479868411232e-08,1.973479868411232e-08,29.725357055664062,0.02514735236763954,1.0,11.0,0.0,1.0,0.0,1.0,0.0,1.0,2.349302141713139e-10,3.473463294767498e-09,1.63941207831364e-10,4.3621037093544146e-07,1.2023443559883162e-05,0.0,3.2259653380606323e-05,1.0,1.0,1.0,1.0,1.0,1.0,0.9999998807907104,0.9999997615814209,0.9999997615814209,0.9999998807907104,0.9999996423721313
topology_without_node_phase_loss,post_lowdin,topology_phase,direct_topology,True,False,ONE_STEP_WIRING_SMOKE_MATCHED_TRAINING_PENDING,363973,494893,436693,363973,0.8604942129986739,441571328,cuda_max_memory_allocated,0.0001575308560859412,0.0001030426356010139,0.030314859574490607,0.9999991655349731,0.9999997019767761,1.0,1.0,0.00290692697083955,0.0020142679623215702,0.0004810189252669772,0.0004810189252669772,0.0003764956572283678,0.0003764956572283678,True,True,0.4981251657009125,5.960464477539063e-08,9.179115636470669e-07,8.685914281159057e-07,8.344650268554688e-07,0.0010204390855506063,3.34941773871833e-06,1.861353484855499e-05,5.580703145824373e-06,5.065903224021895e-06,9.9316110890868e-08,5.580703145824373e-06,5.580703145824373e-06,1.861353484855499e-05,1.7184037233164418e-06,2.702624365621964e-13,3.8997320928046975e-08,0.0,2.481537012499757e-05,9.9316110890868e-08,1.1631587767624296e-05,0.0,1.0,0.75,0.004402248188853264,0.002768575446680188,0.37109965085983276,6.0,0.0,1.0,1.0,0.0,0.0,0.7417628765106201,0.08233289420604706,0.0,0.0,4.876743631143654e-08,0.0,0.0,2.9583881655526056e-07,0.9999991059303284,0.9999991059303284,0.9999991059303284,3.8997320928046975e-08,3.8997320928046975e-08,29.621822357177734,0.025147467851638794,1.0,11.0,0.0,1.0,1.1920928955078125e-07,0.9999998807907104,5.960464477539063e-08,0.9999999403953552,1.913210034842905e-09,7.137021640346575e-09,1.5824713761602993e-09,4.689013621828053e-07,5.9678699471987784e-05,0.0,7.758313586236909e-05,1.0,1.0,0.9999997615814209,1.0,0.9999986886978149,0.9999992847442627,0.9999992847442627,0.9999988079071045,0.9999990463256836,0.9999972581863403,0.9999986886978149
topology_without_lobe_mass_loss,post_lowdin,topology_phase,direct_topology,True,False,ONE_STEP_WIRING_SMOKE_MATCHED_TRAINING_PENDING,363973,494893,436693,363973,0.8572627619996638,441571328,cuda_max_memory_allocated,0.00018175991135649383,0.0001300618314417079,0.026722487755021576,0.9999993443489075,0.9999997019767761,1.0,1.0,0.005622848865583632,0.004069007918578228,0.0012450440686154994,0.0012450440686154994,0.0007031098788546371,0.0007031098788546371,True,True,0.509223461151123,8.34465012644614e-08,1.215934844367439e-06,7.456765160895884e-07,6.935813416930614e-07,0.0011374830501154065,6.579918476745661e-07,4.684953091782518e-05,2.1248924895189703e-05,5.066533049102873e-06,6.507386387966108e-06,2.1248924895189703e-05,2.1248924895189703e-05,4.684953091782518e-05,2.774556833173847e-06,2.702624365621964e-13,1.164753200555424e-07,0.0,0.0001310750376433134,6.507386387966108e-06,3.620691131800413e-05,0.0,1.0,0.75,0.00795233529061079,0.004778234753757715,0.39914068579673767,6.0,0.0,1.0,1.0,0.0,0.0,0.7680214643478394,0.08401055634021759,0.0,0.0,3.7930227847482456e-08,0.0,0.0,2.9912399668319267e-07,0.9999992847442627,0.9999992847442627,0.9999992847442627,1.164753200555424e-07,1.164753200555424e-07,29.460708618164062,0.0251474529504776,1.0,11.0,1.1920928955078125e-07,0.9999998807907104,1.1920928955078125e-07,0.9999998807907104,5.960464477539063e-08,0.9999999403953552,1.616336176013533e-09,2.142147081940493e-08,1.6446125572500137e-09,6.040860967004846e-07,5.788741327705793e-05,0.0,0.00015266200352925807,0.9999998807907104,0.9999997615814209,0.9999995231628418,0.9999997615814209,0.9999985694885254,0.9999988079071045,0.9999991655349731,0.9999997615814209,0.9999997615814209,0.9999983310699463,0.9999990463256836
topology_without_phase_cdf_supervision,post_lowdin,topology_phase,direct_topology,True,False,ONE_STEP_WIRING_SMOKE_MATCHED_TRAINING_PENDING,363973,494893,436693,363973,0.8533648969987553,441571328,cuda_max_memory_allocated,0.0001830228284234181,0.00012600806076079607,0.0275666157895032,0.9999991655349731,0.9999995827674866,1.0,1.0,0.00395202477257746,0.0030270483195023136,0.0006344043223548164,0.0006344043223548164,0.0005461940522442147,0.0005461940522442147,True,True,0.5031419992446899,2.9802325229866256e-07,9.5367431640625e-07,9.8163616257807e-07,9.319999207946239e-07,0.001196918310597539,8.374634489882737e-06,1.3250502888695337e-05,2.982816567964619e-06,5.06463857163908e-06,1.0724853609644924e-06,2.982816567964619e-06,2.982816567964619e-06,1.3250502888695337e-05,3.4726122066786047e-06,2.702624365621964e-13,4.6641979167816316e-08,0.0,9.176919411402196e-05,1.0724853609644924e-06,4.3558837205637246e-05,0.0,1.0,0.75,0.008525127544999123,0.0053509436547756195,0.37233272194862366,6.0,0.0,1.0,1.0,0.0,0.0,0.7561477422714233,0.08372952789068222,0.0,0.0,4.876743631143654e-08,0.0,0.0,2.9936816758890927e-07,0.9999991059303284,0.9999991059303284,0.9999991059303284,4.6641979167816316e-08,4.6641979167816316e-08,29.64310073852539,0.025147339329123497,1.0,11.0,1.1920928955078125e-07,0.9999998807907104,1.1920928955078125e-07,0.9999998807907104,4.172325134277344e-07,0.9999995827674866,1.7375929584062533e-09,7.881246766316963e-09,1.2261184290096594e-09,6.448145200010913e-07,5.960271300864406e-05,0.0,0.00020961620612069964,1.0,0.9999997615814209,0.9999995231628418,0.9999997615814209,0.9999997615814209,0.9999995231628418,0.9999991655349731,0.9999992847442627,0.9999988079071045,0.9999967813491821,0.9999973773956299
topology_without_log_amplitude_supervision,post_lowdin,topology_phase,direct_topology,True,False,ONE_STEP_WIRING_SMOKE_MATCHED_TRAINING_PENDING,363973,494893,436693,363973,0.8531965860001947,441571328,cuda_max_memory_allocated,0.00010441894846735522,7.402427581837401e-05,0.020300499361454682,0.9999998807907104,0.9999999403953552,1.0,1.0,0.003151053139526992,0.0022962641330282296,0.0005173704780563414,0.0005173704780563414,0.0003321559908255524,0.0003321559908255524,True,True,0.49619901180267334,2.3841858265427618e-08,1.1205672763026087e-06,2.3556657424705918e-07,1.625581234065976e-07,0.0006497036665678024,2.9161158181523206e-06,3.298984302091412e-05,1.3600136298919097e-05,5.066606263426365e-06,2.6175584935117513e-06,1.3600136298919097e-05,1.3600136298919097e-05,3.298984302091412e-05,5.735537911277788e-07,2.702624365621964e-13,3.911462442829361e-08,0.0,1.5385532606160268e-05,2.6175584935117513e-06,1.7179677342937794e-06,0.0,1.0,0.75,0.0018692432204261422,0.0009805862791836262,0.47541001439094543,6.0,1.0,0.0,1.0,0.0,0.0,0.7514146566390991,0.09582206606864929,0.0,0.0,6.502325078372451e-08,0.0,0.0,3.0304042297757405e-07,0.9999998211860657,0.9999998211860657,0.9999998211860657,3.911462442829361e-08,3.911462442829361e-08,29.536853790283203,0.025147374719381332,1.0,11.0,1.1920928955078125e-07,0.9999998807907104,0.0,1.0,0.0,1.0,4.077090609566625e-10,8.706031451310992e-09,4.1140715834053765e-10,4.534818174306565e-07,4.446976527106017e-05,0.0,4.161547258263454e-05,1.0,1.0,0.9999998807907104,1.0,0.9999998807907104,0.9999995231628418,0.9999997615814209,0.9999997615814209,0.9999998807907104,0.9999997615814209,0.9999997615814209
topology_without_phase_resolution,post_lowdin,topology_phase,direct_topology,True,False,ONE_STEP_WIRING_SMOKE_MATCHED_TRAINING_PENDING,363973,494893,436693,363973,0.8555361350008752,441571328,cuda_max_memory_allocated,9.018276614369825e-05,8.611381781520322e-05,0.02423960878995356,0.9999998807907104,0.9999998807907104,1.0,1.0,0.0024092814617253013,0.001805340383495964,0.0005923344481598814,0.0005923344481598814,0.0004134356467619631,0.0004134356467619631,True,True,0.48621949553489685,5.960464477539063e-08,7.74860438923497e-07,1.7746809533036867e-07,1.5172091138992982e-07,0.0005830236477777362,7.295050636457745e-06,1.4418673345062416e-05,3.463191887931316e-06,5.066467565484345e-06,4.817028980141913e-07,3.463191887931316e-06,3.463191887931316e-06,1.4418673345062416e-05,7.58414500978688e-07,2.702624365621964e-13,3.25790203703491e-08,0.0,2.842389039869886e-05,4.817028980141913e-07,8.848396646499168e-06,0.0,1.0,0.75,0.004048572853207588,0.0023071139585226774,0.430141419172287,6.0,0.0,1.0,1.0,0.0,0.0,0.7967258095741272,0.08473196625709534,0.0,0.0,3.7930227847482456e-08,0.0,0.0,2.9852895977455773e-07,0.9999998211860657,0.9999998211860657,0.9999998211860657,3.25790203703491e-08,3.25790203703491e-08,29.63385772705078,0.025147320702672005,1.0,11.0,5.960464477539063e-08,0.9999999403953552,5.960464477539063e-08,0.9999999403953552,5.960464477539063e-08,0.9999999403953552,3.003590709482751e-10,3.4696150397195424e-09,2.7120794499069234e-10,4.487434068778384e-07,1.101049201679416e-05,0.0,3.2588824979029596e-05,1.0,1.0,1.0,1.0,1.0,0.9999997615814209,0.9999997615814209,0.9999996423721313,0.9999996423721313,0.9999997615814209,0.9999997615814209
topology_direct_output,post_lowdin,topology_phase,direct_topology,True,False,ONE_STEP_WIRING_SMOKE_MATCHED_TRAINING_PENDING,363973,494893,436693,363973,0.8549132490006741,441571328,cuda_max_memory_allocated,0.00014593021478503942,0.00011685681238304824,0.03519564102462194,0.9999993443489075,0.9999997615814209,1.0,1.0,0.00368411874805051,0.002759562551685218,0.0011502030531023956,0.0011502030531023956,0.0011385998932148351,0.0011385998932148351,True,True,0.5144330859184265,1.0728836485895954e-07,1.215934844367439e-06,6.64094329749787e-07,6.285580980147643e-07,0.0009255720651708543,7.199096785370784e-07,3.23979438690003e-05,1.1474216989881825e-05,5.06592641613679e-06,1.6577337191847619e-06,1.1474216989881825e-05,1.1474216989881825e-05,3.23979438690003e-05,1.767396724972059e-06,2.702624365621964e-13,9.249635724017935e-08,0.0,3.585223385016434e-05,1.6577337191847619e-06,7.6286114563117735e-06,0.0,1.0,0.75,0.0037377786356955767,0.0021568217780441046,0.42296695709228516,6.0,0.0,1.0,1.0,0.0,0.0,0.7376852035522461,0.088764987885952,0.0,0.0,2.709302115988521e-08,0.0,0.0,2.98845151291971e-07,0.9999992847442627,0.9999992847442627,0.9999992847442627,9.249635724017935e-08,9.249635724017935e-08,29.537874221801758,0.025147300213575363,1.0,11.0,2.384185791015625e-07,0.9999997615814209,1.1920928955078125e-07,0.9999998807907104,5.960464477539063e-08,0.9999999403953552,1.3201225668169059e-09,7.3784205412152915e-09,1.1537539812422892e-09,4.899329155705345e-07,2.9299075322342105e-05,0.0,8.147821790771559e-05,0.9999997615814209,1.0,0.9999998807907104,0.9999997615814209,0.9999995231628418,0.9999988079071045,0.9999997615814209,0.9999997615814209,0.9999972581863403,1.0,0.9999985694885254
topology_hybrid_output,post_lowdin,topology_phase,hybrid,True,False,ONE_STEP_WIRING_SMOKE_MATCHED_TRAINING_PENDING,363973,494893,436693,363973,0.9250658180008031,441254400,cuda_max_memory_allocated,7.481882494175807e-05,4.770771192852408e-05,0.010319056311509976,0.9999986290931702,0.999998927116394,1.0,1.0,0.001953745059305297,0.00166517254764226,0.0014593797056548247,1.642920480882104e-06,0.0015610706059353877,1.5777892997670406e-06,True,True,0.5005497336387634,1.370906943520822e-06,1.23977656585339e-06,1.9871468737164832e-07,1.452185870221001e-06,0.0004785858327522874,1.0531280167924706e-06,8.739570148463827e-06,1.6237652289419202e-06,5.06605465488974e-06,1.7763290998118464e-06,5.068734481028514e-06,1.6237652289419202e-06,8.739570148463827e-06,5.162101501809957e-07,2.702624365621964e-13,2.1325524812709773e-07,0.0,4.632227046386106e-06,1.7763290998118464e-06,8.106889254122507e-06,0.0,1.0,0.75,0.004004579037427902,0.002151765860617161,0.4626736342906952,6.0,0.0,1.0,1.0,0.0,0.0,0.7188227772712708,0.09455858170986176,0.0,0.0,1.2950463315064553e-06,0.0,0.0,3.0229472258724854e-07,0.9999986290931702,0.9999986290931702,0.9999977350234985,2.1325524812709773e-07,1.6419500579057528e-13,29.601242065429688,0.025147266685962677,1.0,11.0,1.3113021850585938e-06,0.9999986886978149,1.2516975402832031e-06,0.9999987483024597,1.430511474609375e-06,0.9999985694885254,5.1839967873945625e-09,4.352993343559319e-08,5.301651562206189e-09,9.357383419228427e-07,0.00020077194494660944,0.0,0.00034137858892790973,0.9999988079071045,0.9999983310699463,0.9999985694885254,0.9999990463256836,0.9999990463256836,0.9999983310699463,0.9999988079071045,0.9999988079071045,0.9999988079071045,0.9999983310699463,0.9999971389770508
hybrid_with_topology_safeguard,post_lowdin,topology_phase,hybrid,True,False,ONE_STEP_WIRING_SMOKE_MATCHED_TRAINING_PENDING,363973,494893,436693,363973,0.920195431999673,441254400,cuda_max_memory_allocated,4.202969648758881e-05,2.52673798968317e-05,0.008712995806076507,0.9999989867210388,0.9999989867210388,1.0,1.0,0.0022968247700318463,0.0017156655146425683,0.0006814649136841586,1.8126825129805013e-06,0.0005546126997737698,1.565536673853174e-06,True,True,0.4927423596382141,1.0728836059570312e-06,1.3947487786936108e-06,3.463278375193113e-08,1.1162323971802834e-06,0.00025702465791255236,8.435453651145508e-07,1.7812995793065056e-05,5.03946648677811e-06,5.066055109637091e-06,3.215600585804168e-08,5.0690850912360474e-06,5.03946648677811e-06,1.7812995793065056e-05,3.637341308149189e-07,2.702624365621964e-13,5.2224919500076794e-08,0.0,1.353368043055525e-05,3.215600585804168e-08,2.0635698092519306e-05,0.0,1.0,0.75,0.005884053651243448,0.003678614040836692,0.374816358089447,6.0,0.0,1.0,1.0,0.0,0.0,0.7605921030044556,0.0878380537033081,-0.0,-0.0,1.1162323971802834e-06,0.0,0.0,2.970607511088019e-07,0.9999989867210388,0.9999989867210388,0.9999996423721313,5.2224919500076794e-08,1.4288715338966335e-13,29.60153579711914,0.02514752931892872,1.0,11.0,9.5367431640625e-07,0.9999990463256836,8.344650268554688e-07,0.9999991655349731,1.1920928955078125e-06,0.9999988079071045,8.132090001389258e-10,4.906819395245066e-09,1.0179170839563767e-09,5.206542823543714e-07,6.61313533782959e-05,0.0,9.832376963458955e-05,0.9999990463256836,0.9999986886978149,0.9999996423721313,0.9999985694885254,0.9999994039535522,0.9999994039535522,0.9999988079071045,0.999998927116394,0.9999982118606567,0.9999984502792358,0.9999985694885254
hybrid_without_topology_safeguard,post_lowdin,topology_phase,hybrid,False,False,ONE_STEP_WIRING_SMOKE_MATCHED_TRAINING_PENDING,363973,494893,436693,363973,0.5394336150002346,441235968,cuda_max_memory_allocated,5.779903585789725e-05,4.543233444564976e-05,0.010698026614207318,0.9999991655349731,0.9999991655349731,1.0,1.0,0.0025010645536393595,0.001988604939125583,0.0015195133707833063,1.1025891100135965e-06,0.0012265041487937128,1.1903262053802877e-06,True,True,0.48318564891815186,8.46386001285282e-07,1.4424324490391882e-06,6.543580610696154e-08,8.453022246612818e-07,0.0003399185079615563,6.222517640708247e-06,5.022298500989564e-05,2.3591332137584686e-05,5.0651756282604765e-06,8.13089900475461e-06,5.068661721452372e-06,2.3591332137584686e-05,5.022298500989564e-05,5.659428552462487e-07,2.702624365621964e-13,1.3522054587156163e-07,0.0,1.645950396778062e-05,8.13089900475461e-06,2.6064000849146396e-05,0.0,1.0,0.75,0.00674165366217494,0.004057034850120544,0.3982136845588684,6.0,0.0,1.0,1.0,0.0,0.0,0.7424789667129517,0.08029579371213913,-0.0,-0.0,8.019533765946107e-07,0.0,0.0,2.976927362396964e-07,0.9999991059303284,0.9999991059303284,0.9999992847442627,1.3522054587156163e-07,6.564468749397506e-14,29.60127830505371,0.025147290900349617,1.0,11.0,9.5367431640625e-07,0.9999990463256836,7.748603820800781e-07,0.9999992251396179,8.344650268554688e-07,0.9999991655349731,1.4118367586135605e-09,1.1602954153033807e-08,1.1015575118733523e-09,6.969107175791578e-07,6.406740430975333e-05,0.0,0.00019190269813407212,0.9999990463256836,0.9999991655349731,0.999998927116394,0.9999990463256836,0.9999995231628418,0.9999994039535522,0.999998927116394,0.9999988079071045,0.9999992847442627,0.9999992847442627,0.9999992847442627
direct_supervised_without_jepa,post_lowdin,topology_phase,direct_topology,True,False,ONE_STEP_WIRING_SMOKE_MATCHED_TRAINING_PENDING,363973,494893,436693,363973,0.8489188170005946,441651200,cuda_max_memory_allocated,0.00024660315830260515,0.0001876048045232892,0.03229919695966174,0.9999986290931702,0.9999993443489075,1.0,1.0,0.007138874968227255,0.005244789876866976,0.0012996286656699325,0.0012996286656699325,0.0011379698649672389,0.0011379698649672389,True,True,0.5045709013938904,5.602836949947232e-07,1.4066696394365863e-06,1.3940159533376573e-06,1.365488174087659e-06,0.0016028982354328036,3.557433274181676e-06,2.493397369107697e-05,8.57779559737537e-06,5.063170192443067e-06,6.558225891239999e-07,8.57779559737537e-06,8.57779559737537e-06,2.493397369107697e-05,8.406119377468713e-06,2.702624365621964e-13,1.7718400613375707e-07,0.0,0.00029098393861204386,6.558225891239999e-07,0.00014695680874865502,0.0,1.0,0.75,0.015596714802086353,0.00985837820917368,0.36791956424713135,6.0,0.0,1.0,1.0,0.0,0.0,0.721398651599884,0.0853411853313446,0.0,0.0,3.7930227847482456e-08,0.0,0.0,3.0505211157105805e-07,0.9999986290931702,0.9999986290931702,0.9999986290931702,1.7718400613375707e-07,1.7718400613375707e-07,29.538625717163086,0.025147246196866035,1.0,11.0,7.748603820800781e-07,0.9999992251396179,5.960464477539062e-07,0.9999994039535522,4.76837158203125e-07,0.9999995231628418,2.00878846889907e-09,2.2870684901477034e-08,1.5566126165822425e-09,1.0995953516612644e-06,0.00011269291280768812,0.0,0.0006455357652157545,0.9999995231628418,0.9999992847442627,0.9999990463256836,0.9999990463256836,0.9999994039535522,0.9999990463256836,0.9999988079071045,0.9999985694885254,0.9999979734420776,0.9999980926513672,0.9999961853027344
jepa_without_physics,post_lowdin,topology_phase,direct_topology,True,False,ONE_STEP_WIRING_SMOKE_MATCHED_TRAINING_PENDING,363973,494893,436693,363973,0.8514100150005106,441645568,cuda_max_memory_allocated,0.5072036385536194,0.5021746754646301,0.35744864502648216,0.9999989867210388,0.9999995231628418,1.0,1.0,0.004880360788703793,0.004245909807176474,0.0009507647537299126,0.0009507647537299126,0.0008454824456447967,0.0008454824456447967,True,True,0.5072030425071716,1.9073486612342094e-07,8.940697284742782e-07,1.049984575729468e-06,1.0078603054353152e-06,0.0013950158609077334,1.7597226360521745e-06,1.4003226169734262e-05,3.168431248923298e-06,5.0657445171964355e-06,8.032704954530345e-07,3.168431248923298e-06,3.168431248923298e-06,1.4003226169734262e-05,5.633450655295746e-06,2.702624365621964e-13,1.1765734342361611e-07,0.0,0.0001785100030247122,8.032704954530345e-07,2.6793361030286178e-05,0.0,1.0,0.75,0.006688588764518499,0.004200380761176348,0.37200793623924255,6.0,0.0,1.0,1.0,0.0,0.0,0.7097464203834534,0.0872257724404335,0.0,0.0,3.2511625391862253e-08,0.0,0.0,2.907985674482916e-07,0.9999989867210388,0.9999989867210388,0.9999989867210388,1.1765734342361611e-07,1.1765734342361611e-07,29.66991424560547,0.025147298350930214,1.0,11.0,3.5762786865234375e-07,0.9999996423721313,2.384185791015625e-07,0.9999997615814209,1.1920928955078125e-07,0.9999998807907104,1.924369552597227e-09,2.4106460827511e-08,1.8399487489162425e-09,7.725795398982882e-07,6.893130193930119e-05,0.0,0.0002268561947857961,0.9999992847442627,0.9999996423721313,0.9999995231628418,0.9999985694885254,0.9999996423721313,0.9999998807907104,0.9999984502792358,0.9999994039535522,0.9999984502792358,0.9999977350234985,0.9999983310699463
jepa_with_physics_wiring,post_lowdin,topology_phase,direct_topology,True,False,ONE_STEP_WIRING_SMOKE_MATCHED_TRAINING_PENDING,363973,494893,436693,363973,0.8519545450017176,441597440,cuda_max_memory_allocated,0.5020418763160706,0.49584370851516724,0.4755016781774479,0.9999997019767761,0.9999998807907104,1.0,1.0,0.002606943265092676,0.0017525133753573618,0.001309678234576288,0.001309678234576288,0.0009758580675000114,0.0009758580675000114,True,True,0.5020403265953064,0.0,1.0490417707842425e-06,4.3777063751804235e-07,3.5762786865234375e-07,0.0007984187686815858,1.1429816595409648e-06,2.27375185204437e-05,6.735602710250532e-06,5.066203812020831e-06,1.63643633754873e-07,6.735602710250532e-06,6.735602710250532e-06,2.27375185204437e-05,9.752228606885183e-07,2.702624365621964e-13,9.196152461754536e-08,0.0,1.6794241673778743e-05,1.63643633754873e-07,4.184951649222057e-06,0.0,1.0,0.75,0.0027301437221467495,0.0016194158233702183,0.40683862566947937,6.0,0.0,1.0,1.0,0.0,0.0,0.7369775772094727,0.07655618339776993,0.0,0.0,3.7930227847482456e-08,0.0,0.0,3.0342516765813343e-07,0.9999996423721313,0.9999996423721313,0.9999996423721313,9.196152461754536e-08,9.196152461754536e-08,29.58397674560547,0.025147337466478348,1.0,11.0,0.0,1.0,0.0,1.0,0.0,1.0,8.421498498556446e-10,9.768037045887468e-09,6.516681083645892e-10,4.979642085345404e-07,2.6176858227699995e-05,0.0,7.451425335602835e-05,1.0,1.0,0.9999997615814209,1.0,1.0,0.9999992847442627,0.9999997615814209,0.9999997615814209,0.9999985694885254,0.9999991655349731,0.9999997615814209
local_graph_only,post_lowdin,topology_phase,direct_topology,True,False,ONE_STEP_WIRING_SMOKE_MATCHED_TRAINING_PENDING,363973,494893,436693,363973,0.839284501000293,236161024,cuda_max_memory_allocated,0.5131726264953613,0.5084435939788818,0.324393443761843,0.9999964833259583,0.9999977946281433,1.0,1.0,0.005162480785557932,0.004827002872169736,0.0014579872221901122,0.0014579872221901122,0.0012601248888420812,0.0012601248888420812,True,True,0.5131716132164001,6.556511493727157e-07,1.6808511418275884e-06,3.615050218286342e-06,3.5546042909118114e-06,0.0021115674171596766,2.2025117232260527e-06,8.875637831806671e-06,1.1739970204871497e-06,5.066415269538993e-06,5.138968390383525e-06,1.1739970204871497e-06,1.1739970204871497e-06,8.875637831806671e-06,9.204676644003484e-06,2.702624365621964e-13,2.589901839655795e-07,0.0,0.00025483901845291257,5.138968390383525e-06,2.449266867188271e-05,0.0,1.0,0.75,0.006707558408379555,0.003863443387672305,0.42401644587516785,6.0,0.0,1.0,1.0,0.0,0.0,0.7141093015670776,0.08749358355998993,0.0,0.0,7.044184968663103e-08,0.0,0.0,2.9587982908196864e-07,0.9999964237213135,0.9999964237213135,0.9999964237213135,2.589901839655795e-07,2.589901839655795e-07,29.70307159423828,0.025147298350930214,1.0,11.0,4.76837158203125e-07,0.9999995231628418,4.76837158203125e-07,0.9999995231628418,7.748603820800781e-07,0.9999992251396179,6.9226566701274805e-09,3.715084773148192e-08,5.9408069574828914e-09,9.385596513311611e-07,0.00025950424605980515,0.0,0.00040052691474556923,0.9999988079071045,0.9999995231628418,0.9999995231628418,0.9999996423721313,0.9999985694885254,0.9999971389770508,0.9999982118606567,0.9999990463256836,0.9999918937683105,0.9999942779541016,0.9999842643737793
multiscale_graph_no_global,post_lowdin,topology_phase,direct_topology,True,False,ONE_STEP_WIRING_SMOKE_MATCHED_TRAINING_PENDING,363973,494893,436693,363973,0.8444824869984586,441479168,cuda_max_memory_allocated,0.5110430717468262,0.5057103037834167,0.39683206180144903,0.9999988079071045,0.9999989867210388,1.0,1.0,0.0044754424614593495,0.0037563584368894938,0.0011880922357560707,0.0011880922357560707,0.0010072429908619693,0.0010072429908619693,True,True,0.511042058467865,7.152557657263969e-08,1.1920928955078125e-06,1.300445660490368e-06,1.1920928955078125e-06,0.0015179269248619676,1.4896792208674015e-06,2.4669596314197406e-05,7.1242097874346655e-06,5.066749054094544e-06,2.511409320504754e-07,7.1242097874346655e-06,7.1242097874346655e-06,2.4669596314197406e-05,3.5068680972472066e-06,2.702624365621964e-13,2.5544593995618925e-07,0.0,8.471433102386072e-05,2.511409320504754e-07,3.730247408384457e-05,0.0,1.0,0.75,0.007992335595190525,0.004903359338641167,0.3864923119544983,6.0,0.0,1.0,1.0,0.0,0.0,0.7302272319793701,0.07999283820390701,0.0,0.0,7.044184968663103e-08,0.0,0.0,3.0600196510022215e-07,0.9999988079071045,0.9999988079071045,0.9999988079071045,2.5544593995618925e-07,2.5544593995618925e-07,29.621707916259766,0.025147458538413048,1.0,11.0,5.960464477539063e-08,0.9999999403953552,1.1920928955078125e-07,0.9999998807907104,5.960464477539063e-08,0.9999999403953552,1.7552371778251086e-09,5.708172068352724e-08,1.558896012276989e-09,9.88539909485553e-07,0.00010962528176605701,0.0,0.0003509751695673913,1.0,0.9999992847442627,1.0,0.9999997615814209,0.9999994039535522,0.9999960660934448,0.9999972581863403,0.9999992847442627,0.999997615814209,0.9999994039535522,0.9999988079071045
multiscale_plus_global,post_lowdin,topology_phase,direct_topology,True,False,ONE_STEP_WIRING_SMOKE_MATCHED_TRAINING_PENDING,363973,494893,436693,363973,0.846578718001183,441645568,cuda_max_memory_allocated,0.501338005065918,0.4954434037208557,0.40911048589285776,0.9999995231628418,0.9999998807907104,1.0,1.0,0.002410467794014507,0.0018930861537516267,0.0006303511452513092,0.0006303511452513092,0.0005537937371682673,0.0005537937371682673,True,True,0.5013374090194702,3.5762788286319847e-08,1.0251999356114538e-06,5.69739427191962e-07,4.6599996039731195e-07,0.0009134661522693932,1.054221115737164e-06,1.8625756638357416e-05,5.0456255848985165e-06,5.066528501629364e-06,4.0384996680131735e-08,5.0456255848985165e-06,5.0456255848985165e-06,1.8625756638357416e-05,1.1055625463995966e-06,2.702624365621964e-13,5.036311989670139e-08,0.0,1.621369483473245e-05,4.0384996680131735e-08,5.010847871744772e-06,0.0,1.0,0.75,0.0029891945887356997,0.0017785951495170593,0.40499183535575867,6.0,0.0,1.0,1.0,0.0,0.0,0.746703028678894,0.0947892814874649,0.0,0.0,5.418604231977042e-08,0.0,0.0,3.1077721018846205e-07,0.999999463558197,0.999999463558197,0.999999463558197,5.036311989670139e-08,5.036311989670139e-08,29.63550567626953,0.025147346779704094,1.0,11.0,0.0,1.0,0.0,1.0,5.960464477539063e-08,0.9999999403953552,1.0874761091628216e-09,9.01735486280586e-09,8.73265404432999e-10,5.30478473592666e-07,1.950940531969536e-05,0.0,7.411621481878683e-05,1.0,1.0,1.0,0.9999997615814209,0.9999998807907104,0.9999996423721313,0.9999997615814209,0.9999992847442627,0.9999990463256836,0.999998927116394,0.9999985694885254
orthogonality_loss_only,loss_only,topology_phase,direct_topology,True,False,ONE_STEP_WIRING_SMOKE_MATCHED_TRAINING_PENDING,363973,494893,436693,363973,0.8545931270000438,441660416,cuda_max_memory_allocated,0.0003612145665101707,0.00025102638755925,0.05181509721942538,0.9999953508377075,0.9999980330467224,1.0,1.0,0.0034919763524268507,0.0028683123819022247,0.0014315446263122719,0.0014315446263122719,0.0013207399939310816,0.0013207399939310816,True,True,0.48704320192337036,5.006790502193326e-07,1.5378000171040185e-06,4.632041054719593e-06,4.6058135012572166e-06,0.0023627958726137877,4.697448900969903e-07,1.1315730262140278e-05,2.242664550067275e-06,5.0633734645089135e-06,1.0081134860229213e-06,2.242664550067275e-06,2.242664550067275e-06,1.1315730262140278e-05,7.4655267781054135e-06,2.702624365621964e-13,2.0582973547789152e-07,0.0,5.8516860008239746e-05,1.0081134860229213e-06,2.0261009922251105e-05,0.0,1.0,0.75,0.005981907714158297,0.003572291461750865,0.40281736850738525,6.0,0.0,1.0,1.0,0.0,0.0,0.707037091255188,0.0873253345489502,0.0,0.0,5.418604231977042e-08,0.0,0.0,2.999940420522762e-07,0.9999952912330627,0.9999952912330627,0.9999952912330627,2.0582973547789152e-07,2.0582973547789152e-07,29.641498565673828,0.025147369131445885,1.0,11.0,4.76837158203125e-07,0.9999995231628418,7.748603820800781e-07,0.9999992251396179,4.172325134277344e-07,0.9999995827674866,1.4718337659758163e-08,1.6638750821584836e-08,1.522061410241804e-08,7.162179258557444e-07,0.00023346258967649192,0.0,0.00018195435404777527,0.9999997615814209,0.9999997615814209,0.9999978542327881,0.9999877214431763,0.9999973773956299,0.9999957084655762,0.9999959468841553,0.999990701675415,0.9999895095825195,0.9999971389770508,0.9999978542327881
regularized_lowdin,post_lowdin,topology_phase,direct_topology,True,False,ONE_STEP_WIRING_SMOKE_MATCHED_TRAINING_PENDING,363973,494893,436693,363973,0.8523955170003319,441651200,cuda_max_memory_allocated,0.00018799009558279067,0.00013159267837181687,0.027397214057776866,0.9999989867210388,0.9999997019767761,1.0,1.0,0.003084739330997435,0.002733029981233072,0.0007740723517147935,0.0007740723517147935,0.0006127095768710857,0.0006127095768710857,True,True,0.4965565800666809,2.1457672971791908e-07,1.0013581004386651e-06,9.771160875970963e-07,9.861859098236891e-07,0.0012381970882415771,6.346234840748366e-06,7.89710884419037e-06,1.5802851294210996e-06,5.066051471658284e-06,3.215184733562637e-06,1.5802851294210996e-06,1.5802851294210996e-06,7.89710884419037e-06,3.0077399060246535e-06,2.702624365621964e-13,5.793019752786677e-08,0.0,6.089159433031455e-05,3.215184733562637e-06,1.0712227776821237e-05,0.0,1.0,0.75,0.004397764336317778,0.002574648940935731,0.41455504298210144,6.0,0.0,1.0,1.0,0.0,0.0,0.7905070781707764,0.09018167853355408,0.0,0.0,3.7930227847482456e-08,0.0,0.0,2.984826608098956e-07,0.9999989867210388,0.9999989867210388,0.9999989867210388,5.793019752786677e-08,5.793019752786677e-08,29.684825897216797,0.02514754980802536,1.0,11.0,2.384185791015625e-07,0.9999997615814209,1.1920928955078125e-07,0.9999998807907104,2.384185791015625e-07,0.9999997615814209,1.99312011339714e-09,8.582845545390683e-09,2.1383967929722303e-09,5.582743938248313e-07,8.341453212779015e-05,0.0,0.00011572341463761404,0.9999998807907104,0.9999994039535522,0.9999995231628418,0.9999995231628418,0.9999992847442627,0.9999995231628418,0.9999995231628418,0.9999985694885254,0.9999983310699463,0.9999973773956299,0.9999982118606567
lowdin_plus_mild_loss,post_lowdin,topology_phase,direct_topology,True,False,ONE_STEP_WIRING_SMOKE_MATCHED_TRAINING_PENDING,363973,494893,436693,363973,0.8509113750005781,441644032,cuda_max_memory_allocated,0.00019376147247385234,0.0001306615158682689,0.026708085525520234,0.999998927116394,0.9999995231628418,1.0,1.0,0.0031841997561832887,0.0024333929524271917,0.000670918953552928,0.000670918953552928,0.0005240934146329676,0.0005240934146329676,True,True,0.4999566376209259,1.1920928955078125e-07,1.3470651083480334e-06,1.1653434057734557e-06,1.1270695949860965e-06,0.0012672091834247112,6.282651838773745e-07,1.4790329259994905e-05,3.679661404021317e-06,5.06509513797937e-06,1.594257099668539e-07,3.679661404021317e-06,3.679661404021317e-06,1.4790329259994905e-05,2.625539991640835e-06,2.702624365621964e-13,6.18834334886742e-08,0.0,4.163218181929551e-05,1.594257099668539e-07,1.935818545462098e-05,0.0,1.0,0.75,0.005909640807658434,0.0034550505224615335,0.41535353660583496,6.0,0.0,1.0,1.0,0.0,0.0,0.7350425720214844,0.08709143102169037,0.0,0.0,5.418604231977042e-08,0.0,0.0,2.9285658342814713e-07,0.9999988675117493,0.9999988675117493,0.9999988675117493,6.18834334886742e-08,6.18834334886742e-08,29.582698822021484,0.025147344917058945,1.0,11.0,1.1920928955078125e-07,0.9999998807907104,1.1920928955078125e-07,0.9999998807907104,1.1920928955078125e-07,0.9999998807907104,2.3110715563490203e-09,1.352700795820283e-08,1.8725598849300695e-09,6.042749305379402e-07,0.00010945274698315188,0.0,0.0001316695415880531,0.9999998807907104,0.9999997615814209,0.9999992847442627,0.9999996423721313,0.9999995231628418,0.9999994039535522,0.9999984502792358,0.9999992847442627,0.9999978542327881,0.9999979734420776,0.999996542930603
energy_head_only,post_lowdin,topology_phase,direct_topology,True,False,ONE_STEP_WIRING_SMOKE_MATCHED_TRAINING_PENDING,363973,494893,436693,363973,0.8397673380004562,441695744,cuda_max_memory_allocated,5.095772849017521e-06,3.3083028938563075e-06,0.004210161671409436,0.9999983906745911,0.9999984502792358,1.0,1.0,0.0038325870235204327,0.0036690723152840335,0.000789747984375241,0.000789747984375241,0.0007739948360697839,0.0007739948360697839,True,True,0.5065805315971375,2.1457672971791908e-07,1.4901162330716033e-06,1.7531187950226013e-06,1.6689300537109375e-06,0.0014460076345130801,5.985812094877474e-07,1.4185815416567493e-05,2.258609811178758e-06,5.064200649940176e-06,1.0578395404081675e-06,2.258609811178758e-06,2.258609811178758e-06,1.4185815416567493e-05,5.00795340485638e-06,2.702624365621964e-13,8.284471419983674e-08,0.0,0.00011176832776982337,1.0578395404081675e-06,2.0674555344157852e-05,0.0,1.0,0.75,0.006318619009107351,0.0034878687001764774,0.4480014145374298,6.0,0.0,1.0,1.0,0.0,0.0,0.7308576107025146,0.09347672015428543,0.0,0.0,8.12790617032988e-08,0.0,0.0,2.9489251573977526e-07,0.9999983310699463,0.9999983310699463,0.9999983310699463,8.284471419983674e-08,8.284471419983674e-08,29.632577896118164,0.02514725551009178,1.0,11.0,1.1920928955078125e-07,0.9999998807907104,5.960464477539063e-08,0.9999999403953552,2.980232238769531e-07,0.9999997019767761,3.1994400462309613e-09,1.2817157113431676e-08,2.385314168407149e-09,6.723983005940681e-07,0.00014146337343845516,0.0,0.0001482766238041222,0.9999995231628418,0.9999995231628418,0.9999998807907104,0.9999998807907104,1.0,0.9999991655349731,0.9999995231628418,0.9999980926513672,0.9999958276748657,0.9999969005584717,0.9999933242797852
rayleigh_coupled_energy,post_lowdin,topology_phase,direct_topology,True,False,ONE_STEP_WIRING_SMOKE_MATCHED_TRAINING_PENDING,363973,494893,436693,363973,0.851527728000292,441645056,cuda_max_memory_allocated,3.201365689164959e-05,1.5071533198351972e-05,0.01843175696418514,0.9999993443489075,0.9999994039535522,1.0,1.0,0.0047106959020457246,0.0037443478124308967,0.0006902460496989984,0.0006902460496989984,0.0006521523033614192,0.0006521523033614192,True,True,0.503162145614624,8.34465012644614e-08,9.059906460606726e-07,7.751619932605536e-07,6.935813416930614e-07,0.001070488477125764,1.588717168488074e-05,5.0953975005541e-05,2.1173507775529288e-05,5.065825462224893e-06,6.493527052953141e-06,2.1173507775529288e-05,2.1173507775529288e-05,5.0953975005541e-05,1.9439507923380006e-06,2.702624365621964e-13,5.7129295072400055e-08,0.0,5.4839299991726875e-05,6.493527052953141e-06,2.2363761672750115e-05,0.0,1.0,0.75,0.006256551947444677,0.003757012775167823,0.39950746297836304,6.0,0.0,1.0,1.0,0.0,0.0,0.7515721321105957,0.09766082465648651,0.0,0.0,5.960464477539063e-08,0.0,0.0,2.9537523005274124e-07,0.9999992847442627,0.9999992847442627,0.9999992847442627,5.7129295072400055e-08,5.7129295072400055e-08,29.444355010986328,0.025147367268800735,1.0,11.0,1.1920928955078125e-07,0.9999998807907104,1.1920928955078125e-07,0.9999998807907104,5.960464477539063e-08,0.9999999403953552,1.397023052795987e-09,1.0767096547681376e-08,1.1501671837166327e-09,5.621168952529842e-07,5.439276355900802e-05,0.0,0.0001134746489697136,0.9999998807907104,0.9999997615814209,1.0,0.9999996423721313,1.0,0.9999997615814209,0.9999983310699463,0.9999995231628418,0.9999992847442627,0.999997615814209,0.9999985694885254
refinement_t0_initializer,post_lowdin,topology_phase,direct_topology,True,False,ONE_STEP_WIRING_SMOKE_MATCHED_TRAINING_PENDING,363973,494893,436693,363973,0.33608452699991176,424550400,cuda_max_memory_allocated,0.517896294593811,0.5114796757698059,0.4629132258389433,0.9999991655349731,0.9999994039535522,1.0,1.0,0.005015479268189796,0.0036519759214129924,0.000969415489977915,0.000969415489977915,0.0008575350296912542,0.0008575350296912542,True,True,0.5178870558738708,9.536744016713783e-08,1.3351440202313825e-06,8.800342925496807e-07,8.344650268554688e-07,0.0011645648628473282,4.406878062468422e-08,2.5497516617178917e-05,8.70709482114762e-06,5.0655721679504495e-06,7.001673907325312e-07,8.70709482114762e-06,8.70709482114762e-06,2.5497516617178917e-05,4.112210717721609e-06,2.702624365621964e-13,7.662136880526305e-08,0.0,0.00016190347378142178,7.001673907325312e-07,0.0,0.0,0.0,0.0,0.007312966976314783,0.007312966976314783,0.0,0.0,0.0,1.0,1.0,0.0,0.0,0.7554898262023926,0.09609733521938324,0.0,0.0,5.418604231977042e-08,0.0,0.0,2.9531091172430024e-07,0.9999991059303284,0.9999991059303284,0.9999991059303284,7.662136880526305e-08,7.662136880526305e-08,29.566104888916016,0.025147272273898125,1.0,11.0,5.960464477539063e-08,0.9999999403953552,5.960464477539063e-08,0.9999999403953552,1.1920928955078125e-07,0.9999998807907104,1.516746395147095e-09,1.3164548562372147e-08,1.1533728416779354e-09,6.214092991285725e-07,4.523580355453305e-05,0.0,0.0001636334345676005,0.9999996423721313,0.9999996423721313,0.9999997615814209,0.9999997615814209,0.9999997615814209,0.9999997615814209,0.9999984502792358,0.9999991655349731,0.9999992847442627,0.9999983310699463,0.9999972581863403
refinement_t1_hybrid,post_lowdin,topology_phase,direct_topology,True,False,ONE_STEP_WIRING_SMOKE_MATCHED_TRAINING_PENDING,363973,494893,436693,363973,0.44448018100047193,427054080,cuda_max_memory_allocated,0.5048729777336121,0.4986075758934021,0.4711037613724,0.9999993443489075,0.9999995231628418,1.0,1.0,0.0030866083643429523,0.0021053293055085806,0.0008717661911906676,0.0008717661911906676,0.0009011467767116948,0.0009011467767116948,True,True,0.504870593547821,5.960464477539063e-08,1.1205672763026087e-06,7.695243198213575e-07,7.369301329163136e-07,0.0009050100925378501,1.647931640036404e-05,2.987436528201215e-05,1.2496630915848073e-05,5.066522135166451e-06,2.565406248322688e-06,1.2496630915848073e-05,1.2496630915848073e-05,2.987436528201215e-05,1.0857273764486308e-06,2.702624365621964e-13,7.643588872952023e-08,0.0,1.525594234408345e-05,2.565406248322688e-06,6.425573246815475e-06,0.0,1.0,0.75,0.0028342376463115215,0.002534871455281973,0.10562494397163391,1.0,0.0,1.0,1.0,0.0,0.0,0.7512564063072205,0.10332120954990387,0.0,0.0,9.753487262287308e-08,0.0,0.0,2.9989107019900985e-07,0.9999992847442627,0.9999992847442627,0.9999992847442627,7.643588872952023e-08,7.643588872952023e-08,29.513526916503906,0.0251473356038332,1.0,11.0,0.0,1.0,1.1920928955078125e-07,0.9999998807907104,5.960464477539063e-08,0.9999999403953552,2.093742512698782e-09,4.936747455275281e-09,1.9644899040827113e-09,4.2845704228966497e-07,0.0001330635859631002,0.0,3.304789061076008e-05,1.0,1.0,1.0,0.9999985694885254,0.9999997615814209,0.9999997615814209,0.9999995231628418,0.9999977350234985,0.9999995231628418,0.9999977350234985,0.9999992847442627
refinement_t3_classical,post_lowdin,topology_phase,direct_topology,True,False,ONE_STEP_WIRING_SMOKE_MATCHED_TRAINING_PENDING,352728,494893,425448,352728,0.5932943600000726,425300480,cuda_max_memory_allocated,0.49768680334091187,0.49098604917526245,0.4728120414901495,0.9999985694885254,0.9999989867210388,1.0,1.0,0.005068956258056733,0.0040777720082850214,0.0013598769763539667,0.0013598769763539667,0.0013156614352679953,0.0013156614352679953,True,True,0.4976779818534851,2.6226044269606064e-07,1.323223159488407e-06,1.4963800367695512e-06,1.441348672415188e-06,0.001578388619236648,4.3801892957162636e-07,1.7842208762886003e-05,4.757485385198379e-06,5.064551260147709e-06,5.899114796648064e-08,4.757485385198379e-06,4.757485385198379e-06,1.7842208762886003e-05,5.596851679001702e-06,2.702624365621964e-13,1.7147898745406565e-07,0.0,0.00015957736468408257,5.899114796648064e-08,5.4862754041096196e-05,0.0,1.0,0.75,0.009097184985876083,0.006632380653172731,0.27094143629074097,3.0,0.0,1.0,1.0,0.0,0.0,0.7302597761154175,0.08410247415304184,0.0,0.0,3.7930227847482456e-08,0.0,0.0,2.9014120173087576e-07,0.9999985098838806,0.9999985098838806,0.9999985098838806,1.7147898745406565e-07,1.7147898745406565e-07,29.613162994384766,0.02514730766415596,1.0,11.0,5.364418029785156e-07,0.999999463558197,5.960464477539063e-08,0.9999999403953552,2.384185791015625e-07,0.9999997615814209,2.877276417123653e-09,2.5231349454202245e-08,2.328170767285087e-09,8.561317486055486e-07,6.596277671633288e-05,0.0,0.00023532839259132743,0.9999991655349731,0.9999990463256836,0.9999994039535522,0.9999995231628418,0.9999974966049194,0.9999998807907104,0.9999992847442627,0.9999966621398926,0.9999985694885254,0.9999973773956299,0.9999977350234985
refinement_t3_hybrid,post_lowdin,topology_phase,direct_topology,True,False,ONE_STEP_WIRING_SMOKE_MATCHED_TRAINING_PENDING,363973,494893,436693,363973,0.6487574560014764,432734208,cuda_max_memory_allocated,0.5077840685844421,0.500462532043457,0.5668297903297282,0.9999997019767761,0.9999998807907104,1.0,1.0,0.0027117614603471194,0.002009750436473891,0.0006793547422687136,0.0006793547422687136,0.0005494833169216813,0.0005494833169216813,True,True,0.5077817440032959,0.0,7.510185469072894e-07,3.4366840395705367e-07,3.0344182277985965e-07,0.0007972229504957795,2.8080933134333463e-06,1.756556230247952e-05,4.408218501339434e-06,5.066492121841293e-06,1.6422772830537724e-07,4.408218501339434e-06,4.408218501339434e-06,1.756556230247952e-05,1.3357138186620432e-06,2.702624365621964e-13,4.89053988417254e-08,0.0,3.664281757664867e-05,1.6422772830537724e-07,6.071886673453264e-06,0.0,1.0,0.75,0.0029094372875988483,0.0022552486043423414,0.2248505800962448,3.0,0.0,1.0,1.0,0.0,0.0,0.7781190872192383,0.0982227623462677,0.0,0.0,1.6255812695931127e-08,0.0,0.0,3.085868343077891e-07,0.9999996423721313,0.9999996423721313,0.9999996423721313,4.89053988417254e-08,4.89053988417254e-08,29.605682373046875,0.025147434324026108,1.0,11.0,0.0,1.0,0.0,1.0,0.0,1.0,5.72599079262659e-10,1.1386378950817289e-08,5.237147937542375e-10,5.054852749708516e-07,3.3045853342628106e-05,0.0,7.725848990958184e-05,0.9999998807907104,1.0,1.0,0.9999996423721313,0.9999996423721313,0.9999997615814209,0.9999997615814209,0.9999995231628418,0.9999997615814209,0.9999992847442627,0.9999994039535522
refinement_t5_hybrid,post_lowdin,topology_phase,direct_topology,True,False,ONE_STEP_WIRING_SMOKE_MATCHED_TRAINING_PENDING,363973,494893,436693,363973,0.8503394300005311,438414336,cuda_max_memory_allocated,0.5063821077346802,0.4994898736476898,0.5141677436359573,0.9999992251396179,0.9999993443489075,1.0,1.0,0.004137057904237648,0.003187642101402886,0.0012154839030434298,0.0012154839030434298,0.0012855141640361863,0.0012855141640361863,True,True,0.5063754916191101,1.0728836485895954e-07,9.655952908360632e-07,8.383794352084806e-07,7.586045853713586e-07,0.0012402698630467057,1.2150476891292783e-07,1.279988373426022e-05,2.5268850549764466e-06,5.066183348390041e-06,6.23682524292235e-07,2.5268850549764466e-06,2.5268850549764466e-06,1.279988373426022e-05,3.6447643196879653e-06,2.702624365621964e-13,1.2127257775773614e-07,0.0,0.0001230430498253554,6.23682524292235e-07,4.163934863754548e-05,0.0,1.0,0.75,0.008210351690649986,0.0053973086178302765,0.34262150526046753,5.0,0.0,1.0,1.0,0.0,0.0,0.7566096782684326,0.0827086791396141,0.0,0.0,8.12790617032988e-08,0.0,0.0,3.0605653478232853e-07,0.9999992251396179,0.9999992251396179,0.9999992251396179,1.2127257775773614e-07,1.2127257775773614e-07,29.60470199584961,0.02514752931892872,1.0,11.0,2.980232238769531e-07,0.9999997019767761,5.960464477539063e-08,0.9999999403953552,5.960464477539063e-08,0.9999999403953552,2.1276114203772067e-09,2.7397724977618054e-08,3.91832433166428e-09,6.738506499459618e-07,7.303694292204455e-05,0.0,0.0001753653777996078,0.9999996423721313,0.9999991655349731,0.9999983310699463,0.9999998807907104,0.9999994039535522,0.9999998807907104,1.0,0.9999990463256836,0.9999991655349731,0.9999978542327881,0.9999992847442627
continuum_threshold_assisted,post_lowdin,topology_phase,direct_topology,True,False,ONE_STEP_WIRING_SMOKE_MATCHED_TRAINING_PENDING,364117,495037,436837,364117,1.0771758769988082,816363520,cuda_max_memory_allocated,0.9528712034225464,0.9429520964622498,0.7282042091169149,0.07203495502471924,0.07205945253372192,1.0,1.0,0.4702089959082205,0.4704365220598619,0.0013561040827737266,0.0013561040827737266,0.0012457255049261834,0.0012457255049261834,True,True,0.5860558152198792,0.39389774203300476,0.21203140914440155,1.5847752094268799,0.927964985370636,1.1998419761657715,6.734092949045589e-06,0.2821308970451355,0.034621063619852066,0.893964409828186,0.8774938583374023,0.034621063619852066,0.034621063619852066,0.2821308970451355,1.2622895240783691,6.956674819535991e-11,1.1247860953744748e-07,0.0,0.39275968074798584,0.8774938583374023,0.20579497516155243,8.929112664191052e-05,0.0,0.0,0.45364630222320557,0.45364630222320557,0.0,2.0,0.0,1.0,1.0,1.0,0.3333333432674408,0.6929219961166382,0.09801542013883591,0.0,0.0,1.0295347863120696e-07,0.0,0.05033787339925766,2.96390368248467e-07,0.07203495502471924,0.07203495502471924,0.07203495502471924,1.1247860953744748e-07,1.1247860953744748e-07,395.24560546875,0.048777155578136444,1.0,11.0,0.5996536016464233,0.4003463685512543,0.46314698457717896,0.536853015422821,0.3022293448448181,0.6977706551551819,0.016322068870067596,0.001974399434402585,0.010173835791647434,12.256966590881348,7.884344813646749e-05,0.0,0.00013067683903500438,0.4440298080444336,0.10832439363002777,0.004607116337865591,0.06447425484657288,0.07267656177282333,0.0467839352786541,0.024035247042775154,0.011451221071183681,0.005949481390416622,0.004282833077013493,0.005769668612629175
operator_only_no_threshold,post_lowdin,topology_phase,direct_topology,True,False,ONE_STEP_WIRING_SMOKE_MATCHED_TRAINING_PENDING,363973,494893,436693,363973,0.860226077000334,441645568,cuda_max_memory_allocated,0.5122222304344177,0.507512629032135,0.3184873833941764,0.9999982714653015,0.9999988079071045,1.0,1.0,0.0030959128677955365,0.0024738249264583513,0.001628377541953491,0.001628377541953491,0.0013664714528209485,0.0013664714528209485,True,True,0.5122214555740356,5.4836272056491e-07,1.3113022987454315e-06,1.7395425402355613e-06,1.7014416471283766e-06,0.0018454492092132568,3.415802396489198e-08,1.6201662219827995e-05,3.7787010569445556e-06,5.063202024757629e-06,1.5253530705194862e-07,3.7787010569445556e-06,3.7787010569445556e-06,1.6201662219827995e-05,4.204050128464587e-06,2.702624365621964e-13,2.6691864718486613e-07,0.0,2.2728450858267024e-05,1.5253530705194862e-07,7.764293513901066e-06,0.0,1.0,0.75,0.0037917825393378735,0.0021573370322585106,0.4310493767261505,6.0,0.0,1.0,1.0,0.0,0.0,0.7172244191169739,0.09532979130744934,0.0,0.0,7.586045569496491e-08,0.0,0.0,3.0712018883605197e-07,0.9999982714653015,0.9999982714653015,0.9999982714653015,2.6691864718486613e-07,2.6691864718486613e-07,29.60934829711914,0.02514745481312275,1.0,11.0,4.76837158203125e-07,0.9999995231628418,4.76837158203125e-07,0.9999995231628418,5.960464477539062e-07,0.9999994039535522,1.6819983184035436e-09,6.908140903760795e-08,1.118447889858487e-09,1.360582700726809e-06,5.704249269911088e-05,0.0,0.00032073090551421046,1.0,0.9999994039535522,0.9999985694885254,0.9999991655349731,0.999998927116394,0.9999980926513672,0.999997615814209,0.9999973773956299,0.9999994039535522,0.9999974966049194,0.999995231628418
gnn_kan_chebyshev,post_lowdin,topology_phase,direct_topology,True,False,ONE_STEP_WIRING_SMOKE_MATCHED_TRAINING_PENDING,363973,494893,436693,363973,0.8485151709992351,441645568,cuda_max_memory_allocated,0.5171951055526733,0.5109562277793884,0.49240653358621905,0.9999993443489075,0.9999995827674866,1.0,1.0,0.003725294643912901,0.0028830186824217617,0.0009208524537102045,0.0009208524537102045,0.0008699649188813367,0.0008699649188813367,True,True,0.5171939730644226,1.0728836485895954e-07,1.2516975402832031e-06,7.947646167849598e-07,7.369301329163136e-07,0.0011682190233841538,1.0505953014217084e-06,2.6294646886526607e-05,8.741560122871306e-06,5.066804988018703e-06,6.221619059942896e-07,8.741560122871306e-06,8.741560122871306e-06,2.6294646886526607e-05,2.759636117843911e-06,2.702624365621964e-13,8.699385034560692e-08,0.0,5.471758413477801e-05,6.221619059942896e-07,7.967184501467273e-06,0.0,1.0,0.75,0.0039034434594213963,0.002163122408092022,0.4458425045013428,6.0,0.0,1.0,1.0,0.0,0.0,0.8047118186950684,0.10111633688211441,0.0,0.0,2.709302115988521e-08,0.0,0.0,2.972140293877601e-07,0.9999992847442627,0.9999992847442627,0.9999992847442627,8.699385034560692e-08,8.699385034560692e-08,29.586320877075195,0.025147363543510437,1.0,11.0,2.980232238769531e-07,0.9999997019767761,5.960464477539063e-08,0.9999999403953552,5.960464477539063e-08,0.9999999403953552,1.5521866014722718e-09,1.655344128437264e-08,1.4132851555714865e-09,5.764802040175709e-07,2.650549686222803e-05,0.0,9.62232516030781e-05,0.9999994039535522,1.0,0.9999992847442627,0.9999996423721313,1.0,0.9999991655349731,0.9999995231628418,0.9999990463256836,0.9999988079071045,0.9999991655349731,0.9999978542327881
gnn_kan_legendre,post_lowdin,topology_phase,direct_topology,True,False,ONE_STEP_WIRING_SMOKE_MATCHED_TRAINING_PENDING,363973,494893,436693,363973,0.8505738789990573,441645568,cuda_max_memory_allocated,0.503649890422821,0.49604395031929016,0.5963025713932507,0.9999995231628418,0.9999995827674866,1.0,1.0,0.003706236654879132,0.003285487166335092,0.0006727867661719823,0.0006727867661719823,0.0005931485910601788,0.0005931485910601788,True,True,0.5036494731903076,1.4305115314527939e-07,8.106232485260989e-07,5.282649340188073e-07,5.418604018814221e-07,0.0010464900406077504,1.7478214431321248e-06,1.564338344905991e-05,3.2542486678721616e-06,5.065146069682669e-06,5.425059157460055e-07,3.2542486678721616e-06,3.2542486678721616e-06,1.564338344905991e-05,2.9960801839479245e-06,2.702624365621964e-13,7.706078264391181e-08,0.0,8.40481006889604e-05,5.425059157460055e-07,3.1117517210077494e-05,0.0,1.0,0.75,0.007244437001645565,0.004501558840274811,0.3786185383796692,6.0,0.0,1.0,1.0,0.0,0.0,0.7747779488563538,0.08908522874116898,0.0,0.0,4.876743631143654e-08,0.0,0.0,3.0053993782530597e-07,0.999999463558197,0.999999463558197,0.999999463558197,7.706078264391181e-08,7.706078264391181e-08,29.611106872558594,0.025147346779704094,1.0,11.0,2.384185791015625e-07,0.9999997615814209,1.1920928955078125e-07,0.9999998807907104,1.1920928955078125e-07,0.9999998807907104,6.536459151718077e-10,1.4576394313792207e-08,6.074991065752045e-10,6.92163609983254e-07,6.805853627156466e-05,0.0,0.00019242124108131975,0.9999995231628418,0.9999996423721313,0.9999997615814209,0.9999997615814209,0.9999995231628418,0.9999996423721313,0.9999991655349731,0.9999995231628418,0.9999990463256836,0.9999991655349731,0.9999992847442627
gnn_kan_hermite,post_lowdin,topology_phase,direct_topology,True,False,ONE_STEP_WIRING_SMOKE_MATCHED_TRAINING_PENDING,363973,494893,436693,363973,0.8622648019991175,387705344,cuda_max_memory_allocated,0.5023552179336548,0.4974049925804138,0.37473640818355913,0.9999986290931702,0.9999991655349731,1.0,1.0,0.0025832729992063107,0.002292640679534026,0.0016325696996865567,0.0016325696996865567,0.0014975278842214933,0.0014975278842214933,True,True,0.5023545622825623,2.74181360282455e-07,1.23977656585339e-06,1.4149471780910972e-06,1.354650976281846e-06,0.0012581157498061657,1.092273436142932e-07,1.48987210195628e-05,3.1041702186485054e-06,5.065687219030224e-06,4.3595056808953814e-07,3.1041702186485054e-06,3.1041702186485054e-06,1.48987210195628e-05,2.4822102204780094e-06,2.702624365621964e-13,9.992412230985792e-08,0.0,2.5758105039130896e-05,4.3595056808953814e-07,7.754058060527314e-06,0.0,1.0,0.75,0.0039054418448358774,0.0021115359850227833,0.45933493971824646,6.0,0.0,1.0,1.0,0.0,0.0,0.7318925857543945,0.08175565302371979,0.0,0.0,4.334883385581634e-08,0.0,0.0,2.9508169063774403e-07,0.9999986290931702,0.9999986290931702,0.9999986290931702,9.992412230985792e-08,9.992412230985792e-08,29.6354923248291,0.025147434324026108,1.0,11.0,5.960464477539063e-08,0.9999999403953552,5.960464477539063e-08,0.9999999403953552,4.172325134277344e-07,0.9999995827674866,2.8145701325144046e-09,9.938115219654264e-09,2.7257798240754028e-09,5.363613126974087e-07,9.931022941600531e-05,0.0,0.00010085097164846957,1.0,0.9999997615814209,1.0,0.9999998807907104,0.9999982118606567,0.9999998807907104,0.9999990463256836,0.9999985694885254,0.9999985694885254,0.9999988079071045,0.9999923706054688
