category,family,initial_fidelity,fidelity,fidelity_gain,energy_mae,initial_residual,residual,residual_reduction,raw_node_accuracy
ID_test,anharmonic_polynomial,0.9993474097673829,0.9950036535169405,-0.004343756250442406,0.041075840459329625,0.04664145042688581,0.06151427560554239,-0.014872825178656582,1.0
ID_test,asymmetric_well,0.9766985945752242,0.934681059459178,-0.04201753511604612,0.09636804046816332,0.06946733942834649,0.11421916346429994,-0.044751824035953465,1.0
ID_test,asymptotically_constant,0.9978870990969261,0.9872624900225152,-0.010624609074410835,0.1723404960344074,0.013429066813604916,0.02311546177432123,-0.009686394960716316,1.0
ID_test,chebyshev_random,0.9919373956877369,0.9753120655686016,-0.016625330119135303,0.06807084086090229,0.06089945901021521,0.09803479286915706,-0.03713533385894186,1.0
ID_test,composite_confining,0.9981560970633994,0.9734128226231431,-0.024743274440256285,0.14436603067364004,0.10583151732085969,0.15394161304546133,-0.04811009572460164,1.0
ID_test,double_well,0.998537965267737,0.9516906194155001,-0.0468473458522369,0.10179614401764787,0.09551491170852859,0.12082324983582975,-0.02530833812730116,1.0
ID_test,fourier_random,0.9734614767538712,0.7783047910131005,-0.19515668574077066,0.13298895319313653,0.1082026261405498,0.14600850908936328,-0.03780588294881348,1.0
ID_test,gaussian_barrier,0.9875292116018023,0.8904446327465911,-0.09708457885521111,0.05828635955882839,0.04053323598278975,0.05878167100408252,-0.018248435021292763,1.0
ID_test,gaussian_random_field,0.9586854798404938,0.8554425445309543,-0.10324293530953946,0.1543980259477252,0.13463670090277127,0.17826247242692525,-0.04362577152415401,1.0
ID_test,gaussian_well,0.99707535716452,0.9921065644402933,-0.004968792724226664,0.16612744356305362,0.05942317032556723,0.07236481580409777,-0.01294164547853054,1.0
ID_test,half_harmonic,0.901609658673742,0.6255327769715762,-0.2760768817021658,0.19404417329569054,0.10385456516774491,0.14710546147495512,-0.043250896307210206,1.0
ID_test,harmonic,0.9986963022747589,0.9951003921521364,-0.0035959101226226346,0.1034751066149024,0.029992731485459213,0.05063180146484843,-0.02063906997938922,1.0
ID_test,harmonic_compact,0.983008562255607,0.8652233963139999,-0.11778516594160693,0.09191368822666794,0.11665378968385369,0.15779222651329056,-0.041138436829436874,1.0
ID_test,infinite_box,0.999599354377652,0.9983784718968607,0.00025096133285271713,0.014434777346536889,0.0410455482189978,0.05597360339666919,0.02211117988574912,1.0
ID_test,kratzer,0.6937500754847813,0.39487445790409387,-0.2988756175806874,0.5949807624938309,0.85229686851592,0.7030375460008782,0.1492593225150419,1.0
ID_test,localized_defect,0.9895928264851623,0.9083894227824931,-0.08120340370266907,0.15334298844465424,0.17982973537313687,0.2443360463305697,-0.06450631095743282,1.0
ID_test,morse,0.9980256127953792,0.9742295958003641,-0.023796016995015216,1.4543399753065247,0.04241528493487443,0.10784692426577158,-0.06543163933089714,1.0
ID_test,multiple_barriers,0.9962970520870893,0.8797893363099389,-0.1165077157771503,0.07641363795481745,0.06661493871265418,0.08728990580209839,-0.02067496708944421,1.0
ID_test,multiwell,0.9963386506524804,0.921782863925096,-0.07455578672738436,0.07846194672914379,0.1103142824044365,0.14484059424619725,-0.034526311841760755,1.0
ID_test,poschl_h,0.9966078378038473,0.9747289157094814,-0.021878922094366034,0.15467353010748877,0.030953811225771056,0.058184602364733336,-0.027230791138962276,1.0
ID_test,poschl_t,0.9872106423830713,0.9144475972609948,-0.07276304512207664,0.2841425187882693,0.2112210659834529,0.22550174575138268,-0.01428067976792979,1.0
ID_test,procedural_composite,0.997548671836988,0.9538111491866512,-0.043737522650336806,0.17421009831195725,0.10456672219574842,0.14873182560933745,-0.04416510341358905,1.0
ID_test,radial_coulomb,0.2561743841179805,0.317973337045496,0.061798952927515534,576.9154707382412,0.7226455636224921,0.7804526339678454,-0.057807070345353255,1.0
ID_test,radial_oscillator,0.9733484983377582,0.7926359301773794,-0.18071256816037876,0.6290286436690535,0.6349032136042089,0.6704388090750171,-0.03553559547080818,1.0
ID_test,reflected_potential,0.9810398616017213,0.8856857499843866,-0.0953541116173346,0.20629961382102968,0.2747401265517555,0.3659579423527825,-0.09121781580102703,1.0
ID_test,single_barrier,0.996344972840771,0.9268085484552242,-0.0695364243855467,0.06368733361962722,0.06539529577898419,0.082931885913097,-0.0175365901341128,1.0
ID_test,smooth_perturbed,0.9952593890453894,0.895541311670546,-0.09971807737484348,0.1055758438658376,0.07815656436963335,0.10926755905185687,-0.03111099468222353,1.0
anharmonic_wells,anharmonic_polynomial,0.9993474097673829,0.9950036535169405,-0.004343756250442406,0.041075840459329625,0.04664145042688581,0.06151427560554239,-0.014872825178656582,1.0
asymmetric_wells,asymmetric_well,0.9972280138583276,0.9900597404508816,-0.007168273407445969,0.053152880413029985,0.07912617706422086,0.10986725997173087,-0.03074108290751002,1.0
barriers,single_barrier,0.996344972840771,0.9268085484552242,-0.0695364243855467,0.06368733361962722,0.06539529577898419,0.082931885913097,-0.0175365901341128,1.0
changed_domain_same_physical_operator,harmonic,0.996834385419085,0.9488394921012944,-0.0479948933177906,1.1614442475786786,0.03747774880202328,0.12438909208611454,-0.08691134328409127,1.0
constant_potential_shift,reflected_potential,0.9588523856764964,0.7972649072004163,-0.16158747847608004,0.361856005351807,0.1830514437831173,0.21820852079469946,-0.035157077011582175,1.0
controlled_smooth_perturbations,smooth_perturbed,0.981140339198349,0.8098457724718796,-0.17129456672646937,0.20950784444576478,0.1862217104403082,0.23470648093119806,-0.048484770490889846,1.0
double_wells,double_well,0.998537965267737,0.9516906194155001,-0.0468473458522369,0.10179614401764787,0.09551491170852859,0.12082324983582975,-0.02530833812730116,1.0
joint_parameter_extrapolation,double_well,0.998154146085227,0.9772155311130135,-0.020938614972213488,0.15590998553010033,0.1011987184479586,0.12141091436108024,-0.020212195913121653,1.0
joint_parameter_extrapolation,fourier_random,0.9986964317179396,0.9951044977887481,-0.003591933929191478,0.045399241946785025,0.029989431404433928,0.05061064398890156,-0.020621212584467637,1.0
localized_defects,localized_defect,0.9895928264851623,0.9083894227824931,-0.08120340370266907,0.15334298844465424,0.17982973537313687,0.2443360463305697,-0.06450631095743282,1.0
multiple_barriers,multiple_barriers,0.9981820684123022,0.9010614687646687,-0.09712059964763338,0.05271838292270825,0.030011542860029036,0.043827785415881976,-0.013816242555852943,1.0
multiwell_potentials,multiwell,0.998205976528672,0.991903919218132,-0.0063020573105399495,0.043776156663215264,0.0176129545711203,0.02517624502764926,-0.0075632904565289625,1.0
near_continuum_states,radial_coulomb,0.1922848408930158,0.5848692692883092,0.3925844283952934,0.01951076268363988,0.7924513845128385,0.6023580178563731,0.19009336665646537,1.0
nonuniform_resolution,harmonic,0.9986954466353327,0.9933943618041198,-0.005301084831213004,0.09482899557671139,0.025701814269064507,0.05153457062578562,-0.02583275635672112,1.0
random_smooth_potentials,fourier_random,0.9734614767538712,0.7783047910131005,-0.19515668574077066,0.13298895319313653,0.1082026261405498,0.14600850908936328,-0.03780588294881348,1.0
random_smooth_potentials,gaussian_random_field,0.9586854798404938,0.8554425445309543,-0.10324293530953946,0.1543980259477252,0.13463670090277127,0.17826247242692525,-0.04362577152415401,1.0
seen_basis_reparameterization,rosen_morse_ii,0.9962534056959658,0.9707642290565563,-0.02548917663940931,0.1641231326339372,0.03584732737363519,0.06870101522298049,-0.032853687849345295,1.0
single_parameter_extrapolation,harmonic,0.998696395762326,0.9951003941055309,-0.003596001656795179,0.1510635851079374,0.029992918068028084,0.050631916402239206,-0.02063899833421112,1.0
single_parameter_extrapolation,morse,0.9978560818102864,0.9724269361208395,-0.025429145689446875,1.9530356495482302,0.04630062103220855,0.11144497249477375,-0.06514435146256521,1.0
unseen_analytical_functional_forms,cosh_well,0.9988904395088055,0.9899070738912129,-0.008983365617592602,0.061712556455221466,0.030052675198955988,0.05797604278159708,-0.027923367582641093,1.0
unseen_analytical_functional_forms,eckart,0.06708157343377529,0.09250199271782815,0.025420419284052854,13.341023584791555,0.6480016508178816,0.7154368653993722,-0.06743521458149053,1.0
unseen_analytical_functional_forms,scarf_ii,0.9962042626498415,0.9700636573305043,-0.026140605319337352,0.1639974817388086,0.03635383130558057,0.06924865207555495,-0.032894820769974374,1.0
valid_spatial_reflection,reflected_potential,0.9575674734892918,0.7893557527866378,-0.168211720702654,0.36839675626716084,0.3697232236351274,0.47317162702954985,-0.10344840339442252,1.0
variable_uniform_resolution,harmonic,0.9987388280624383,0.9920237794799707,-0.006715048582467661,0.09568608869416523,0.02367052355081407,0.05257932606828652,-0.028908802517472444,1.0
within_range_unseen_parameter_interpolation,harmonic,0.9986961733436757,0.9951003703528312,-0.0035958029908443674,0.11246536114037843,0.029992490601722214,0.05063165668411618,-0.020639166082393964,1.0
