category,output_route,geometry,hamiltonians,fidelity_mean,fidelity_median,fidelity_p90,fidelity_p95,fidelity_worst,h1_relative_mean,h1_relative_median,h1_relative_p90,h1_relative_p95,h1_relative_worst,energy_abs_error_mean,energy_abs_error_median,energy_abs_error_p90,energy_abs_error_p95,energy_abs_error_worst,gap_error_mean,gap_error_median,gap_error_p90,gap_error_p95,gap_error_worst,independent_residual_head_mean,independent_residual_head_median,independent_residual_head_p90,independent_residual_head_p95,independent_residual_head_worst,density_integrated_absolute_error_mean,density_integrated_absolute_error_median,density_integrated_absolute_error_p90,density_integrated_absolute_error_p95,density_integrated_absolute_error_worst,persistent_node_correct_mean,persistent_node_correct_median,persistent_node_correct_p90,persistent_node_correct_p95,persistent_node_correct_worst,node_position_mae_normalized_mean,node_position_mae_normalized_median,node_position_mae_normalized_p90,node_position_mae_normalized_p95,node_position_mae_normalized_worst,gram_max_error_mean,gram_max_error_median,gram_max_error_p90,gram_max_error_p95,gram_max_error_worst,boundary_error_mean,boundary_error_median,boundary_error_p90,boundary_error_p95,boundary_error_worst
ID_test,direct_topology,finite_interval,5,0.9983784718968607,0.9991167697936932,0.9997646392414502,0.9997952233445104,0.9953521059358452,0.04029437457167982,0.03128649766567006,0.07180630171801591,0.07409510176417126,0.07428581235603013,0.014434777346536887,0.013169388107503455,0.029353681612999605,0.03444554459451597,0.045240925380849895,0.01212228678194057,0.011271243887849502,0.022440581964711503,0.026249859404406262,0.03331078807887522,0.05597360339666919,0.021462952596852145,0.09492994272655764,0.3321854143185002,0.332193681250411,0.0397000195573157,0.03311942176952161,0.0675418344908557,0.07343839006050834,0.07343891296886867,1.0,1.0,1.0,1.0,1.0,0.0012975149946870003,0.0014738478990390972,0.0018470821163685165,0.0018962683382849448,0.0018962934185348056,0.02282759267038406,0.022827501362765526,0.022828031897098,0.022828031897098,0.022828031897098,0.0,0.0,0.0,0.0,0.0
ID_test,direct_topology,half_line,5,0.6255327769715762,0.9181219639283137,0.9701832304791652,0.985026790062152,0.18591933224629537,0.5988072411751875,0.3467459117865083,1.051228309202485,1.0672305720167432,1.067250735767406,0.19404417329569054,0.19012503039661866,0.3959674272587229,0.43062128134456257,0.5599572030599553,0.10800665988211118,0.07125008140999789,0.2555251012765698,0.32014906574067864,0.3290325714138831,0.14710546147495518,0.1584665917662363,0.2530164326826027,0.335307005231797,0.3353092538866956,0.5041432023038348,0.4518823485648932,0.7181452392343612,0.7679759284873001,0.7679763523218173,1.0,1.0,1.0,1.0,1.0,0.04081366945653586,0.008385901908059634,0.09208960296742834,0.1028413007709754,0.10284136144576142,0.6288423281073884,0.6288423474199426,0.628842457417311,0.628842457417311,0.628842457417311,0.0,0.0,0.0,0.0,0.0
ID_test,direct_topology,radial_reduced,15,0.5018279083756564,0.517893449374408,0.8645611525730881,0.9438240207950629,6.342874090121658e-05,0.7861984677242605,0.8402011233597687,1.2289271346574229,1.3040166298702196,1.4279520929874385,192.71316004813465,0.4150454965421311,1373.0277796432583,1511.2101426582485,1511.2920628922634,0.128441321163226,0.04354917069191622,0.3620702549948213,0.521241216488655,0.9657295308814042,0.7179763296812469,0.7609856438192505,0.9997516724282351,0.9999021658501841,0.9999286087506124,0.7793984850871123,0.7379373726913225,1.1347647323305121,1.177476937782104,1.796606797737865,0.8181818181818182,1.0,1.0,1.0,0.0,0.06306691315874927,0.04654905667932185,0.1379892226737679,0.21378665138835984,0.3047575887283747,0.7545016954537159,0.9223254116196447,0.9452395804969759,0.9474376522451633,0.9474376522451633,0.0,0.0,0.0,0.0,0.0
ID_test,direct_topology,singular_interval,5,0.914447597260995,0.9254101604670802,0.9775047213681226,0.9846210959111087,0.774231383896552,0.30878478264768505,0.29699084061735176,0.44292692634315317,0.4603661063810504,0.5156941461681576,0.2841425187882693,0.08893590782228689,0.740025715158966,1.590030095185274,3.071368221469317,0.26421248811405185,0.04223548296580959,0.6336108726554749,1.4064468327984998,2.8640378306829266,0.2255017457513827,0.18112547913994229,0.3788032988141938,0.41401437352334314,0.42806655298191826,0.35221993494075965,0.3529086200316729,0.4758125513630893,0.5584620473365656,0.5767564475186732,1.0,1.0,1.0,1.0,1.0,0.012789126371863102,0.00962840100364882,0.02386276899693253,0.027649737608606447,0.04012278421943249,0.2049227589007038,0.20388617632489378,0.21719196237106683,0.21719196237106683,0.21719196237106683,0.0,0.0,0.0,0.0,0.0
ID_test,direct_topology,truncated_line,105,0.92927390122034,0.9832316736328214,0.9964698063744902,0.997506538842989,0.04227898940999599,0.23426920366506082,0.13972590311382596,0.5187184295372552,0.7083806318912244,2.0172930718906668,0.18086723513235642,0.0678320632881313,0.33649395859719833,0.5227170614203546,12.153262529226275,0.1732654398464582,0.0731506952380847,0.30109689473672135,0.430227106483852,11.428627229623316,0.12308939708731731,0.061546853045741506,0.31516360154058154,0.48255804532649715,0.9996650613599215,0.2838780062543937,0.1826084122056083,0.6448421011909822,0.8869533561577705,1.9151335502424747,1.0,1.0,1.0,1.0,1.0,0.004652714467131076,0.0021778077501415035,0.010996651211010044,0.017901074003345573,0.0653391576052616,0.18830723203316466,0.15546052553483186,0.34432182060484706,0.40318972949171067,0.5955401631582963,0.0,0.0,0.0,0.0,0.0
ID_test,hybrid,finite_interval,5,0.9998503157105049,0.9999924157986348,0.9999977320160275,0.9999978067058819,0.9993235754570653,0.011372391200199566,0.005752255279989822,0.029603622899718112,0.03150450597970563,0.03162266416882562,0.007986066642540594,0.002960772243658649,0.025179049385162067,0.029222420340786735,0.03838391440186495,0.003222053484773498,0.001965818360141869,0.008861038091496853,0.010010995386234752,0.012606537053626354,0.018934368333248672,0.008926261350725094,0.03799195978470764,0.10127024700939784,0.10128012847580459,0.01068329552791057,0.0034267157176407024,0.033452951945349946,0.035383875920734074,0.0353841318513281,1.0,1.0,1.0,1.0,1.0,0.00014570301860405055,5.045012387978752e-05,0.00044937623280837244,0.000463716055540463,0.0004637283848881929,1.5668285505254787e-06,1.5957232151198042e-06,1.8634664690209135e-06,1.8634664690209135e-06,1.8634664690209135e-06,0.0,0.0,0.0,0.0,0.0
ID_test,hybrid,half_line,5,0.6255327769715762,0.9181219639283137,0.9701832304791652,0.985026790062152,0.18591933224629537,0.5988072411751875,0.3467459117865083,1.051228309202485,1.0672305720167432,1.067250735767406,0.19404417329569054,0.19012503039661866,0.3959674272587229,0.43062128134456257,0.5599572030599553,0.10800665988211118,0.07125008140999789,0.2555251012765698,0.32014906574067864,0.3290325714138831,0.14710546147495518,0.1584665917662363,0.2530164326826027,0.335307005231797,0.3353092538866956,0.5041432023038348,0.4518823485648932,0.7181452392343612,0.7679759284873001,0.7679763523218173,1.0,1.0,1.0,1.0,1.0,0.04081366945653586,0.008385901908059634,0.09208960296742834,0.1028413007709754,0.10284136144576142,0.6288423281073884,0.6288423474199426,0.628842457417311,0.628842457417311,0.628842457417311,0.0,0.0,0.0,0.0,0.0
ID_test,hybrid,radial_reduced,15,0.5018279083756564,0.517893449374408,0.8645611525730881,0.9438240207950629,6.342874090121658e-05,0.7861984677242605,0.8402011233597687,1.2289271346574229,1.3040166298702196,1.4279520929874385,192.71316004813465,0.4150454965421311,1373.0277796432583,1511.2101426582485,1511.2920628922634,0.128441321163226,0.04354917069191622,0.3620702549948213,0.521241216488655,0.9657295308814042,0.7179763296812469,0.7609856438192505,0.9997516724282351,0.9999021658501841,0.9999286087506124,0.7793984850871123,0.7379373726913225,1.1347647323305121,1.177476937782104,1.796606797737865,0.8181818181818182,1.0,1.0,1.0,0.0,0.06306691315874927,0.04654905667932185,0.1379892226737679,0.21378665138835984,0.3047575887283747,0.7545016954537159,0.9223254116196447,0.9452395804969759,0.9474376522451633,0.9474376522451633,0.0,0.0,0.0,0.0,0.0
ID_test,hybrid,singular_interval,5,0.914447597260995,0.9254101604670802,0.9775047213681226,0.9846210959111087,0.774231383896552,0.30878478264768505,0.29699084061735176,0.44292692634315317,0.4603661063810504,0.5156941461681576,0.2841425187882693,0.08893590782228689,0.740025715158966,1.590030095185274,3.071368221469317,0.26421248811405185,0.04223548296580959,0.6336108726554749,1.4064468327984998,2.8640378306829266,0.2255017457513827,0.18112547913994229,0.3788032988141938,0.41401437352334314,0.42806655298191826,0.35221993494075965,0.3529086200316729,0.4758125513630893,0.5584620473365656,0.5767564475186732,1.0,1.0,1.0,1.0,1.0,0.012789126371863102,0.00962840100364882,0.02386276899693253,0.027649737608606447,0.04012278421943249,0.2049227589007038,0.20388617632489378,0.21719196237106683,0.21719196237106683,0.21719196237106683,0.0,0.0,0.0,0.0,0.0
ID_test,hybrid,truncated_line,105,0.92927390122034,0.9832316736328214,0.9964698063744902,0.997506538842989,0.04227898940999599,0.23426920366506082,0.13972590311382596,0.5187184295372552,0.7083806318912244,2.0172930718906668,0.18086723513235642,0.0678320632881313,0.33649395859719833,0.5227170614203546,12.153262529226275,0.1732654398464582,0.0731506952380847,0.30109689473672135,0.430227106483852,11.428627229623316,0.12308939708731731,0.061546853045741506,0.31516360154058154,0.48255804532649715,0.9996650613599215,0.2838780062543937,0.1826084122056083,0.6448421011909822,0.8869533561577705,1.9151335502424747,1.0,1.0,1.0,1.0,1.0,0.004652714467131076,0.0021778077501415035,0.010996651211010044,0.017901074003345573,0.0653391576052616,0.18830723203316466,0.15546052553483186,0.34432182060484706,0.40318972949171067,0.5955401631582963,0.0,0.0,0.0,0.0,0.0
ID_test,initial_ritz,finite_interval,5,0.999599354377652,0.9999716507639942,0.9999938720463701,0.9999944682821713,0.9982835474886376,0.020536552767720054,0.010833165599670583,0.05006960564754225,0.05192715057625349,0.05214862920756874,0.006958584994931941,0.002830595699469196,0.021040293586822224,0.025729015952359,0.03379292624268526,0.0028447157120141575,0.0012930373677834117,0.008613607290105253,0.00972980451404237,0.01225177020792323,0.04104554821899781,0.017838073162225677,0.08127598662746548,0.22275261000751187,0.22276358572319474,0.017549934739509273,0.006259907835598176,0.05379486377278252,0.05434006092914365,0.054340484710835205,1.0,1.0,1.0,1.0,1.0,0.00023150345491184518,6.799847306934885e-05,0.0007147343654766837,0.0007326165344365793,0.0007326262076245444,1.4156549233312887e-06,1.4310607351353255e-06,1.562344384198333e-06,1.562344384198333e-06,1.562344384198333e-06,0.0,0.0,0.0,0.0,0.0
ID_test,initial_ritz,half_line,5,0.9016096586737421,0.9787748714643679,0.9996085845777264,0.9997049554175642,0.5849929055766412,0.2673640033001521,0.17018351353583266,0.6938971122280091,0.7902093771581974,0.7920369195313012,0.31866775257692886,0.05713459811638799,1.2374821695099685,1.3974887741977928,1.8172249354340018,0.3199015662041915,0.08600337332365271,0.645113782425573,1.4120202463486502,1.8208727430791,0.10385456516774492,0.09192386199980206,0.16658987612626563,0.28253191113826365,0.28253522651394636,0.28472368486308347,0.18766451301672663,0.7800941654007137,0.8579480555312117,0.8579483293867719,0.36363636363636365,0.0,1.0,1.0,0.0,0.006402982424503418,0.0024053877947579835,0.01995733632229538,0.01995734773771439,0.01995735738314696,2.728596229935043e-05,2.6922147675412234e-05,2.894505961115179e-05,2.894505961115179e-05,2.894505961115179e-05,0.0,0.0,0.0,0.0,0.0
ID_test,initial_ritz,radial_reduced,15,0.6410909859801734,0.7605736188384558,0.9986742752962369,0.9995272849327759,0.00012522159676317836,0.6779164534690667,0.5635096196488277,1.3364718698841238,1.365651480275325,3.8366686436281885,0.42564745834884127,0.042062219120516886,0.23285741375584576,0.7683356626710928,14.09365912623985,0.41229326625555285,0.013872142530900522,0.16339518621409413,0.48182660071310185,13.924076040526957,0.7366152152475404,0.7856046819076143,0.9655850952064498,0.979822073036045,0.9912546406339463,0.6024301122989133,0.5658276706095919,1.3655851346646024,1.6858713170657476,1.7946933263070965,0.14545454545454545,0.0,1.0,1.0,0.0,0.00405269266013113,0.0016644287481571065,0.008494683720092818,0.00971949033779208,0.03299026230058881,0.0002732393732751618,1.6738676550165366e-05,0.0007703699496329763,0.0008338057525622,0.0008338057525622,0.0,0.0,0.0,0.0,0.0
ID_test,initial_ritz,singular_interval,5,0.9872106423830715,0.9957460971301699,0.9984461883970543,0.9989143101278818,0.9167365224760937,0.15202272859765334,0.12219519945838532,0.2411869988432013,0.26404261233611365,0.3211286788044302,0.07410223270853387,0.04674414799676185,0.20015350924870923,0.2238835201179942,0.25649523147600384,0.035027966102496706,0.013461563567088497,0.08624412454083645,0.1584265769311263,0.20173348448962702,0.21122106598345292,0.1549123366764338,0.3599998039611155,0.37007924789744406,0.4055875745754328,0.11023231064692546,0.07086083045359919,0.24397050206265902,0.2630748222183098,0.38346133765435403,0.8727272727272727,1.0,1.0,1.0,0.0,0.0023664249163220393,0.0019279411590953633,0.004052963147078728,0.004645188953863749,0.006203338435109022,1.50608901503535e-06,1.4459096672192473e-06,1.8533631197525935e-06,1.8533631197525935e-06,1.8533631197525935e-06,0.0,0.0,0.0,0.0,0.0
ID_test,initial_ritz,truncated_line,105,0.9908607536427756,0.9983116148531167,0.999858526031143,0.9999556890075524,0.33236844109071245,0.08768558415191963,0.06071854759235507,0.1607752587085022,0.22730062956037028,1.1718319467110165,0.01213042345155788,0.00543445118885133,0.02769182565501654,0.037309518130225865,0.30804875008762433,0.007162553173531385,0.002792651790521461,0.013757025389976021,0.020636573132426936,0.21102914126244054,0.08734346479887745,0.04177165641816548,0.1988552196576945,0.35169196538311887,0.9293811816997736,0.07269391031547391,0.05012319656844348,0.13812003928504774,0.19025575738843076,1.471038656661012,0.7896103896103897,1.0,1.0,1.0,0.0,0.0014737653488936984,0.0004843301498031283,0.0016378535561160476,0.002378049441583174,0.25890962874881357,1.5634465512871456e-06,1.5152353264324958e-06,2.0413473615921163e-06,2.230001781455826e-06,2.6712972219788966e-06,0.0,0.0,0.0,0.0,0.0
anharmonic_wells,direct_topology,truncated_line,5,0.9950036535169404,0.9970738167868289,0.9983622302150161,0.9984914030402517,0.9753018754629342,0.07246764315773441,0.05939073196965185,0.11849222572196572,0.13662814501403886,0.1442259817837099,0.041075840459329625,0.02350110867831745,0.09309418441005592,0.1295310400120778,0.15073565162057623,0.06590361347789417,0.0425055232651832,0.20781118152250447,0.21315537168062518,0.21855880828595797,0.06151427560554239,0.042074211505840314,0.09550203366319267,0.17643527779356744,0.2160658109160895,0.08536823700801478,0.07884370552893533,0.14308685229676196,0.19989217331725295,0.20920035706098972,1.0,1.0,1.0,1.0,1.0,0.0014691594163423393,0.000778012769751554,0.003546029097454704,0.008074351100623798,0.008276715860605013,0.09587858660279255,0.0970941668587165,0.10038349227014783,0.10038349227014783,0.10038349227014783,0.0,0.0,0.0,0.0,0.0
anharmonic_wells,hybrid,truncated_line,5,0.9950036535169404,0.9970738167868289,0.9983622302150161,0.9984914030402517,0.9753018754629342,0.07246764315773441,0.05939073196965185,0.11849222572196572,0.13662814501403886,0.1442259817837099,0.041075840459329625,0.02350110867831745,0.09309418441005592,0.1295310400120778,0.15073565162057623,0.06590361347789417,0.0425055232651832,0.20781118152250447,0.21315537168062518,0.21855880828595797,0.06151427560554239,0.042074211505840314,0.09550203366319267,0.17643527779356744,0.2160658109160895,0.08536823700801478,0.07884370552893533,0.14308685229676196,0.19989217331725295,0.20920035706098972,1.0,1.0,1.0,1.0,1.0,0.0014691594163423393,0.000778012769751554,0.003546029097454704,0.008074351100623798,0.008276715860605013,0.09587858660279255,0.0970941668587165,0.10038349227014783,0.10038349227014783,0.10038349227014783,0.0,0.0,0.0,0.0,0.0
anharmonic_wells,initial_ritz,truncated_line,5,0.9993474097673828,0.9994188402781118,0.9999791646020842,0.9999846643363606,0.9978697491323091,0.03612016000541917,0.03629263113157822,0.051264154506229793,0.05696502893404964,0.05924999629306247,0.009030867918572336,0.002327104032141314,0.025029494604070914,0.03514755337197641,0.03739283974033292,0.0038140502376019956,0.0027936836293962486,0.007314568133699151,0.01116010123511768,0.012387901471810459,0.04664145042688581,0.0385129482177609,0.046756433923040464,0.13447809920699735,0.16716731528266093,0.026423320746631,0.026558107374470383,0.04371147447930786,0.045742179236439334,0.051577436189953724,1.0,1.0,1.0,1.0,1.0,0.00028814964169012006,0.0003076844223560139,0.00042841531139222616,0.0004780942183694632,0.0005894338866354324,1.658467645548889e-06,1.65635452431534e-06,1.7906778801979328e-06,1.7906778801979328e-06,1.7906778801979328e-06,0.0,0.0,0.0,0.0,0.0
asymmetric_wells,direct_topology,truncated_line,1,0.9900597404508816,0.9911557381007224,0.9940803651433839,0.9942344889890325,0.982468343652409,0.10992427876253337,0.11025281038564005,0.12033492956338782,0.12311402991891258,0.12589313027443735,0.053152880413029985,0.03559887440032715,0.08932546822068854,0.09146750005947935,0.09360953189827015,0.028934469798541484,0.0162488351295641,0.06482416045664319,0.07177414572199879,0.07872413098735442,0.10986725997173087,0.044431925409871474,0.17153259826881603,0.3544404689026155,0.5373483395364149,0.1416738798978419,0.1257388496404216,0.19789171224149932,0.2092491609890285,0.22060660973655766,1.0,1.0,1.0,1.0,1.0,0.0014412486884404297,0.001595407413887063,0.002028788577408159,0.002427701219325227,0.0028266138612422945,0.11600154112255207,0.11600154112255204,0.11600154112255204,0.11600154112255204,0.11600154112255204,0.0,0.0,0.0,0.0,0.0
asymmetric_wells,hybrid,truncated_line,1,0.9900597404508816,0.9911557381007224,0.9940803651433839,0.9942344889890325,0.982468343652409,0.10992427876253337,0.11025281038564005,0.12033492956338782,0.12311402991891258,0.12589313027443735,0.053152880413029985,0.03559887440032715,0.08932546822068854,0.09146750005947935,0.09360953189827015,0.028934469798541484,0.0162488351295641,0.06482416045664319,0.07177414572199879,0.07872413098735442,0.10986725997173087,0.044431925409871474,0.17153259826881603,0.3544404689026155,0.5373483395364149,0.1416738798978419,0.1257388496404216,0.19789171224149932,0.2092491609890285,0.22060660973655766,1.0,1.0,1.0,1.0,1.0,0.0014412486884404297,0.001595407413887063,0.002028788577408159,0.002427701219325227,0.0028266138612422945,0.11600154112255207,0.11600154112255204,0.11600154112255204,0.11600154112255204,0.11600154112255204,0.0,0.0,0.0,0.0,0.0
asymmetric_wells,initial_ritz,truncated_line,1,0.9972280138583276,0.9993137137381048,0.999817417647896,0.9998810210750917,0.986794375327982,0.051277882768952114,0.041143598834002475,0.08426556412061646,0.09847570057648256,0.11268583703234863,0.006402834423645046,0.006007427917959607,0.014201011340265968,0.014639514084918925,0.015078016829571883,0.002581747768849052,0.0022709940479141433,0.004199840128351394,0.006196711775328873,0.00819358342230636,0.07912617706422084,0.0413771521188578,0.12715897472704515,0.25089492246120576,0.3746308701953664,0.05236076139424339,0.03102605615282624,0.11706282226525924,0.13575249270132506,0.1544421631373909,0.7272727272727273,1.0,1.0,1.0,0.0,0.0005814557113382077,0.00044616626737989384,0.0010415522974848808,0.0010962700184391448,0.0011509877393934094,1.5047978746407509e-06,1.5047978746407509e-06,1.5047978746407509e-06,1.5047978746407509e-06,1.5047978746407509e-06,0.0,0.0,0.0,0.0,0.0
barriers,direct_topology,truncated_line,5,0.9268085484552241,0.977153536197925,0.9939644209350293,0.9945280016396925,0.3970812785615599,0.24641422479505826,0.17693396808791242,0.49610504647529047,0.5704135409179828,0.9370442237095655,0.06368733361962722,0.036135649107842394,0.14239194619405512,0.20123217786426004,0.3821461172100955,0.07608930006166785,0.04930139406436573,0.17938377964317398,0.2410168026576334,0.34550121901887954,0.08293188591309698,0.0478442613286474,0.18695341540634924,0.2317423154936035,0.5216302642690874,0.303741321267405,0.1921516162614661,0.6755577068579359,0.8073613192484276,1.2528235785745716,1.0,1.0,1.0,1.0,1.0,0.0047766896594634,0.0030222715434960017,0.010339126598001666,0.012283076400541394,0.021528088806212656,0.17168236887823926,0.10186664940723149,0.3147625721769957,0.3147625721769957,0.3147625721769957,0.0,0.0,0.0,0.0,0.0
barriers,hybrid,truncated_line,5,0.9268085484552241,0.977153536197925,0.9939644209350293,0.9945280016396925,0.3970812785615599,0.24641422479505826,0.17693396808791242,0.49610504647529047,0.5704135409179828,0.9370442237095655,0.06368733361962722,0.036135649107842394,0.14239194619405512,0.20123217786426004,0.3821461172100955,0.07608930006166785,0.04930139406436573,0.17938377964317398,0.2410168026576334,0.34550121901887954,0.08293188591309698,0.0478442613286474,0.18695341540634924,0.2317423154936035,0.5216302642690874,0.303741321267405,0.1921516162614661,0.6755577068579359,0.8073613192484276,1.2528235785745716,1.0,1.0,1.0,1.0,1.0,0.0047766896594634,0.0030222715434960017,0.010339126598001666,0.012283076400541394,0.021528088806212656,0.17168236887823926,0.10186664940723149,0.3147625721769957,0.3147625721769957,0.3147625721769957,0.0,0.0,0.0,0.0,0.0
barriers,initial_ritz,truncated_line,5,0.9963449728407708,0.9980333184131956,0.9997633528690765,0.9998012260584659,0.9760383219333654,0.07960025895383471,0.07134008095793579,0.11888816498608161,0.14085262357481454,0.30203934319250236,0.006845505726924093,0.00465447844956568,0.012202597336585352,0.015544905273839135,0.05025062682588455,0.004254856151795091,0.0022702695887953928,0.008588305021420032,0.014332374986712417,0.04117623368213186,0.06539529577898419,0.031281615895799544,0.14116303075095057,0.22814127694423708,0.4041727979865318,0.0644103953927812,0.054367663713794395,0.13087122655764552,0.13763572365635715,0.1509810326368867,0.7636363636363637,1.0,1.0,1.0,0.0,0.000831972182811407,0.000538786836360876,0.0014047572088480014,0.001695702186454546,0.005833311958628903,1.5998547818751874e-06,1.4741246346927639e-06,2.4593930481042747e-06,2.4593930481042747e-06,2.4593930481042747e-06,0.0,0.0,0.0,0.0,0.0
changed_domain_same_physical_operator,direct_topology,truncated_line,1,0.9488394921012944,0.96884001248849,0.9866383839638925,0.9880312355939297,0.8963523100733085,0.25486378462133835,0.20280235463681792,0.3556256261092489,0.36105623269827986,0.3664868392873108,1.1614442475786786,0.8898067544880126,2.9480806905920574,3.119288104570769,3.2904955185494806,0.4037425690403447,0.23602937947410485,1.0598505788466765,1.0897077978022147,1.119565016757753,0.12438909208611454,0.116252275931008,0.15583432185865584,0.20009552059246732,0.24435671932627878,0.2781186811540142,0.21824614403076098,0.4102787617800386,0.4168464078606299,0.4234140539412212,1.0,1.0,1.0,1.0,1.0,0.004640846315089962,0.005069362788097897,0.00752948054445168,0.008101730928885928,0.008673981313320174,0.09676956151396157,0.09676956151396159,0.09676956151396159,0.09676956151396159,0.09676956151396159,0.0,0.0,0.0,0.0,0.0
changed_domain_same_physical_operator,hybrid,truncated_line,1,0.9488394921012944,0.96884001248849,0.9866383839638925,0.9880312355939297,0.8963523100733085,0.25486378462133835,0.20280235463681792,0.3556256261092489,0.36105623269827986,0.3664868392873108,1.1614442475786786,0.8898067544880126,2.9480806905920574,3.119288104570769,3.2904955185494806,0.4037425690403447,0.23602937947410485,1.0598505788466765,1.0897077978022147,1.119565016757753,0.12438909208611454,0.116252275931008,0.15583432185865584,0.20009552059246732,0.24435671932627878,0.2781186811540142,0.21824614403076098,0.4102787617800386,0.4168464078606299,0.4234140539412212,1.0,1.0,1.0,1.0,1.0,0.004640846315089962,0.005069362788097897,0.00752948054445168,0.008101730928885928,0.008673981313320174,0.09676956151396157,0.09676956151396159,0.09676956151396159,0.09676956151396159,0.09676956151396159,0.0,0.0,0.0,0.0,0.0
changed_domain_same_physical_operator,initial_ritz,truncated_line,1,0.9968343854190849,0.9987624941396805,0.9998677645297069,0.9999260927268407,0.9906205876967842,0.06653780167179005,0.05886931627302793,0.11241653059220151,0.11652115596921084,0.12062578134622017,0.013029905341363108,0.005843653112220792,0.03329026331087093,0.03893695493850835,0.044583646566145774,0.010427339529116831,0.008197956706960996,0.023445185942277732,0.02619199234710145,0.028938798751925177,0.03747774880202328,0.035473321271138225,0.061137261940695575,0.06283604174827453,0.0645348215558535,0.05920849011908577,0.04231479013247015,0.13777165312587558,0.13924118570809935,0.14071071829032314,0.7272727272727273,1.0,1.0,1.0,0.0,0.000489847725347469,0.00039742661509883145,0.000991063203197948,0.000996209939406334,0.0010013566756147199,1.7586018894455435e-06,1.7586018894455435e-06,1.7586018894455435e-06,1.7586018894455435e-06,1.7586018894455435e-06,0.0,0.0,0.0,0.0,0.0
constant_potential_shift,direct_topology,truncated_line,1,0.7972649072004163,0.8745114814281868,0.916291698839486,0.9281012974792451,0.35207778099667836,0.5986158239254181,0.5139345669182088,0.8194059510450143,1.226025321732706,1.6326446924203974,0.361856005351807,0.33266112353468724,0.7061302509404657,0.7072308989533109,0.7083315469661562,0.3171553617949428,0.2949416998278055,0.6898095723928622,0.7737254415364181,0.8576413106799743,0.21820852079469952,0.13110017260826193,0.35096684225319735,0.5450120586614515,0.7390572750697056,0.5981516921660045,0.48085102553156545,0.7747862347221113,1.1644824943256693,1.5541787539292276,1.0,1.0,1.0,1.0,1.0,0.008258483765666914,0.0070612646297442214,0.01419228701240143,0.01865060588416103,0.023108924755920628,0.447284632065946,0.44728463206594593,0.44728463206594593,0.44728463206594593,0.44728463206594593,0.0,0.0,0.0,0.0,0.0
constant_potential_shift,hybrid,truncated_line,1,0.7972649072004163,0.8745114814281868,0.916291698839486,0.9281012974792451,0.35207778099667836,0.5986158239254181,0.5139345669182088,0.8194059510450143,1.226025321732706,1.6326446924203974,0.361856005351807,0.33266112353468724,0.7061302509404657,0.7072308989533109,0.7083315469661562,0.3171553617949428,0.2949416998278055,0.6898095723928622,0.7737254415364181,0.8576413106799743,0.21820852079469952,0.13110017260826193,0.35096684225319735,0.5450120586614515,0.7390572750697056,0.5981516921660045,0.48085102553156545,0.7747862347221113,1.1644824943256693,1.5541787539292276,1.0,1.0,1.0,1.0,1.0,0.008258483765666914,0.0070612646297442214,0.01419228701240143,0.01865060588416103,0.023108924755920628,0.447284632065946,0.44728463206594593,0.44728463206594593,0.44728463206594593,0.44728463206594593,0.0,0.0,0.0,0.0,0.0
constant_potential_shift,initial_ritz,truncated_line,1,0.9588523856764962,0.9696972652277382,0.9883466465333691,0.9912751934320432,0.8129974933980477,0.26183799025532406,0.23464883460048763,0.39280690363002213,0.4070926852650813,0.42137846690014047,0.07345390006292729,0.043464688995830336,0.1714588913326207,0.20454866343954958,0.23763843554647845,0.04763007227313994,0.020873813521632645,0.11660332069524015,0.14726846351053186,0.17793360632582367,0.1830514437831173,0.09079411416471507,0.31692356951584444,0.6088958798010837,0.9008681900863229,0.23268117226128887,0.2421655253508709,0.27386473130230793,0.42916475934392523,0.5844647873855425,0.5454545454545454,1.0,1.0,1.0,0.0,0.003252985458972921,0.002261542869206719,0.005588164228819089,0.006126835941931333,0.006665507655043579,2.6712972219788966e-06,2.6712972219788966e-06,2.6712972219788966e-06,2.6712972219788966e-06,2.6712972219788966e-06,0.0,0.0,0.0,0.0,0.0
controlled_smooth_perturbations,direct_topology,truncated_line,1,0.8098457724718795,0.8349429649006684,0.95149829371244,0.9573553576426512,0.521268680469665,0.46699748280412356,0.4699480603251607,0.6950236882718016,0.8001991452077765,0.9053746021437513,0.20950784444576478,0.07982756235613397,0.2548475119023359,0.7736626620375582,1.2924778121727805,0.23541260201904074,0.13157892187938747,0.30902288262699784,0.7515791953783659,1.1941355081297358,0.23470648093119806,0.13341816705146087,0.48720973782374244,0.6684012103954774,0.8495926829672124,0.5483097155550504,0.47711469330808076,0.8475560661737012,0.900970082189848,0.9543840982059948,1.0,1.0,1.0,1.0,1.0,0.0051894685416427645,0.004672971276246634,0.009068073069047623,0.010325650017143265,0.011583226965238906,0.22474779666504616,0.22474779666504616,0.22474779666504616,0.22474779666504616,0.22474779666504616,0.0,0.0,0.0,0.0,0.0
controlled_smooth_perturbations,hybrid,truncated_line,1,0.8098457724718795,0.8349429649006684,0.95149829371244,0.9573553576426512,0.521268680469665,0.46699748280412356,0.4699480603251607,0.6950236882718016,0.8001991452077765,0.9053746021437513,0.20950784444576478,0.07982756235613397,0.2548475119023359,0.7736626620375582,1.2924778121727805,0.23541260201904074,0.13157892187938747,0.30902288262699784,0.7515791953783659,1.1941355081297358,0.23470648093119806,0.13341816705146087,0.48720973782374244,0.6684012103954774,0.8495926829672124,0.5483097155550504,0.47711469330808076,0.8475560661737012,0.900970082189848,0.9543840982059948,1.0,1.0,1.0,1.0,1.0,0.0051894685416427645,0.004672971276246634,0.009068073069047623,0.010325650017143265,0.011583226965238906,0.22474779666504616,0.22474779666504616,0.22474779666504616,0.22474779666504616,0.22474779666504616,0.0,0.0,0.0,0.0,0.0
controlled_smooth_perturbations,initial_ritz,truncated_line,1,0.981140339198349,0.992863694093029,0.9979812073036708,0.9979951823589746,0.8985425792378159,0.15999845314292155,0.134122754678777,0.2554899368619395,0.299436943758483,0.3433839506550265,0.013616188313839166,0.013941276920922618,0.02114316404045624,0.022762834305543045,0.024382504570629848,0.007976440422803387,0.006097625722797373,0.016345547411013992,0.01989691106177497,0.023448274712535966,0.1862217104403082,0.08518223645108829,0.3340450939755177,0.5905792966301018,0.8471134992846858,0.14395286350025324,0.11137029432599022,0.33863289800515256,0.39289508273683404,0.44715726746851553,0.45454545454545453,0.0,1.0,1.0,0.0,0.002803924115229172,0.0020453106701413216,0.005111410938121158,0.005594046398223617,0.00607668185832608,1.2398533788537947e-06,1.2398533788537947e-06,1.2398533788537947e-06,1.2398533788537947e-06,1.2398533788537947e-06,0.0,0.0,0.0,0.0,0.0
double_wells,direct_topology,truncated_line,5,0.9516906194155001,0.9941367091357655,0.9973362531137363,0.9977020532872204,0.497390261302001,0.15917596731513808,0.08295832328810351,0.42385064827828367,0.5335102847108971,0.7820020872206556,0.10179614401764787,0.11406524286441222,0.21836703016711853,0.24063140954168294,0.2820721552281338,0.07434710500072032,0.05237736274445082,0.1286053371292984,0.34440416021704595,0.3766884941353812,0.12082324983582976,0.07047328052297466,0.30500846576937984,0.3946163333474961,0.4968764419028291,0.22148160392140265,0.09190518950682913,0.5242789586037364,0.9062557660702423,1.210082041684398,1.0,1.0,1.0,1.0,1.0,0.0061237405499478,0.0013839101224438633,0.00820986639598242,0.04163980361467653,0.06514200083727076,0.2697529128552257,0.2197917473738283,0.43855584812011544,0.43855584812011544,0.43855584812011544,0.0,0.0,0.0,0.0,0.0
double_wells,hybrid,truncated_line,5,0.9516906194155001,0.9941367091357655,0.9973362531137363,0.9977020532872204,0.497390261302001,0.15917596731513808,0.08295832328810351,0.42385064827828367,0.5335102847108971,0.7820020872206556,0.10179614401764787,0.11406524286441222,0.21836703016711853,0.24063140954168294,0.2820721552281338,0.07434710500072032,0.05237736274445082,0.1286053371292984,0.34440416021704595,0.3766884941353812,0.12082324983582976,0.07047328052297466,0.30500846576937984,0.3946163333474961,0.4968764419028291,0.22148160392140265,0.09190518950682913,0.5242789586037364,0.9062557660702423,1.210082041684398,1.0,1.0,1.0,1.0,1.0,0.0061237405499478,0.0013839101224438633,0.00820986639598242,0.04163980361467653,0.06514200083727076,0.2697529128552257,0.2197917473738283,0.43855584812011544,0.43855584812011544,0.43855584812011544,0.0,0.0,0.0,0.0,0.0
double_wells,initial_ritz,truncated_line,5,0.9985379652677369,0.9994713638066124,0.9997940897514543,0.9998204046740677,0.9908256506664492,0.050456960041516494,0.04670315896930655,0.06685448535040445,0.08630799547119634,0.09464671483932063,0.007111141307004438,0.002078571928722628,0.01764616134547019,0.025486978601865388,0.031147603670696355,0.004819924587182296,0.003061946626196521,0.012152802779980619,0.019985374425589873,0.02143885744376206,0.0955149117085286,0.05771041065089354,0.18844380576726497,0.3181194794810744,0.42239816264321156,0.04112330869713748,0.028872412049152897,0.09389951828595239,0.12113190187045872,0.1338508952245796,0.9090909090909091,1.0,1.0,1.0,0.0,0.0003352265990951614,0.0003811987657894925,0.00048061271476020675,0.000542745224645665,0.0006024003906451625,1.5031121728847907e-06,1.55943894264432e-06,1.7480337396458268e-06,1.7480337396458268e-06,1.7480337396458268e-06,0.0,0.0,0.0,0.0,0.0
joint_parameter_extrapolation,direct_topology,truncated_line,2,0.9861600144508809,0.9943674667733526,0.9974956814292595,0.9975631126090934,0.8294192340200787,0.10275341691600488,0.08010065294133581,0.16632428847477282,0.20139590816073688,0.3722536188212737,0.10065461373844267,0.02339204587007715,0.23129019176745494,0.5295463899430984,0.5734825680061988,0.08726784008177665,0.04461292216774715,0.154513347046361,0.2182028571682458,0.5617232519602045,0.0860107791749909,0.06016493413149265,0.1702039914613779,0.27042330315589275,0.3526993899770784,0.1357937301041479,0.1053225352134202,0.17556276479093846,0.20555933567857157,0.7223735118433078,1.0,1.0,1.0,1.0,1.0,0.0022797701912092593,0.0009243940218696543,0.004849368930333713,0.005125971902140468,0.02249458561020803,0.239822460733974,0.23982246073397406,0.3889888216904442,0.3889888216904442,0.3889888216904442,0.0,0.0,0.0,0.0,0.0
joint_parameter_extrapolation,hybrid,truncated_line,2,0.9861600144508809,0.9943674667733526,0.9974956814292595,0.9975631126090934,0.8294192340200787,0.10275341691600488,0.08010065294133581,0.16632428847477282,0.20139590816073688,0.3722536188212737,0.10065461373844267,0.02339204587007715,0.23129019176745494,0.5295463899430984,0.5734825680061988,0.08726784008177665,0.04461292216774715,0.154513347046361,0.2182028571682458,0.5617232519602045,0.0860107791749909,0.06016493413149265,0.1702039914613779,0.27042330315589275,0.3526993899770784,0.1357937301041479,0.1053225352134202,0.17556276479093846,0.20555933567857157,0.7223735118433078,1.0,1.0,1.0,1.0,1.0,0.0022797701912092593,0.0009243940218696543,0.004849368930333713,0.005125971902140468,0.02249458561020803,0.239822460733974,0.23982246073397406,0.3889888216904442,0.3889888216904442,0.3889888216904442,0.0,0.0,0.0,0.0,0.0
joint_parameter_extrapolation,initial_ritz,truncated_line,2,0.9984252889015831,0.9992077591423452,0.999922834870577,0.9999554764434034,0.992193569993472,0.04982834335184593,0.04833704316608803,0.0836041352494272,0.08853104053963157,0.09649012492387027,0.006948884334577487,0.0054179785624399734,0.01698377451098061,0.017851587124066225,0.02423811074142801,0.0037172460473866077,0.00230151969467407,0.006824252927753443,0.010230705773330457,0.01709180682990219,0.06559407492619626,0.04283439578212748,0.12298352286613133,0.2354879384335084,0.30956424366472723,0.043080238521848176,0.03433597213816919,0.08848354311262044,0.09722864693883897,0.11970712930825081,0.9090909090909091,1.0,1.0,1.0,0.0,0.0004467911596478922,0.000322193499377584,0.0006499710942585588,0.000977535704016108,0.00242316718380672,1.8092954038317899e-06,1.8092954038317899e-06,1.947220964915175e-06,1.947220964915175e-06,1.947220964915175e-06,0.0,0.0,0.0,0.0,0.0
localized_defects,direct_topology,truncated_line,5,0.9083894227824931,0.939518968114153,0.9879527658525451,0.991083850333541,0.3320273048348677,0.341067532025772,0.3101839258416495,0.6330655400226106,0.7033636396819357,1.2279621467437765,0.15334298844465424,0.10416819047383497,0.34699797823958756,0.42905946948488893,0.6680064973233035,0.13182516178263143,0.08605090347989774,0.3764245267846292,0.42823567168336046,0.6635336975465917,0.24433604633056974,0.1530387390893118,0.6350500971618274,0.7910834896452966,0.9996650613599215,0.37086398496439643,0.2807582687330877,0.6343590049950771,0.7642633926714033,1.4718769032224008,1.0,1.0,1.0,1.0,1.0,0.004955014425539523,0.004776403869424655,0.007808160382913749,0.009529986824888828,0.02915604870552151,0.14145274824247558,0.1417975679941286,0.2020839000187666,0.2020839000187666,0.2020839000187666,0.0,0.0,0.0,0.0,0.0
localized_defects,hybrid,truncated_line,5,0.9083894227824931,0.939518968114153,0.9879527658525451,0.991083850333541,0.3320273048348677,0.341067532025772,0.3101839258416495,0.6330655400226106,0.7033636396819357,1.2279621467437765,0.15334298844465424,0.10416819047383497,0.34699797823958756,0.42905946948488893,0.6680064973233035,0.13182516178263143,0.08605090347989774,0.3764245267846292,0.42823567168336046,0.6635336975465917,0.24433604633056974,0.1530387390893118,0.6350500971618274,0.7910834896452966,0.9996650613599215,0.37086398496439643,0.2807582687330877,0.6343590049950771,0.7642633926714033,1.4718769032224008,1.0,1.0,1.0,1.0,1.0,0.004955014425539523,0.004776403869424655,0.007808160382913749,0.009529986824888828,0.02915604870552151,0.14145274824247558,0.1417975679941286,0.2020839000187666,0.2020839000187666,0.2020839000187666,0.0,0.0,0.0,0.0,0.0
localized_defects,initial_ritz,truncated_line,5,0.9895928264851623,0.9935750380574256,0.9980868613324083,0.9985172890475325,0.9515742055311159,0.17515369777068698,0.1461334177568142,0.3164568256448585,0.4187221686722522,0.4802683627282374,0.038149364213946144,0.013688870674076536,0.10067147060065675,0.22662588458292987,0.30804875008762433,0.024646056621464855,0.004559823497241489,0.07608823375269966,0.17946221449943936,0.21102914126244054,0.17982973537313687,0.08641689111510378,0.4859947581687724,0.7097835717139731,0.8872009638022262,0.11245179841165964,0.08340846147336042,0.205904284735789,0.2450440442007924,0.34671313703383333,0.6727272727272727,1.0,1.0,1.0,0.0,0.001586107885167408,0.001367565716734387,0.0024931472258592456,0.0029783391443622322,0.003216356927656819,1.4401936381691626e-06,1.4181419543124463e-06,1.637509851382113e-06,1.637509851382113e-06,1.637509851382113e-06,0.0,0.0,0.0,0.0,0.0
multiple_barriers,direct_topology,truncated_line,1,0.9010614687646686,0.9147246528067091,0.9895572676100901,0.9899959107061991,0.6771577511271591,0.299182780700359,0.2819237670526211,0.4794134374756234,0.58857425396001,0.6977350704443965,0.05271838292270825,0.04171439582302661,0.06844369157319186,0.14941502580222554,0.23038636003125923,0.04159578232860284,0.03163061859939864,0.06158846478797178,0.11176556662301948,0.16194266845806737,0.043827785415881976,0.03358654545405589,0.07233395692187884,0.08540861257474261,0.09848326822760639,0.36389336916562093,0.3031828778218268,0.6771632640180401,0.7817009831453858,0.8862387022727316,1.0,1.0,1.0,1.0,1.0,0.006675708971401135,0.0037565262208397914,0.015918666855679112,0.019962753462927495,0.024006840070175877,0.1615387373345066,0.16153873733450663,0.16153873733450663,0.16153873733450663,0.16153873733450663,0.0,0.0,0.0,0.0,0.0
multiple_barriers,hybrid,truncated_line,1,0.9010614687646686,0.9147246528067091,0.9895572676100901,0.9899959107061991,0.6771577511271591,0.299182780700359,0.2819237670526211,0.4794134374756234,0.58857425396001,0.6977350704443965,0.05271838292270825,0.04171439582302661,0.06844369157319186,0.14941502580222554,0.23038636003125923,0.04159578232860284,0.03163061859939864,0.06158846478797178,0.11176556662301948,0.16194266845806737,0.043827785415881976,0.03358654545405589,0.07233395692187884,0.08540861257474261,0.09848326822760639,0.36389336916562093,0.3031828778218268,0.6771632640180401,0.7817009831453858,0.8862387022727316,1.0,1.0,1.0,1.0,1.0,0.006675708971401135,0.0037565262208397914,0.015918666855679112,0.019962753462927495,0.024006840070175877,0.1615387373345066,0.16153873733450663,0.16153873733450663,0.16153873733450663,0.16153873733450663,0.0,0.0,0.0,0.0,0.0
multiple_barriers,initial_ritz,truncated_line,1,0.9981820684123022,0.9984942840537286,0.9992580219817438,0.99927046625314,0.9954960829160489,0.07238382353459412,0.05989310500186014,0.096207777519626,0.11818690526304633,0.14016603300646666,0.005519092743718171,0.004265612686000786,0.01299340668817095,0.013357249387547121,0.013721092086923292,0.0030216726023526872,0.0032312725172016776,0.004305268959083362,0.006280781617355742,0.008256294275628129,0.03001154286002904,0.023542441876095974,0.043413267645845306,0.06260264815108037,0.08179202865631542,0.056078031919641565,0.05168058933529479,0.07151427327555808,0.08496494153037237,0.09841560978518667,0.8181818181818182,1.0,1.0,1.0,0.0,0.0005139106558105862,0.000444869168443312,0.0007622317824205435,0.0008023112327997543,0.000842390683178965,1.8340233071123535e-06,1.8340233071123535e-06,1.8340233071123535e-06,1.8340233071123535e-06,1.8340233071123535e-06,0.0,0.0,0.0,0.0,0.0
multiwell_potentials,direct_topology,truncated_line,1,0.991903919218132,0.9932761659372507,0.9959966320210994,0.996478771173896,0.984071592959802,0.09292088375816165,0.08907207526206244,0.12584407369592035,0.1266107223313676,0.1273773709668149,0.043776156663215264,0.03332823193990908,0.06794427630878719,0.11795699891102407,0.16796972151326095,0.058023149360184136,0.01738794625783635,0.15935967610627536,0.19763683696416168,0.23591399782204814,0.025176245027649258,0.02353119567749481,0.03064459685148696,0.03071063387281104,0.030776670894135123,0.12313801034153143,0.10969254565130568,0.18301642623806455,0.1887362171843856,0.19445600813070663,1.0,1.0,1.0,1.0,1.0,0.0016918828504966813,0.0013755674842005046,0.003526720708313062,0.00433523846161393,0.005143756214914798,0.09228607345233943,0.09228607345233944,0.09228607345233944,0.09228607345233944,0.09228607345233944,0.0,0.0,0.0,0.0,0.0
multiwell_potentials,hybrid,truncated_line,1,0.991903919218132,0.9932761659372507,0.9959966320210994,0.996478771173896,0.984071592959802,0.09292088375816165,0.08907207526206244,0.12584407369592035,0.1266107223313676,0.1273773709668149,0.043776156663215264,0.03332823193990908,0.06794427630878719,0.11795699891102407,0.16796972151326095,0.058023149360184136,0.01738794625783635,0.15935967610627536,0.19763683696416168,0.23591399782204814,0.025176245027649258,0.02353119567749481,0.03064459685148696,0.03071063387281104,0.030776670894135123,0.12313801034153143,0.10969254565130568,0.18301642623806455,0.1887362171843856,0.19445600813070663,1.0,1.0,1.0,1.0,1.0,0.0016918828504966813,0.0013755674842005046,0.003526720708313062,0.00433523846161393,0.005143756214914798,0.09228607345233943,0.09228607345233944,0.09228607345233944,0.09228607345233944,0.09228607345233944,0.0,0.0,0.0,0.0,0.0
multiwell_potentials,initial_ritz,truncated_line,1,0.998205976528672,0.9991634502789185,0.9999695679144274,0.9999756041826977,0.9893070809373636,0.04026050063128794,0.035712949173825864,0.05981816320375689,0.08184304816251065,0.10386793312126441,0.006020684277785581,0.003143611779573341,0.015963572221268763,0.015993729224551334,0.016023886227833906,0.0019460986906764122,0.0016313939002547961,0.004050261500246054,0.004980772545455501,0.005911283590664951,0.0176129545711203,0.01973344427938901,0.025074757722598123,0.025220093579297553,0.02536542943599698,0.03717985684316132,0.028657500105934652,0.05972934769097819,0.09771988030821949,0.13571041292546077,0.8181818181818182,1.0,1.0,1.0,0.0,0.0004892585553648865,0.00035794201190237306,0.0009146329494405589,0.0011628867109662515,0.0014111404724919448,9.667181070094344e-07,9.667181070094344e-07,9.667181070094344e-07,9.667181070094344e-07,9.667181070094344e-07,0.0,0.0,0.0,0.0,0.0
near_continuum_states,direct_topology,radial_reduced,1,0.5848692692883093,0.5801116770327558,0.7756856635402961,0.7954599432684195,0.34785172156001853,0.6853855391856155,0.6984581550283985,0.8725026426606938,0.8904295642558344,0.9083564858509751,0.01951076268363988,0.02308035235900019,0.024195357647999183,0.024200570910701602,0.02420578417340402,0.0030229864723823273,0.0007635264695937671,0.009522726186857499,0.01110879467057709,0.012694863154296687,0.6023580178563732,0.5492386739980983,0.8492468540019259,0.8662564256591683,0.8832659973164106,0.7643335715316746,0.8273127983667224,1.0252307767184667,1.0470775824789733,1.0689243882394799,0.6363636363636364,1.0,1.0,1.0,0.0,0.0958161121365611,0.07805575481761552,0.17407788547695524,0.20660617966825837,0.2391344738595615,0.9343919285219691,0.9343919285219693,0.9343919285219693,0.9343919285219693,0.9343919285219693,0.0,0.0,0.0,0.0,0.0
near_continuum_states,hybrid,radial_reduced,1,0.5848692692883093,0.5801116770327558,0.7756856635402961,0.7954599432684195,0.34785172156001853,0.6853855391856155,0.6984581550283985,0.8725026426606938,0.8904295642558344,0.9083564858509751,0.01951076268363988,0.02308035235900019,0.024195357647999183,0.024200570910701602,0.02420578417340402,0.0030229864723823273,0.0007635264695937671,0.009522726186857499,0.01110879467057709,0.012694863154296687,0.6023580178563732,0.5492386739980983,0.8492468540019259,0.8662564256591683,0.8832659973164106,0.7643335715316746,0.8273127983667224,1.0252307767184667,1.0470775824789733,1.0689243882394799,0.6363636363636364,1.0,1.0,1.0,0.0,0.0958161121365611,0.07805575481761552,0.17407788547695524,0.20660617966825837,0.2391344738595615,0.9343919285219691,0.9343919285219693,0.9343919285219693,0.9343919285219693,0.9343919285219693,0.0,0.0,0.0,0.0,0.0
near_continuum_states,initial_ritz,radial_reduced,1,0.1922848408930158,0.07979918145631942,0.5186756411216076,0.6396246299800317,0.00362243749045465,1.1126350935385791,1.2028717490970595,1.3666372852668758,1.4091063052080028,1.4515753251491297,0.010485372328178023,0.0032723685244073764,0.01222877154403168,0.041551400261589655,0.07087402897914763,0.008268236971431775,0.0013641614599817498,0.009525384789755263,0.03972913080568717,0.0699328768216192,0.7924513845128385,0.795937492896833,0.954139401422902,0.9563972331455213,0.9586550648681404,1.1059483433297375,1.0824681332521158,1.2359552141042967,1.4556420977699922,1.6753289814356875,0.09090909090909091,0.0,0.0,0.5,0.0,0.03299026230058881,0.03299026230058881,0.03299026230058881,0.03299026230058881,0.03299026230058881,0.0005511062518162024,0.0005511062518162024,0.0005511062518162024,0.0005511062518162024,0.0005511062518162024,0.0,0.0,0.0,0.0,0.0
nonuniform_resolution,direct_topology,truncated_line,1,0.9933943618041198,0.9951690498990342,0.9965890230967924,0.9968279398906026,0.978484976745407,0.08863018345786233,0.07280198007426392,0.15528361906422586,0.1560466376102862,0.1568096561563465,0.09482899557671139,0.03988349357699583,0.24480929705645416,0.3338531254110739,0.4228969537656937,0.1398851116507062,0.08630507987042968,0.26279455860399364,0.3627875029733414,0.4627804473426895,0.05153457062578562,0.03374221227583057,0.08280841914459781,0.12960346738350387,0.1763985156224099,0.11062248093258141,0.10420766338466873,0.16671419650923563,0.1918796623778402,0.21704512824644479,1.0,1.0,1.0,1.0,1.0,0.001124530181232795,0.0005873842746782099,0.0013168233465589226,0.003698869354908394,0.006080915363257866,0.0897995735698738,0.08979957356987381,0.08979957356987381,0.08979957356987381,0.08979957356987381,0.0,0.0,0.0,0.0,0.0
nonuniform_resolution,hybrid,truncated_line,1,0.9933943618041198,0.9951690498990342,0.9965890230967924,0.9968279398906026,0.978484976745407,0.08863018345786233,0.07280198007426392,0.15528361906422586,0.1560466376102862,0.1568096561563465,0.09482899557671139,0.03988349357699583,0.24480929705645416,0.3338531254110739,0.4228969537656937,0.1398851116507062,0.08630507987042968,0.26279455860399364,0.3627875029733414,0.4627804473426895,0.05153457062578562,0.03374221227583057,0.08280841914459781,0.12960346738350387,0.1763985156224099,0.11062248093258141,0.10420766338466873,0.16671419650923563,0.1918796623778402,0.21704512824644479,1.0,1.0,1.0,1.0,1.0,0.001124530181232795,0.0005873842746782099,0.0013168233465589226,0.003698869354908394,0.006080915363257866,0.0897995735698738,0.08979957356987381,0.08979957356987381,0.08979957356987381,0.08979957356987381,0.0,0.0,0.0,0.0,0.0
nonuniform_resolution,initial_ritz,truncated_line,1,0.9986954466353327,0.9989268391291815,0.9999750709117992,0.9999843437832685,0.9949037594145381,0.03709295797175211,0.03197858970095348,0.06253383957757228,0.06357675818099467,0.06461967678441707,0.013050516947452335,0.006692284397781023,0.03689110359097292,0.03760038472691729,0.038309665862861664,0.004825539958869973,0.003176809303787609,0.010084694620019439,0.012888712431626008,0.01569273024323259,0.025701814269064507,0.023085151772291663,0.031918474834334,0.040641071269921517,0.049363667705509026,0.03298740354581064,0.03161676149934593,0.05981683546897994,0.0709927913610625,0.08216874725314506,0.9090909090909091,1.0,1.0,1.0,0.0,0.0003348176756413085,0.0003467044267198295,0.0005184749414786326,0.0005378736839734475,0.0005572724264682623,1.7746838443244428e-06,1.7746838443244428e-06,1.7746838443244428e-06,1.7746838443244428e-06,1.7746838443244428e-06,0.0,0.0,0.0,0.0,0.0
random_smooth_potentials,direct_topology,truncated_line,10,0.8168736677720274,0.9088315915429419,0.9857429693782842,0.9896619549240466,0.04227898940999599,0.43656135459689305,0.3245641641378116,0.9419081721335306,1.0497208779711256,2.0172930718906668,0.14369348957043085,0.08476181360510804,0.33141233330693354,0.4076353209290801,1.0916347344171173,0.15514587086327236,0.11020241647081347,0.41796000497337804,0.478518609129027,0.89480784989235,0.16213549075814426,0.10823520449213676,0.36398346313134444,0.5125779377682412,0.7884134073438526,0.5089117719858374,0.4117744956193051,1.035716258651591,1.294736388498186,1.9151335502424747,1.0,1.0,1.0,1.0,1.0,0.008800835646746935,0.00653133197539364,0.02125875539337667,0.024231535341321674,0.03792814029490845,0.2196055767908946,0.20377233118129884,0.3830103811511028,0.4051082786198063,0.4051082786198063,0.0,0.0,0.0,0.0,0.0
random_smooth_potentials,hybrid,truncated_line,10,0.8168736677720274,0.9088315915429419,0.9857429693782842,0.9896619549240466,0.04227898940999599,0.43656135459689305,0.3245641641378116,0.9419081721335306,1.0497208779711256,2.0172930718906668,0.14369348957043085,0.08476181360510804,0.33141233330693354,0.4076353209290801,1.0916347344171173,0.15514587086327236,0.11020241647081347,0.41796000497337804,0.478518609129027,0.89480784989235,0.16213549075814426,0.10823520449213676,0.36398346313134444,0.5125779377682412,0.7884134073438526,0.5089117719858374,0.4117744956193051,1.035716258651591,1.294736388498186,1.9151335502424747,1.0,1.0,1.0,1.0,1.0,0.008800835646746935,0.00653133197539364,0.02125875539337667,0.024231535341321674,0.03792814029490845,0.2196055767908946,0.20377233118129884,0.3830103811511028,0.4051082786198063,0.4051082786198063,0.0,0.0,0.0,0.0,0.0
random_smooth_potentials,initial_ritz,truncated_line,10,0.9660734782971826,0.9970046830847454,0.9993101793528348,0.999663697598513,0.33236844109071245,0.15715784401291136,0.10006192580446793,0.32844643602104834,0.5994568850847223,1.1718319467110165,0.014991299173235929,0.007073783822658941,0.03434928565187685,0.05923877769295686,0.16514750150084012,0.009142510621866938,0.0036760768036697145,0.025523348412078553,0.033493146115088024,0.1603793564604521,0.12141966352166052,0.06600273407302436,0.32476972173685703,0.4475688256517784,0.625748569204828,0.1436263606599485,0.07705124234618256,0.31648700343735026,0.5616057484709527,1.471038656661012,0.6636363636363637,1.0,1.0,1.0,0.0,0.002092463042008492,0.0008719478698591994,0.0052953314123515335,0.01107912440473324,0.016153418194659173,1.6578469726469258e-06,1.5885298509932255e-06,1.922515979335688e-06,2.5939418235587652e-06,2.5939418235587652e-06,0.0,0.0,0.0,0.0,0.0
seen_basis_reparameterization,direct_topology,truncated_line,16,0.9707642290565563,0.9798585337025665,0.9968031628507341,0.9976942358271799,0.864250322356391,0.18314158552636758,0.16763207881374137,0.2728047659109642,0.3321668075620692,0.42581727809623804,0.1641231326339372,0.1407200219679292,0.36453607488518536,0.40709655554701274,0.48200053696579737,0.1324474493445137,0.11471404846487099,0.26156172855395826,0.28177891823672085,0.3164012490830128,0.06870101522298049,0.05519717546322746,0.15417612021660085,0.19097027358624744,0.29902722369723583,0.22289896867920395,0.18125897628124887,0.4434095607201707,0.490526896281359,0.5874162209566823,1.0,1.0,1.0,1.0,1.0,0.0026700599285155334,0.0027681457156823455,0.0043954396092495025,0.004859633389283705,0.006094182277883324,0.27033410211415637,0.26809637883689186,0.3013213428314931,0.3092389922690151,0.3092389922690151,0.0,0.0,0.0,0.0,0.0
seen_basis_reparameterization,hybrid,truncated_line,16,0.9707642290565563,0.9798585337025665,0.9968031628507341,0.9976942358271799,0.864250322356391,0.18314158552636758,0.16763207881374137,0.2728047659109642,0.3321668075620692,0.42581727809623804,0.1641231326339372,0.1407200219679292,0.36453607488518536,0.40709655554701274,0.48200053696579737,0.1324474493445137,0.11471404846487099,0.26156172855395826,0.28177891823672085,0.3164012490830128,0.06870101522298049,0.05519717546322746,0.15417612021660085,0.19097027358624744,0.29902722369723583,0.22289896867920395,0.18125897628124887,0.4434095607201707,0.490526896281359,0.5874162209566823,1.0,1.0,1.0,1.0,1.0,0.0026700599285155334,0.0027681457156823455,0.0043954396092495025,0.004859633389283705,0.006094182277883324,0.27033410211415637,0.26809637883689186,0.3013213428314931,0.3092389922690151,0.3092389922690151,0.0,0.0,0.0,0.0,0.0
seen_basis_reparameterization,initial_ritz,truncated_line,16,0.9962534056959658,0.9990469822353911,0.9999673771556794,0.999983339447919,0.9826611082580573,0.06695217780572392,0.04803370728572798,0.13261675358303943,0.14687846291270007,0.1647779444224472,0.0035685647670198276,0.0011080603506741227,0.01289269005078042,0.014472298965449326,0.01882513242220174,0.003928245919308371,0.0011051572779150476,0.01169208493885705,0.012457837547825298,0.014536231615268846,0.03584732737363519,0.022000638152710344,0.08244107975349937,0.11127721823729761,0.19285781153071455,0.062253271074135454,0.036233594894919466,0.14809642090309816,0.15224809146538884,0.15629084249377911,0.7386363636363636,1.0,1.0,1.0,0.0,0.000784456043161119,0.0007816703832172723,0.0012883653635737057,0.0013541290278079052,0.0015899498559315054,1.5769148471733718e-06,1.5584242233357415e-06,1.885495783393587e-06,1.8872852743934132e-06,1.8872852743934132e-06,0.0,0.0,0.0,0.0,0.0
single_parameter_extrapolation,direct_topology,truncated_line,2,0.9837636651131852,0.9914528374335538,0.9974942065045488,0.9975658972387741,0.9464042927743505,0.13171389268738765,0.11425799150284388,0.24290118285670462,0.32760586916067486,0.3997642496892626,1.0520496173280838,0.13063278727976435,1.3837885524871258,1.5755449899231233,15.178666561670944,0.9758939159595258,0.20676675792141985,0.8281946471162944,1.8050236429034965,14.386779980350486,0.08103844444850648,0.04861857862159226,0.1641444672433381,0.24844345451747338,0.3630433482562113,0.15589648224316888,0.13345300318931624,0.29047689886585354,0.3096017358482238,0.31216632576249836,1.0,1.0,1.0,1.0,1.0,0.002160341708687886,0.0010771199168021646,0.005017817057997258,0.007592786894631186,0.011500261257096342,0.10693254961351002,0.10693254961351001,0.12313158952909162,0.12313158952909162,0.12313158952909162,0.0,0.0,0.0,0.0,0.0
single_parameter_extrapolation,hybrid,truncated_line,2,0.9837636651131852,0.9914528374335538,0.9974942065045488,0.9975658972387741,0.9464042927743505,0.13171389268738765,0.11425799150284388,0.24290118285670462,0.32760586916067486,0.3997642496892626,1.0520496173280838,0.13063278727976435,1.3837885524871258,1.5755449899231233,15.178666561670944,0.9758939159595258,0.20676675792141985,0.8281946471162944,1.8050236429034965,14.386779980350486,0.08103844444850648,0.04861857862159226,0.1641444672433381,0.24844345451747338,0.3630433482562113,0.15589648224316888,0.13345300318931624,0.29047689886585354,0.3096017358482238,0.31216632576249836,1.0,1.0,1.0,1.0,1.0,0.002160341708687886,0.0010771199168021646,0.005017817057997258,0.007592786894631186,0.011500261257096342,0.10693254961351002,0.10693254961351001,0.12313158952909162,0.12313158952909162,0.12313158952909162,0.0,0.0,0.0,0.0,0.0
single_parameter_extrapolation,initial_ritz,truncated_line,2,0.9982762387863062,0.9986721665662014,0.9999395729636715,0.9999553277322886,0.99426803209589,0.05260254130801545,0.05100117701076025,0.07863629000442957,0.08088385493321107,0.08501894579106838,0.019143269048590896,0.015342107994724685,0.04508453134503442,0.0547939940790302,0.05924773486444934,0.006628814715331899,0.004114573616075923,0.014783236912502861,0.02145174103572387,0.021487060471422126,0.038146769550118316,0.030279556338930556,0.05546126398512538,0.07308211094227457,0.13480137645821422,0.04006981833099635,0.04321084076358918,0.07281896457184792,0.0769573570789325,0.09112379298665334,0.8181818181818182,1.0,1.0,1.0,0.0,0.0004305211297306255,0.000416653721267914,0.000692085821821558,0.0007251662564006148,0.0007289451294626456,1.3121951736305704e-06,1.3121951736305704e-06,1.3398574398859608e-06,1.3398574398859608e-06,1.3398574398859608e-06,0.0,0.0,0.0,0.0,0.0
unseen_analytical_functional_forms,direct_topology,half_line,16,0.09250199271782815,0.0589831931912601,0.25933841561400717,0.2873419607000628,1.898127890905895e-05,1.3042978029103633,1.107050155680182,2.101937734998044,2.226801479067118,2.428663892027818,13.341023584791555,7.0753475676929725,31.700082487344467,44.45270715862313,117.65042563509161,5.644434942489949,1.9618058619540335,13.388487280671622,23.849198967086306,69.43537138447155,0.7154368653993722,0.8174488322051124,0.9477164141580087,0.9570109595344471,0.9868874295149588,1.428671642394491,1.4020420605808295,1.8968426803578218,1.9654801285798766,1.9996782007759764,0.8920454545454546,1.0,1.0,1.0,0.0,0.1516492939544693,0.17022475100725817,0.24034336617000024,0.2534700585590885,0.29859402757015496,0.9772317359861805,0.977380439093858,0.9818242200565516,0.9825251272775859,0.9825251272775859,0.0,0.0,0.0,0.0,0.0
unseen_analytical_functional_forms,direct_topology,truncated_line,32,0.9799853656108585,0.9886846554583846,0.9956070408724763,0.9978105469121156,0.8643739884297283,0.14567348281247214,0.1315910205869456,0.2266736760912249,0.2773069885749516,0.4214771607143938,0.11285501909701502,0.07762301815533568,0.30366472191849725,0.3549521434156898,0.47352718005349637,0.09883719802589384,0.07850370204078327,0.22452764542499862,0.24694294712659737,0.30630460519828073,0.06361234742857601,0.04506189448404817,0.1455041367146712,0.17160670892637275,0.3007013181281572,0.17656956409498223,0.14099629257954835,0.33658371028044787,0.4391877052641614,0.5881169213789907,1.0,1.0,1.0,1.0,1.0,0.002378499503019439,0.002261219794759622,0.004422252579322293,0.00571344385577644,0.007185057681934829,0.18138516155685389,0.16773266479494214,0.2896786355848412,0.301094239018941,0.30981571574911626,0.0,0.0,0.0,0.0,0.0
unseen_analytical_functional_forms,hybrid,half_line,16,0.09250199271782815,0.0589831931912601,0.25933841561400717,0.2873419607000628,1.898127890905895e-05,1.3042978029103633,1.107050155680182,2.101937734998044,2.226801479067118,2.428663892027818,13.341023584791555,7.0753475676929725,31.700082487344467,44.45270715862313,117.65042563509161,5.644434942489949,1.9618058619540335,13.388487280671622,23.849198967086306,69.43537138447155,0.7154368653993722,0.8174488322051124,0.9477164141580087,0.9570109595344471,0.9868874295149588,1.428671642394491,1.4020420605808295,1.8968426803578218,1.9654801285798766,1.9996782007759764,0.8920454545454546,1.0,1.0,1.0,0.0,0.1516492939544693,0.17022475100725817,0.24034336617000024,0.2534700585590885,0.29859402757015496,0.9772317359861805,0.977380439093858,0.9818242200565516,0.9825251272775859,0.9825251272775859,0.0,0.0,0.0,0.0,0.0
unseen_analytical_functional_forms,hybrid,truncated_line,32,0.9799853656108585,0.9886846554583846,0.9956070408724763,0.9978105469121156,0.8643739884297283,0.14567348281247214,0.1315910205869456,0.2266736760912249,0.2773069885749516,0.4214771607143938,0.11285501909701502,0.07762301815533568,0.30366472191849725,0.3549521434156898,0.47352718005349637,0.09883719802589384,0.07850370204078327,0.22452764542499862,0.24694294712659737,0.30630460519828073,0.06361234742857601,0.04506189448404817,0.1455041367146712,0.17160670892637275,0.3007013181281572,0.17656956409498223,0.14099629257954835,0.33658371028044787,0.4391877052641614,0.5881169213789907,1.0,1.0,1.0,1.0,1.0,0.002378499503019439,0.002261219794759622,0.004422252579322293,0.00571344385577644,0.007185057681934829,0.18138516155685389,0.16773266479494214,0.2896786355848412,0.301094239018941,0.30981571574911626,0.0,0.0,0.0,0.0,0.0
unseen_analytical_functional_forms,initial_ritz,half_line,16,0.0670815734337753,0.005700037439474228,0.2466870774166125,0.4587348850240779,2.643304828984352e-08,1.6839267914372222,1.1430082411442384,1.8164249421248853,7.587009732813369,8.632741889554957,19.372348463232985,4.091543904162279,56.11797327535268,120.63174882802119,174.99806109373898,14.466841606821527,1.5189717395044084,29.639381640505622,107.61048068373739,170.96281656033014,0.6480016508178816,0.7331714249920036,0.953818315786982,0.9620160132478058,0.9845239574708587,1.4324637799955484,1.322729187580348,1.9984177666188978,1.9994096913073047,1.999983472575014,0.011363636363636364,0.0,0.0,0.0,0.0,0.15839296437343992,0.15839296437343992,0.15839296437343992,0.15839296437343992,0.15839296437343992,0.2716402802097077,0.32288599774685006,0.40847519200938454,0.4118110790438658,0.4118110790438658,0.0,0.0,0.0,0.0,0.0
unseen_analytical_functional_forms,initial_ritz,truncated_line,32,0.9975473510793236,0.9988459694253257,0.9999494775196349,0.9999854584037898,0.9829313747609716,0.053243014721547084,0.046042167533247955,0.11641498009359931,0.13274025050868168,0.17159721101321532,0.002548650282365744,0.000840620729382735,0.00680318609364692,0.012915497753997805,0.020691138226852424,0.0027734291766099914,0.0006961462199330803,0.00983671508041022,0.011820392993255081,0.015344557890123234,0.03320325325226828,0.02467523873727715,0.06264151183972932,0.08428093093368558,0.1920039060826889,0.04798995930679372,0.03324384224712753,0.13385079763666335,0.14689420844827922,0.16164619722095566,0.7755681818181818,1.0,1.0,1.0,0.0,0.00047655976670944045,0.0003908111444185413,0.0010523534468643964,0.0012044654100223158,0.0016617820667135345,1.5917137945777038e-06,1.5880788811761803e-06,1.8837026547480207e-06,2.0741775660360062e-06,2.146673765635043e-06,0.0,0.0,0.0,0.0,0.0
valid_spatial_reflection,direct_topology,truncated_line,1,0.7893557527866378,0.8609842362341433,0.901930550508571,0.9047884945799203,0.3549917987654715,0.627360528103819,0.5205908589776096,0.8513212764454675,1.2547702039981823,1.6582191315508972,0.36839675626716084,0.3429350170497838,0.6942748643794863,0.7093037100800198,0.7243325557805533,0.3188675782318057,0.2972687843691264,0.6918656048120668,0.7829374734969053,0.8740093421817443,0.47317162702954985,0.4835202110651929,0.7826026908160196,0.8316013766219033,0.8806000624277868,0.6101670446223718,0.5028977366131345,0.7683402994344519,1.164733781252994,1.5611272630715363,1.0,1.0,1.0,1.0,1.0,0.008885913450354747,0.007305807234466212,0.018019168402501128,0.020345249265931918,0.022671330129362705,0.41459219671749886,0.41459219671749886,0.41459219671749886,0.41459219671749886,0.41459219671749886,0.0,0.0,0.0,0.0,0.0
valid_spatial_reflection,hybrid,truncated_line,1,0.7893557527866378,0.8609842362341433,0.901930550508571,0.9047884945799203,0.3549917987654715,0.627360528103819,0.5205908589776096,0.8513212764454675,1.2547702039981823,1.6582191315508972,0.36839675626716084,0.3429350170497838,0.6942748643794863,0.7093037100800198,0.7243325557805533,0.3188675782318057,0.2972687843691264,0.6918656048120668,0.7829374734969053,0.8740093421817443,0.47317162702954985,0.4835202110651929,0.7826026908160196,0.8316013766219033,0.8806000624277868,0.6101670446223718,0.5028977366131345,0.7683402994344519,1.164733781252994,1.5611272630715363,1.0,1.0,1.0,1.0,1.0,0.008885913450354747,0.007305807234466212,0.018019168402501128,0.020345249265931918,0.022671330129362705,0.41459219671749886,0.41459219671749886,0.41459219671749886,0.41459219671749886,0.41459219671749886,0.0,0.0,0.0,0.0,0.0
valid_spatial_reflection,initial_ritz,truncated_line,1,0.957567473489292,0.9631319151379756,0.9900331439387444,0.992113712735289,0.8293484290566551,0.2726452280484583,0.23168042077433668,0.39685166245381187,0.43579342597807363,0.4747351895023354,0.08049202803253908,0.059289265637280764,0.18060009807395372,0.21653730327109255,0.2524745084682314,0.05441163034458414,0.03895885057749962,0.0963787733090706,0.14478200807001051,0.19318524283095062,0.3697232236351274,0.2739987782914656,0.7302401229965466,0.7824014336556345,0.8345627443147224,0.22886589996830714,0.2294910234128944,0.2863982306512873,0.4175995928652271,0.5488009550791669,0.36363636363636365,0.0,1.0,1.0,0.0,0.0034239841335349285,0.003218201807929545,0.0054760654702343545,0.005738090547217073,0.006000115624199794,2.3168364301495714e-06,2.3168364301495714e-06,2.3168364301495714e-06,2.3168364301495714e-06,2.3168364301495714e-06,0.0,0.0,0.0,0.0,0.0
variable_uniform_resolution,direct_topology,truncated_line,1,0.9920237794799707,0.9942432170252798,0.9964657889597665,0.9965248025962448,0.9734465890862497,0.09665475635521757,0.08050770504786044,0.16796671202600316,0.1730870116290238,0.1782073112320444,0.09568608869416523,0.047671287757145464,0.2524491820051846,0.3012565372763083,0.350063892547432,0.14377972682404602,0.1072878485857407,0.26262933452867626,0.36144317981507723,0.4602570251014786,0.052579326068286525,0.03488620461891718,0.08730407621711744,0.13652792042371426,0.1857517646303111,0.12143880858307977,0.11610084367793375,0.18303604029454645,0.21191043429270617,0.24078482829086592,1.0,1.0,1.0,1.0,1.0,0.0013434327406341613,0.0007809481037937453,0.0017139479633353869,0.004168173008548116,0.006622398053760846,0.0904533788763624,0.0904533788763624,0.0904533788763624,0.0904533788763624,0.0904533788763624,0.0,0.0,0.0,0.0,0.0
variable_uniform_resolution,hybrid,truncated_line,1,0.9920237794799707,0.9942432170252798,0.9964657889597665,0.9965248025962448,0.9734465890862497,0.09665475635521757,0.08050770504786044,0.16796671202600316,0.1730870116290238,0.1782073112320444,0.09568608869416523,0.047671287757145464,0.2524491820051846,0.3012565372763083,0.350063892547432,0.14377972682404602,0.1072878485857407,0.26262933452867626,0.36144317981507723,0.4602570251014786,0.052579326068286525,0.03488620461891718,0.08730407621711744,0.13652792042371426,0.1857517646303111,0.12143880858307977,0.11610084367793375,0.18303604029454645,0.21191043429270617,0.24078482829086592,1.0,1.0,1.0,1.0,1.0,0.0013434327406341613,0.0007809481037937453,0.0017139479633353869,0.004168173008548116,0.006622398053760846,0.0904533788763624,0.0904533788763624,0.0904533788763624,0.0904533788763624,0.0904533788763624,0.0,0.0,0.0,0.0,0.0
variable_uniform_resolution,initial_ritz,truncated_line,1,0.9987388280624383,0.9988134668373994,0.9999832970011272,0.9999898312597023,0.9955054431593237,0.03651586140641979,0.032077253828995594,0.05785579068089001,0.06151727434263106,0.06517875800437212,0.011188056030759775,0.006087654881179461,0.03222477516079714,0.03252254582921221,0.03282031649762729,0.004405780208503763,0.002611638062027355,0.009642094369775298,0.01230620815916507,0.014970321948554854,0.02367052355081407,0.02207042453269461,0.03220916944597739,0.03871521199274114,0.045221254539504895,0.031864072385267665,0.030548644433620178,0.06135305734936138,0.06779112813104157,0.07422919891272177,0.9090909090909091,1.0,1.0,1.0,0.0,0.0002973455559521991,0.00026860883725925036,0.00045222031037019816,0.00047963791192197656,0.000507055513473755,1.3109214836992678e-06,1.3109214836992678e-06,1.3109214836992678e-06,1.3109214836992678e-06,1.3109214836992678e-06,0.0,0.0,0.0,0.0,0.0
within_range_unseen_parameter_interpolation,direct_topology,truncated_line,1,0.9951003703528312,0.9959973649387756,0.9975690835878968,0.9976674587141454,0.9854926419838036,0.07849013074454772,0.07139479824984818,0.11993396880414654,0.12457090086819747,0.1292078329322484,0.11246536114037843,0.057425662151451284,0.25333205234996914,0.4040450098917021,0.5547579674334351,0.14216333146308538,0.07894437357470885,0.2798244150827105,0.3867603942070015,0.4936963733312929,0.05063165668411618,0.038536471278399834,0.0753275672073948,0.11414143339750352,0.15295529958761225,0.09428636181887894,0.10124581872687488,0.13121180802623136,0.1539174794006203,0.17662315077500926,1.0,1.0,1.0,1.0,1.0,0.0008801633942426206,0.0005178528828991805,0.0007375807044305808,0.0029285952805309344,0.005119609856631288,0.09073328000716317,0.09073328000716317,0.09073328000716317,0.09073328000716317,0.09073328000716317,0.0,0.0,0.0,0.0,0.0
within_range_unseen_parameter_interpolation,hybrid,truncated_line,1,0.9951003703528312,0.9959973649387756,0.9975690835878968,0.9976674587141454,0.9854926419838036,0.07849013074454772,0.07139479824984818,0.11993396880414654,0.12457090086819747,0.1292078329322484,0.11246536114037843,0.057425662151451284,0.25333205234996914,0.4040450098917021,0.5547579674334351,0.14216333146308538,0.07894437357470885,0.2798244150827105,0.3867603942070015,0.4936963733312929,0.05063165668411618,0.038536471278399834,0.0753275672073948,0.11414143339750352,0.15295529958761225,0.09428636181887894,0.10124581872687488,0.13121180802623136,0.1539174794006203,0.17662315077500926,1.0,1.0,1.0,1.0,1.0,0.0008801633942426206,0.0005178528828991805,0.0007375807044305808,0.0029285952805309344,0.005119609856631288,0.09073328000716317,0.09073328000716317,0.09073328000716317,0.09073328000716317,0.09073328000716317,0.0,0.0,0.0,0.0,0.0
within_range_unseen_parameter_interpolation,initial_ritz,truncated_line,1,0.9986961733436754,0.9992035966452802,0.9999556333931416,0.9999723216422187,0.9942672314456709,0.03941123983174782,0.03417729961345863,0.06407470653683903,0.06816339732033189,0.07225208810382475,0.015344514907232331,0.007677427844064333,0.04114410600399765,0.042627149847378476,0.0441101936907593,0.005329309103346347,0.004358799171007455,0.011005485115432288,0.013487081866919975,0.015968678618407672,0.029992490601722214,0.028376223155930833,0.032231803404511275,0.043118400448113964,0.05400499749171665,0.033783640658324426,0.027245751151410313,0.05467027862164669,0.07289686609781557,0.09112345357398445,0.9090909090909091,1.0,1.0,1.0,0.0,0.0003816533242327296,0.00035448534516876,0.0006506983545647576,0.0006869183938222193,0.0007231384330796812,1.5137664542974605e-06,1.5137664542974605e-06,1.5137664542974605e-06,1.5137664542974605e-06,1.5137664542974605e-06,0.0,0.0,0.0,0.0,0.0
