step,phase,learning_rate,loss,native_loss,fidelity,minimum_state_fidelity,wave,infidelity,node_phase,lobe_mass,phase_profile,amplitude_profile,fidelity_s0,fidelity_s1,fidelity_s2,fidelity_s3,fidelity_s4,fidelity_s5,fidelity_s6,fidelity_s7,fidelity_s8,fidelity_s9,fidelity_s10
0,native,0.003,2.1901962757110596,2.1901962757110596,0.14337578415870667,0.00022318509581964463,1.3308769464492798,0.8566242456436157,0.012912996113300323,0.0014063414419069886,0.007437839638441801,11.114608764648438,0.511348307132721,0.19830340147018433,0.00022318509581964463,0.08840993046760559,0.19159550964832306,0.2024436742067337,0.15679779648780823,0.10242155194282532,0.06224489212036133,0.03762654587626457,0.025718916207551956
10,native,0.003,1.3648757934570312,1.3648757934570312,0.4150504171848297,0.012856042943894863,0.7624793648719788,0.5849495530128479,0.012017184868454933,0.01556391827762127,0.005021833349019289,8.751006126403809,0.3490206003189087,0.2124277800321579,0.012856042943894863,0.3752749264240265,0.4848145544528961,0.5309227705001831,0.5496817231178284,0.5314571857452393,0.5454026460647583,0.5164788961410522,0.4572175443172455
20,native,0.003,0.8068171739578247,0.8068171739578247,0.6380758881568909,0.3262881934642792,0.4105691611766815,0.36192408204078674,0.011357552371919155,0.006682668812572956,0.005397148430347443,7.596107006072998,0.6296412348747253,0.5326893925666809,0.3262881934642792,0.6101229190826416,0.6609885096549988,0.7732047438621521,0.702749490737915,0.7432102560997009,0.6801072955131531,0.7084575891494751,0.6513756513595581
30,native,0.003,0.3951621651649475,0.3951621651649475,0.8275882601737976,0.6861222386360168,0.1830035150051117,0.17241179943084717,0.011362576857209206,0.004867169074714184,0.006051877047866583,6.2813720703125,0.980362057685852,0.9834145903587341,0.7422494888305664,0.6861222386360168,0.8281190395355225,0.7859264016151428,0.8712151646614075,0.8067697286605835,0.8406195640563965,0.7762646079063416,0.8024073243141174
40,native,0.003,0.3290915787220001,0.3290915787220001,0.8557897210121155,0.6893976330757141,0.1521853655576706,0.1442103534936905,0.010870457626879215,0.003629678161814809,0.006236085668206215,5.826330184936523,0.9863161444664001,0.9871573448181152,0.7589520812034607,0.6893976330757141,0.8663240075111389,0.7927541136741638,0.904164731502533,0.8247195482254028,0.8991022109985352,0.8388285636901855,0.8659696578979492
50,native,0.003,0.29073962569236755,0.29073962569236755,0.8744151592254639,0.6936591267585754,0.1320594698190689,0.12558478116989136,0.010826189070940018,0.003543128725141287,0.007160146255046129,5.821425914764404,0.9971200823783875,0.9942554831504822,0.7887858152389526,0.6936591267585754,0.8789067268371582,0.8060950040817261,0.9110260009765625,0.8525044918060303,0.9109071493148804,0.8704623579978943,0.9148451685905457
60,native,0.003,0.2769790589809418,0.2769790589809418,0.8797452449798584,0.6933680772781372,0.1264585554599762,0.1202547550201416,0.011355227790772915,0.0035024769604206085,0.00769707141444087,5.636964797973633,0.9993287324905396,0.9984774589538574,0.7918971180915833,0.6933680772781372,0.8797401785850525,0.8072188496589661,0.9127542972564697,0.8569797873497009,0.9270920157432556,0.8806196451187134,0.929721474647522
70,native,0.003,0.2722710967063904,0.2722710967063904,0.8814955353736877,0.694286584854126,0.12460491806268692,0.11850445717573166,0.011381386779248714,0.003503090236335993,0.007984212599694729,5.53327751159668,0.9994135499000549,0.9992100596427917,0.7939193248748779,0.694286584854126,0.8819364905357361,0.807043731212616,0.9138707518577576,0.8578563332557678,0.9315313100814819,0.8820000886917114,0.9353826642036438
80,native,0.003,0.2692907452583313,0.2692907452583313,0.882584810256958,0.6949217319488525,0.12344424426555634,0.11741512268781662,0.011592095717787743,0.0034707626327872276,0.008393030613660812,5.63611364364624,0.9995465874671936,0.9993120431900024,0.7946925163269043,0.6949217319488525,0.882802426815033,0.8076589107513428,0.9156637787818909,0.8589183688163757,0.9324398040771484,0.8842750191688538,0.938202440738678
90,native,0.003,0.26898863911628723,0.26898863911628723,0.882554829120636,0.6949199438095093,0.12347286194562912,0.11744508147239685,0.011842316016554832,0.003421073779463768,0.008824802935123444,5.783515453338623,0.999455988407135,0.9994540810585022,0.7954598069190979,0.6949199438095093,0.8832175731658936,0.8075017333030701,0.9153499007225037,0.8583199977874756,0.9318921566009521,0.884028434753418,0.9385045170783997
100,native,0.003,0.26979756355285645,0.26979756355285645,0.8821870684623718,0.6955344080924988,0.12384717911481857,0.11781296133995056,0.011970005929470062,0.003416792955249548,0.008889862336218357,5.856011867523193,0.9994636178016663,0.9992455244064331,0.795805811882019,0.6955344080924988,0.8830294013023376,0.8075281977653503,0.9164892435073853,0.857512891292572,0.9310923218727112,0.8825376629829407,0.9358183741569519
110,native,0.003,0.26821595430374146,0.26821595430374146,0.8828041553497314,0.6956673264503479,0.12319944053888321,0.11719585210084915,0.011601508595049381,0.0035493120085448027,0.008602464571595192,5.878993034362793,0.9994832873344421,0.9994497895240784,0.795197069644928,0.6956673264503479,0.8828003406524658,0.8083341121673584,0.9159040451049805,0.8584691286087036,0.9319536089897156,0.8843194246292114,0.9392674565315247
120,native,0.003,0.26738592982292175,0.26738592982292175,0.8830510973930359,0.6954573392868042,0.12293823063373566,0.11694885045289993,0.011632702313363552,0.003534145187586546,0.008711615577340126,5.894532680511475,0.9995325207710266,0.9994969964027405,0.7955985069274902,0.6954573392868042,0.8833397030830383,0.8085684776306152,0.9156449437141418,0.8588644862174988,0.9323683977127075,0.8849262595176697,0.9397649765014648
130,native,0.003,0.26608335971832275,0.26608335971832275,0.8834995627403259,0.6951901912689209,0.1224747821688652,0.11650040000677109,0.011772855184972286,0.0034295765217393637,0.008953184820711613,5.935595512390137,0.9995961785316467,0.9995618462562561,0.7956580519676208,0.6951901912689209,0.883588433265686,0.8084585070610046,0.9168055057525635,0.8592333793640137,0.9336207509040833,0.8854897022247314,0.9412930011749268
140,native,0.003,0.26815614104270935,0.26815614104270935,0.8827555179595947,0.6955261826515198,0.12325027585029602,0.1172444149851799,0.011986562982201576,0.0034209517762064934,0.009170983918011189,5.910668849945068,0.9996266961097717,0.9995892643928528,0.7958685159683228,0.6955261826515198,0.8831610083580017,0.8081426024436951,0.9156572818756104,0.8579403758049011,0.9317542910575867,0.884250819683075,0.9387943744659424
150,native,0.003,0.26681408286094666,0.26681408286094666,0.8830507397651672,0.6952889561653137,0.12294728308916092,0.11694925278425217,0.011885469779372215,0.0034178399946540594,0.00913859810680151,5.969482421875,0.9996126294136047,0.9995889067649841,0.7956423163414001,0.6952889561653137,0.882968008518219,0.8084588646888733,0.9152434468269348,0.8580313324928284,0.9324151277542114,0.8849651217460632,0.9413434267044067
160,native,0.003,0.26688164472579956,0.26688164472579956,0.8830661773681641,0.6952542066574097,0.12292688339948654,0.11693385243415833,0.011910201981663704,0.003400997258722782,0.00913321040570736,5.914739608764648,0.9996463656425476,0.9995924830436707,0.7956953048706055,0.6952542066574097,0.8831213712692261,0.8085016012191772,0.9161657691001892,0.8586241006851196,0.9322987794876099,0.8850511908531189,0.9397764205932617
170,native,0.003,0.26654934883117676,0.26654934883117676,0.8835639953613281,0.6954254508018494,0.12240409851074219,0.11643602699041367,0.01171034760773182,0.0034395100083202124,0.008902446366846561,5.920103549957275,0.9996104836463928,0.9993734359741211,0.7956597805023193,0.6954254508018494,0.8828958868980408,0.8088616132736206,0.9170699119567871,0.8590019345283508,0.9338642954826355,0.8854634761810303,0.9419773817062378
180,native,0.003,0.26755744218826294,0.26755744218826294,0.8827782273292542,0.6953635215759277,0.12322676926851273,0.11722176522016525,0.011896547861397266,0.003420290071517229,0.009122785180807114,5.9578633308410645,0.9995577931404114,0.9993929862976074,0.7958553433418274,0.6953635215759277,0.8830760717391968,0.808363139629364,0.914095401763916,0.8580639958381653,0.9311903119087219,0.8850388526916504,0.9405631422996521
180,field_reset,0.003,11.703560829162598,2.1901962757110596,0.14337578415870667,0.00022318509581964463,1.3308769464492798,0.8566242456436157,0.012912996113300323,0.0014063414419069886,0.007437839638441801,11.114608764648438,0.511348307132721,0.19830340147018433,0.00022318509581964463,0.08840993046760559,0.19159550964832306,0.2024436742067337,0.15679779648780823,0.10242155194282532,0.06224489212036133,0.03762654587626457,0.025718916207551956
190,field_assist,0.003,4.60453987121582,2.322960615158081,0.15452910959720612,6.18447593296878e-05,1.4543920755386353,0.8454709649085999,0.004024975001811981,0.004412593320012093,0.0028218175284564495,4.086972713470459,0.7227059602737427,0.5653154253959656,0.25449344515800476,0.05796066299080849,0.005496532656252384,0.005824029445648193,0.0018344010459259152,0.001745132845826447,6.18447593296878e-05,0.04024779051542282,0.04413493722677231
200,field_assist,0.003,1.7923765182495117,1.8907666206359863,0.24247875809669495,0.0145187396556139,1.1136213541030884,0.7575212121009827,0.007713446859270334,0.007957562804222107,0.004145224113017321,1.3330641984939575,0.7875566482543945,0.6042866706848145,0.18877378106117249,0.029003366827964783,0.0145187396556139,0.10500027984380722,0.14319217205047607,0.21469615399837494,0.18942216038703918,0.2019311636686325,0.18888534605503082
210,field_assist,0.003,0.8900185823440552,1.754290223121643,0.3065306842327118,0.0002754404558800161,1.032553791999817,0.6934693455696106,0.007392952684313059,0.007138528395444155,0.004618406295776367,0.45039618015289307,0.9093157649040222,0.8804431557655334,0.34256237745285034,0.040712784975767136,0.0002754404558800161,0.0618906207382679,0.16328664124011993,0.22707730531692505,0.2581632733345032,0.2520425617694855,0.23606769740581512
220,field_assist,0.003,0.5970675945281982,1.574496865272522,0.35828566551208496,0.023927880451083183,0.9132376313209534,0.641714334487915,0.007664118893444538,0.012455669231712818,0.004112142603844404,0.201305091381073,0.9785024523735046,0.9795951843261719,0.2597951889038086,0.033866919577121735,0.023927880451083183,0.18331415951251984,0.28700917959213257,0.306206613779068,0.30175042152404785,0.30948737263679504,0.2776869833469391
230,field_assist,0.003,0.4686926603317261,1.1339083909988403,0.5136409401893616,0.061814211308956146,0.626094400882721,0.4863591194152832,0.009388147853314877,0.010437636636197567,0.005026463884860277,0.1429600566625595,0.9832063317298889,0.9826723337173462,0.3788045644760132,0.061814211308956146,0.18758073449134827,0.4828835725784302,0.5731745958328247,0.5724194049835205,0.5171178579330444,0.48263055086135864,0.42774590849876404
240,field_assist,0.003,0.4094387888908386,1.0685126781463623,0.5305168032646179,0.24233831465244293,0.5772488117218018,0.46948325634002686,0.009035679511725903,0.007909013889729977,0.0050514256581664085,0.09662401676177979,0.9916029572486877,0.9901149272918701,0.6084226369857788,0.2452632486820221,0.24233831465244293,0.44179975986480713,0.4646874964237213,0.49149423837661743,0.47894033789634705,0.4533335566520691,0.4276868999004364
250,field_assist,0.003,0.3680790066719055,0.918744683265686,0.5891134738922119,0.34749066829681396,0.48618993163108826,0.4108865559101105,0.009350782260298729,0.00785753596574068,0.004669360350817442,0.09277773648500443,0.9962098598480225,0.9964354634284973,0.7040843963623047,0.41582876443862915,0.34749066829681396,0.48855993151664734,0.526763916015625,0.5180740356445312,0.5134384036064148,0.49937111139297485,0.4739917814731598
260,field_assist,0.003,0.3258908987045288,0.7383741736412048,0.6656811237335205,0.4443965554237366,0.38275986909866333,0.3343188464641571,0.009643355384469032,0.006929611787199974,0.0044653150252997875,0.09068579971790314,0.9989739656448364,0.9984908103942871,0.8554149866104126,0.6671984791755676,0.4443965554237366,0.5765820741653442,0.5787380933761597,0.5682698488235474,0.567584216594696,0.5536357164382935,0.5132081508636475
270,field_assist,0.003,0.2923125922679901,0.5747641324996948,0.7407422661781311,0.5517221093177795,0.2919321358203888,0.2592577040195465,0.009241157211363316,0.0035486756823956966,0.004233176354318857,0.09527897089719772,0.9941494464874268,0.998078465461731,0.9803549647331238,0.9788310527801514,0.5517221093177795,0.6001151204109192,0.5927682518959045,0.5776954889297485,0.6279342174530029,0.6274149417877197,0.6191011667251587
280,field_assist,0.003,0.28809985518455505,0.6011199355125427,0.7307060360908508,0.518286943435669,0.3051283657550812,0.26929399371147156,0.008877876214683056,0.0028658288065344095,0.0038654895033687353,0.09390073269605637,0.99689781665802,0.9884031414985657,0.9819157123565674,0.9828677177429199,0.518286943435669,0.5475039482116699,0.603325605392456,0.6021667122840881,0.6088665127754211,0.6167172789573669,0.5908149480819702
290,field_assist,0.003,0.27543964982032776,0.5187821388244629,0.7663061022758484,0.5286434292793274,0.260084331035614,0.2336938977241516,0.009124737232923508,0.003668363904580474,0.004157449118793011,0.0914166048169136,0.9984375238418579,0.9994245171546936,0.961482584476471,0.9795036315917969,0.5286434292793274,0.5801072120666504,0.6533281207084656,0.6588578224182129,0.704918384552002,0.6892299652099609,0.6754338145256042
300,field_assist,0.003,0.3182094991207123,0.6358704566955566,0.7168552279472351,0.4829712212085724,0.32336318492889404,0.28314483165740967,0.008465331047773361,0.002701963996514678,0.00363898859359324,0.12221889197826385,0.9956986904144287,0.9814364314079285,0.979718029499054,0.9853600263595581,0.4829712212085724,0.5344974994659424,0.6069802641868591,0.5952855348587036,0.5724709033966064,0.5702933073043823,0.5806950926780701
310,field_assist,0.003,0.39967286586761475,0.5276602506637573,0.7626771330833435,0.48063549399375916,0.26507923007011414,0.23732291162014008,0.009322571568191051,0.005413636099547148,0.00435824878513813,0.2097298502922058,0.9950529932975769,0.9965052008628845,0.9578563570976257,0.9472441673278809,0.48063549399375916,0.5426726937294006,0.6647215485572815,0.6663492321968079,0.722719132900238,0.7155178785324097,0.7001731395721436
320,field_assist,0.003,0.2856055796146393,0.554213285446167,0.7497492432594299,0.504567563533783,0.2810177206993103,0.2502507269382477,0.008851464837789536,0.004576288629323244,0.004136575851589441,0.09448397904634476,0.9983235597610474,0.9993734359741211,0.9741849899291992,0.9579285383224487,0.504567563533783,0.5363458395004272,0.6304523348808289,0.6365899443626404,0.678036093711853,0.6715711951255798,0.6598684191703796
330,field_assist,0.003,0.26749470829963684,0.5796199440956116,0.7396638989448547,0.51679927110672,0.29338911175727844,0.2603360414505005,0.008521624840795994,0.00330007984302938,0.00375533034093678,0.07967474311590195,0.9949104189872742,0.9944504499435425,0.9959591031074524,0.942832350730896,0.51679927110672,0.536797821521759,0.6132349967956543,0.6092994213104248,0.6486119627952576,0.6400012373924255,0.6434063911437988
340,field_assist,0.003,0.24426791071891785,0.4888773560523987,0.7802966833114624,0.5542455315589905,0.24317322671413422,0.2197033315896988,0.009136299602687359,0.0030137652065604925,0.004120773170143366,0.06720877438783646,0.9967929720878601,0.9983069896697998,0.9861977696418762,0.9559138417243958,0.5542455315589905,0.560119092464447,0.6708247661590576,0.6738227605819702,0.74006587266922,0.7185932397842407,0.7283806800842285
350,field_assist,0.003,0.22148092091083527,0.5064408779144287,0.7740776538848877,0.5263370871543884,0.251615434885025,0.22592228651046753,0.008830687962472439,0.004248416982591152,0.0039055144879966974,0.04575706645846367,0.9976191520690918,0.9958288073539734,0.9855663776397705,0.9657855033874512,0.5405322313308716,0.5263370871543884,0.6564300060272217,0.6489668488502502,0.7466081976890564,0.6987502574920654,0.7524304986000061
360,field_assist,0.003,0.2087295651435852,0.494750052690506,0.7799627184867859,0.5674996376037598,0.24427510797977448,0.22003723680973053,0.008885013870894909,0.003051500767469406,0.0039745597168803215,0.03435477986931801,0.9987151026725769,0.9990699291229248,0.9887467622756958,0.9925580620765686,0.5674996376037598,0.567514181137085,0.6306857466697693,0.6541004180908203,0.7405322194099426,0.692341685295105,0.7478263974189758
370,field_assist,0.003,0.1988963484764099,0.46036866307258606,0.7967260479927063,0.5864731669425964,0.22408069670200348,0.2032739669084549,0.009119064547121525,0.003253406146541238,0.004100416321307421,0.029333006590604782,0.9986546039581299,0.9990941882133484,0.9966030120849609,0.9976512789726257,0.5910894274711609,0.5864731669425964,0.6578313708305359,0.6649032235145569,0.7520288228988647,0.741665780544281,0.7779914736747742
380,field_assist,0.003,0.19308172166347504,0.4405529499053955,0.8074462413787842,0.5932345986366272,0.21131278574466705,0.19255375862121582,0.009376037865877151,0.0031699538230895996,0.004252024460583925,0.02513912506401539,0.9987403750419617,0.9995995163917542,0.9971162676811218,0.9988773465156555,0.5932345986366272,0.602588951587677,0.6696034073829651,0.6967487335205078,0.7770534157752991,0.7557365894317627,0.7926093339920044
390,field_assist,0.003,0.18788665533065796,0.42183881998062134,0.8176501989364624,0.5874050855636597,0.1991530805826187,0.1823498159646988,0.009549061767756939,0.002869839547201991,0.004306481219828129,0.02331705577671528,0.9989702701568604,0.9994060397148132,0.9990735054016113,0.9985980987548828,0.5874050855636597,0.6306403279304504,0.696104109287262,0.7291778922080994,0.7854633927345276,0.7733785510063171,0.7959346771240234
400,field_assist,0.003,0.20020760595798492,0.4057115316390991,0.8276437520980835,0.5850254893302917,0.18739990890026093,0.1723562628030777,0.00959330890327692,0.0024619814939796925,0.004309359006583691,0.039953578263521194,0.9986149072647095,0.9974644780158997,0.9879496693611145,0.9900877475738525,0.5850254893302917,0.6402135491371155,0.7203401327133179,0.756852924823761,0.8113037347793579,0.7951287031173706,0.8210998177528381
410,field_assist,0.003,0.19232209026813507,0.4328603148460388,0.8160629272460938,0.5734408497810364,0.20119710266590118,0.18393713235855103,0.009580177254974842,0.00260393088683486,0.0043100882321596146,0.02696913480758667,0.9994766116142273,0.9996352791786194,0.9977210760116577,0.9966839551925659,0.5734408497810364,0.6214414834976196,0.6979942917823792,0.748864471912384,0.7636902928352356,0.7843392491340637,0.7934039831161499
420,field_assist,0.003,0.18126480281352997,0.4168563783168793,0.8254030346870422,0.5883057713508606,0.1900314837694168,0.17459699511528015,0.009664265438914299,0.002672172151505947,0.004329411778599024,0.01960424892604351,0.9992717504501343,0.999774694442749,0.999030351638794,0.9970276951789856,0.5883057713508606,0.6463878750801086,0.7105953097343445,0.7639069557189941,0.778420627117157,0.7973158359527588,0.799396276473999
430,waveform_polish,0.001,0.27415385842323303,0.27415385842323303,0.8841636776924133,0.7081364393234253,0.12210384011268616,0.11583638191223145,0.009871438145637512,0.0015468727797269821,0.004729096312075853,0.46544086933135986,0.9907042980194092,0.9921831488609314,0.9950994849205017,0.9815715551376343,0.8226372003555298,0.7081364393234253,0.8723052740097046,0.78099524974823,0.8948057889938354,0.8049870729446411,0.8823742866516113
440,waveform_polish,0.001,0.2188791036605835,0.2188791036605835,0.9122524261474609,0.7967197299003601,0.09114546328783035,0.08774755150079727,0.010153052397072315,0.0014368395786732435,0.004922065883874893,0.8571336269378662,0.994940996170044,0.9956724047660828,0.9935445189476013,0.9912437796592712,0.872678279876709,0.7967197299003601,0.9060086607933044,0.8333725333213806,0.9121483564376831,0.8444297909736633,0.8940178751945496
450,waveform_polish,0.001,0.19740906357765198,0.19740906357765198,0.9209660887718201,0.796533465385437,0.0819205492734909,0.07903397083282471,0.010360067710280418,0.0015513942344114184,0.0053466432727873325,1.3071249723434448,0.9991864562034607,0.9983815550804138,0.997420072555542,0.9947105646133423,0.879747748374939,0.796533465385437,0.9084683060646057,0.8504881858825684,0.9201359152793884,0.8685976266860962,0.9169564247131348
