state,hamiltonians,exact_node_count_compliance_mean,exact_node_count_compliance_median,exact_node_count_compliance_p90,exact_node_count_compliance_p95,exact_node_count_compliance_worst,persistent_node_count_compliance_mean,persistent_node_count_compliance_median,persistent_node_count_compliance_p90,persistent_node_count_compliance_p95,persistent_node_count_compliance_worst,node_position_mae_normalized_mean,node_position_mae_normalized_median,node_position_mae_normalized_p90,node_position_mae_normalized_p95,node_position_mae_normalized_worst,worst_node_position_error_mean,worst_node_position_error_median,worst_node_position_error_p90,worst_node_position_error_p95,worst_node_position_error_worst,lobe_probability_mass_mae_mean,lobe_probability_mass_mae_median,lobe_probability_mass_mae_p90,lobe_probability_mass_mae_p95,lobe_probability_mass_mae_worst,minimum_predicted_lobe_probability_mass_mean,minimum_predicted_lobe_probability_mass_median,minimum_predicted_lobe_probability_mass_p90,minimum_predicted_lobe_probability_mass_p95,minimum_predicted_lobe_probability_mass_worst,minimum_predicted_nodal_spacing_mean,minimum_predicted_nodal_spacing_median,minimum_predicted_nodal_spacing_p90,minimum_predicted_nodal_spacing_p95,minimum_predicted_nodal_spacing_worst,minimum_grid_intervals_per_lobe_mean,minimum_grid_intervals_per_lobe_median,minimum_grid_intervals_per_lobe_p90,minimum_grid_intervals_per_lobe_p95,minimum_grid_intervals_per_lobe_worst,maximum_phase_increment_mean,maximum_phase_increment_median,maximum_phase_increment_p90,maximum_phase_increment_p95,maximum_phase_increment_worst,p95_phase_increment_mean,p95_phase_increment_median,p95_phase_increment_p90,p95_phase_increment_p95,p95_phase_increment_worst,phase_density_max_min_ratio_mean,phase_density_max_min_ratio_median,phase_density_max_min_ratio_p90,phase_density_max_min_ratio_p95,phase_density_max_min_ratio_worst,phase_density_smoothness_mean,phase_density_smoothness_median,phase_density_smoothness_p90,phase_density_smoothness_p95,phase_density_smoothness_worst,amplitude_dynamic_range_mean,amplitude_dynamic_range_median,amplitude_dynamic_range_p90,amplitude_dynamic_range_p95,amplitude_dynamic_range_worst,topology_rejection_fraction_mean,topology_rejection_fraction_median,topology_rejection_fraction_p90,topology_rejection_fraction_p95,topology_rejection_fraction_worst,hybrid_fallback_mean,hybrid_fallback_median,hybrid_fallback_p90,hybrid_fallback_p95,hybrid_fallback_worst,worst_hamiltonian
0,208,1.0,1.0,1.0,1.0,1.0,1.0,1.0,1.0,1.0,1.0,0.0,0.0,0.0,0.0,0.0,0.0,0.0,0.0,0.0,0.0,0.0,0.0,0.0,0.0,0.0,1.0,1.0,1.0,1.0,1.0,26.615441975850725,19.49108824744379,23.682502014507946,31.411205703154735,7.807845558047753,213.70491803278688,128.0,256.0,512.0,128.0,0.04327340258216699,0.04115687124431133,0.07130647748708725,0.08547928966581818,0.13494743406772614,0.039075432276566985,0.03933857008814812,0.06516803577542306,0.0680645726621151,0.12277018278837204,5.706433198979644,4.626724004745483,10.493176841735842,15.187191295623776,16.762035369873047,1093.319262599487,34.671569618099994,214.24908156917166,1194.3640613453642,98690.53659453675,28689.192268496165,31944.6376953125,39698.41796875,40386.9869140625,42283.15625,0.9795081967213115,1.0,1.0,1.0,1.0,0.9795081967213115,1.0,1.0,1.0,1.0,0218b213aa0f6b8d417172f3
1,208,1.0,1.0,1.0,1.0,1.0,0.9426229508196722,1.0,1.0,1.0,0.0,0.029105881452441303,0.004385181518906348,0.15529803173738407,0.16234096476870513,0.304763015719924,2.540107902484265,0.08669099174580164,2.1373757119045953,5.505039650368008,88.9457007905097,0.11457514313006385,0.03240968412086041,0.3470028091443037,0.4956222888952402,0.7272994509597135,0.4060863098710747,0.4780746754852676,0.4984819850992394,0.4990485463022887,3.5351360949675836e-08,10.058153357678576,9.0865272156733,11.147554056749449,11.810629256964777,1.2213581800460815,96.31557377049181,64.0,128.0,215.85,36.0,0.10329644807202161,0.09906366840004921,0.17574267089366913,0.19697834551334378,0.2622569799423218,0.09662750816797136,0.0938844159245491,0.159479157626629,0.16987177729606628,0.24809402227401733,8.821230989987733,8.119368553161621,14.020742893218994,17.25959415435791,18.68671417236328,1405.7699852605078,58.92514715214813,226.53103322196887,2013.1692244646292,122025.15779205393,33295.86991205665,37391.35546875,39686.637890625,39975.0654296875,41548.0703125,0.9795081967213115,1.0,1.0,1.0,1.0,0.9795081967213115,1.0,1.0,1.0,1.0,bb4c21373d08d26984918111
2,208,1.0,1.0,1.0,1.0,1.0,0.889344262295082,1.0,1.0,1.0,0.0,0.027429077102502846,0.006852193839213264,0.09949217800067811,0.1918795177627756,0.22872505901675316,3.7308325062547305,0.1439933018392644,4.141718578917851,5.469143931691501,114.35978140795483,0.07940681725185972,0.047185078394962734,0.21457122395936543,0.258741795171554,0.44458882702598057,0.21421124233448627,0.2296546518859774,0.3092617774944659,0.3145538177704141,9.336629469558488e-09,2.6079918649352964,2.022806167602539,3.7564997673034672,4.6217856168746945,0.8972805738449097,36.31967213114754,24.5,54.10000000000005,144.0,9.0,0.15304191498330139,0.13883686810731888,0.24907560944557192,0.2765087813138961,0.3683255910873413,0.14709816547110677,0.1327487900853157,0.23567256033420564,0.2552141264081001,0.3535993993282318,12.129096670228927,12.536982536315918,16.98018321990967,19.211483001708984,20.473426818847656,1660.08828342846,76.69453588607651,204.99116596275417,2820.764935007806,139117.79079495076,32394.060018689906,35055.9296875,37921.259375,38199.8951171875,39247.21484375,0.9795081967213115,1.0,1.0,1.0,1.0,0.9795081967213115,1.0,1.0,1.0,1.0,331cb5dfce729376262d1335
3,208,1.0,1.0,1.0,1.0,1.0,0.9754098360655737,1.0,1.0,1.0,0.0,0.023143771874529085,0.0031778074247695116,0.10283809717061324,0.17194597130172515,0.21782923234626614,3.2684149802479268,0.09781597339287179,3.8348789225147653,5.597759076832442,85.940148681663,0.052256873842953744,0.02195598947659974,0.14031503193210648,0.1874751479868817,0.3282371471291206,0.13018249161350012,0.13075321469939327,0.2024040278880936,0.2277353309908329,9.449064308775235e-09,2.031263821437711,1.640571117401123,2.32827000617981,2.6974535465240477,0.8344247341156006,22.721311475409838,20.0,32.0,62.0,8.0,0.18552863852838514,0.1785132735967636,0.2866996258497239,0.296074777841568,0.41400668025016785,0.18149625876399336,0.174549862742424,0.2736856728792191,0.2896682322025299,0.4019047021865845,14.912522160616078,15.558037757873535,19.007038116455078,19.519710540771484,20.492555618286133,2151.7693230957702,88.47219305645471,277.35453156892714,5630.49903071098,162940.04313563538,27984.335765650525,30380.9248046875,33599.050390625,34972.5041015625,36803.1953125,0.9795081967213115,1.0,1.0,1.0,1.0,0.9795081967213115,1.0,1.0,1.0,1.0,331cb5dfce729376262d1335
4,208,1.0,1.0,1.0,1.0,1.0,0.9754098360655737,1.0,1.0,1.0,0.0,0.02261905744146673,0.003181762434661141,0.09208720873990289,0.1767781952338513,0.24065536829577186,3.558838177638703,0.1173482322939956,3.966963403393306,6.481629075042036,90.74163482269523,0.034550718200280536,0.011065129328709854,0.09097279323822498,0.12913010889807772,0.22957288014711366,0.09639783438357373,0.0988064999977461,0.143659111280886,0.15508788045557287,7.90551946128204e-09,1.7587236168443179,1.469985008239746,1.9021117210388185,2.16353188753128,0.7313206195831299,19.315573770491802,16.0,26.0,51.0,8.0,0.20607271216443326,0.20922737568616867,0.30543482303619385,0.3165932893753052,0.42834946513175964,0.20277592382531184,0.20634522289037704,0.2964568376541138,0.3129481017589569,0.4187404215335846,15.719593927997057,16.447885513305664,19.614468383789063,19.80373239517212,20.186800003051758,2140.5788391843676,92.58153181270998,270.2756995767498,4978.8088060562995,164492.90903907284,20603.2008937353,21093.91015625,26559.6345703125,32775.2638671875,37263.703125,0.9795081967213115,1.0,1.0,1.0,1.0,0.9795081967213115,1.0,1.0,1.0,1.0,331cb5dfce729376262d1335
5,208,1.0,1.0,1.0,1.0,1.0,1.0,1.0,1.0,1.0,1.0,0.020824716192847797,0.0032374085612535165,0.0774880861657202,0.1727345264420905,0.25962490920372877,3.0704846816172076,0.1189175434494163,3.370881637403419,6.142688442121514,95.36875093487788,0.029595699071846397,0.01189748636503345,0.0737567915296112,0.09087479913150333,0.2183133032071665,0.08259943461435505,0.0839477000565183,0.11545834387306024,0.12626571341284407,7.2703477271840455e-06,1.5804314339747194,1.315739393234253,1.7259052038192753,1.8930630922317504,0.6298819184303284,17.151639344262296,14.0,24.0,43.0,8.0,0.22492188810691482,0.23804603517055511,0.3205974727869034,0.34053924679756165,0.4327075779438019,0.22216214897630157,0.23412752151489258,0.31558865308761597,0.3352463096380234,0.42302361130714417,16.32178003377602,17.08733081817627,19.51353015899658,19.63935947418213,20.874073028564453,2358.41097739004,91.47481321151594,311.6290493126484,5554.767607483193,180090.44396151457,14031.983022028306,13718.75732421875,21443.302734375,29039.3802734375,37065.609375,0.9795081967213115,1.0,1.0,1.0,1.0,0.9795081967213115,1.0,1.0,1.0,1.0,331cb5dfce729376262d1335
6,208,1.0,1.0,1.0,1.0,1.0,1.0,1.0,1.0,1.0,1.0,0.019287563016079513,0.002706108519073016,0.07732442515908912,0.15525114525562742,0.24930157273349143,3.169715141315581,0.08729290603897555,4.04087198080318,5.815536981344947,97.13346941859515,0.028533868484532158,0.011898555630840128,0.0745254796541437,0.09025051447992574,0.23396986664826075,0.0687965288053097,0.06980802011162178,0.09947180635709453,0.10733455209927903,0.00014852189966119145,1.4700510218495229,1.2203397750854492,1.5733036041259767,1.697794508934021,0.5707219839096069,15.364754098360656,13.0,22.0,35.0,7.0,0.24228297902240617,0.24328503012657166,0.33671507239341736,0.36282864212989807,0.43276503682136536,0.23955864500498675,0.23849086463451385,0.33459817469120023,0.35641421824693675,0.4224238991737366,15.972484315027955,16.76042366027832,18.432228088378906,18.712831878662108,19.472736358642578,2401.8414051101954,83.38723712686703,239.70422460299787,5369.406912546251,186121.82670334447,8324.245912702845,6124.16650390625,14410.060546875,25933.740039062497,36257.8828125,0.9795081967213115,1.0,1.0,1.0,1.0,0.9795081967213115,1.0,1.0,1.0,1.0,331cb5dfce729376262d1335
7,208,1.0,1.0,1.0,1.0,1.0,1.0,1.0,1.0,1.0,1.0,0.020517894296923942,0.002889302491674987,0.07073858893254482,0.17027229362492274,0.2985923585962086,3.2087740339107342,0.08713735243841192,4.425387331477197,5.602360148100266,105.68938786055892,0.02158907805845029,0.0159816205715458,0.048129884377239036,0.07490089302937143,0.0898536333489546,0.0603408149601999,0.06060772174083187,0.0837034189379675,0.09225036863912744,0.001619933463189449,1.406234532838962,1.1313667297363281,1.4618699550628662,1.5520603656768799,0.5211993455886841,14.545081967213115,13.0,20.0,35.0,7.0,0.25885907965177885,0.24214427173137665,0.3589709997177124,0.3843857556581497,0.44485968351364136,0.25616863649338484,0.23748652637004852,0.3555500328540802,0.37579635828733443,0.4351174533367157,17.012181699764533,17.95350456237793,19.18235511779785,19.294020080566405,20.02776336669922,2533.413300187917,81.55844008014861,227.44182840341557,5227.753541665219,199840.02239398804,4038.8981860299577,1976.3585205078125,7153.614355468771,23161.2484375,27126.12109375,0.9795081967213115,1.0,1.0,1.0,1.0,0.9795081967213115,1.0,1.0,1.0,1.0,331cb5dfce729376262d1335
8,208,1.0,1.0,1.0,1.0,1.0,1.0,1.0,1.0,1.0,1.0,0.015068764103732325,0.0031351254085978707,0.04162058042126045,0.10800358767087097,0.25265268176348893,3.3235591713203534,0.10127881224669677,4.0462236335266155,5.921416353596395,112.24318627245609,0.031775775990610586,0.017898442337143328,0.07039714075596752,0.16325200586874836,0.17305890124139017,0.05703478239374345,0.05756646173947799,0.07646342289244745,0.08285048647528814,4.153961587538557e-05,1.2698615804070332,1.0726070404052734,1.3513145446777344,1.4292572498321532,0.4457831382751465,13.098360655737705,13.0,19.0,27.0,7.0,0.27712527276245785,0.24733866751194,0.38011560440063474,0.4095534309744835,0.46714743971824646,0.27446152868329504,0.24295946955680847,0.3776899516582489,0.3988628566265106,0.45709189772605896,16.735271146062946,17.685324668884277,18.5725679397583,19.349722385406494,19.912126541137695,2149.5185227282636,76.79854580070541,231.30712694413256,4323.838827170801,174952.30288990296,1708.8025098530973,766.5052795410156,2671.1595947265655,8580.807128906248,16196.2529296875,0.9795081967213115,1.0,1.0,1.0,1.0,0.9795081967213115,1.0,1.0,1.0,1.0,6b8b957c9feeb6c39f5edf11
9,208,1.0,1.0,1.0,1.0,1.0,1.0,1.0,1.0,1.0,1.0,0.01423610471679642,0.0023023109109946045,0.047047608156228875,0.09551855630108133,0.2591105401125782,3.224895773505689,0.10362808629416731,3.5884982237729854,4.95676268761425,114.00573795217605,0.028251169715730225,0.018733921322766956,0.05992813580603839,0.11932625126530295,0.12855739592616405,0.051327678775090674,0.05252672052760107,0.06504184510575275,0.07104596127132383,0.0009495951825810867,1.2331491205535952,1.0069260597229004,1.2861412048339844,1.3805775880813598,0.4424682855606079,12.315573770491802,12.0,18.0,25.0,6.0,0.29342422313743927,0.255972757935524,0.40374397933483125,0.4257133901119232,0.4804574251174927,0.29016582025062354,0.2537844181060791,0.3992178410291672,0.41880618780851364,0.4694434106349945,16.538000287091144,17.443570137023926,18.171045303344727,18.88551425933838,19.77376365661621,2289.9005979220783,77.70545493861673,189.6345217004768,4128.37339162903,187764.37524310825,735.7114887545343,294.83201599121094,1048.348950195316,3708.1635681152225,9781.8037109375,0.9795081967213115,1.0,1.0,1.0,1.0,0.9795081967213115,1.0,1.0,1.0,1.0,331cb5dfce729376262d1335
10,208,1.0,1.0,1.0,1.0,1.0,1.0,1.0,1.0,1.0,1.0,0.013963203940223465,0.0027833766147440393,0.04598100626669846,0.08520177011940418,0.27671968158022076,3.068197269427712,0.09981614328485966,3.0197507930694067,4.143336316028284,118.98171947467269,0.029125876435375956,0.017222595285391162,0.06774243935075376,0.13643962405746118,0.14938639996332093,0.048289684668311565,0.049159247649380705,0.06445822553149211,0.06734775301092455,0.00029069434843920217,1.181895500568093,0.9693975448608398,1.2311575055122377,1.3091192722320555,0.4107258915901184,11.84016393442623,11.0,16.0,25.0,6.0,0.3058240214271135,0.27674394845962524,0.41714574098587043,0.43418058156967165,0.49176478385925293,0.30265427353318597,0.27611246705055237,0.41198450922966007,0.42941002249717714,0.4818863868713379,15.718818304968663,16.915143966674805,17.82720775604248,18.437264823913573,18.936330795288086,1842.6247820005376,77.79105601401365,113.61642064424429,3227.844899094899,152809.69208462158,280.5334548261322,113.44538879394531,630.8465087890626,1011.3087921142555,3982.564208984375,0.9795081967213115,1.0,1.0,1.0,1.0,0.9795081967213115,1.0,1.0,1.0,1.0,6b8b957c9feeb6c39f5edf11
