group_id,family,fidelity,energy_rmse,residual,node_accuracy,ranked_by
3177fa67cde0cebcdffdc195,radial_coulomb,0.1408661665557939,1372.9418518495334,0.9998360073618379,1.0,lowest_fidelity
5fd7f55322608f18def5dfb6,radial_coulomb,0.14086623479499422,1511.1913994704196,0.999836007805434,1.0,lowest_fidelity
e4391447b7d28f7deed73be3,kratzer,0.2986034714820155,1.044989108665765,0.7454208159740285,1.0,lowest_fidelity
328ebd2fb8e8ff4da0dfd738,kratzer,0.305673278904782,0.9503145436843894,0.7421716574382787,1.0,lowest_fidelity
bb4c21373d08d26984918111,radial_coulomb,0.3616324582292437,0.2216661507511549,0.650116574151733,1.0,lowest_fidelity
5fd7f55322608f18def5dfb6,radial_coulomb,0.14086623479499422,1511.1913994704196,0.999836007805434,1.0,highest_energy_rmse
3177fa67cde0cebcdffdc195,radial_coulomb,0.1408661665557939,1372.9418518495334,0.9998360073618379,1.0,highest_energy_rmse
2233e6a788e6fb45439f7868,morse,0.973963560538365,3.7364531345794294,0.10843534854631426,1.0,highest_energy_rmse
d9fd83a75e20ca349b428cb3,morse,0.9741648772907308,3.481160498462298,0.10847280248793419,1.0,highest_energy_rmse
84ff2c7b148fe5fb8af2791e,morse,0.974454128332302,3.296739873634684,0.10732777256241151,1.0,highest_energy_rmse
5fd7f55322608f18def5dfb6,radial_coulomb,0.14086623479499422,1511.1913994704196,0.999836007805434,1.0,highest_residual
3177fa67cde0cebcdffdc195,radial_coulomb,0.1408661665557939,1372.9418518495334,0.9998360073618379,1.0,highest_residual
3e81c5bce9a268a64d3d68e2,radial_oscillator,0.7981019579416795,0.9745542365227736,0.8691332544828456,1.0,highest_residual
55bc5f5b375625eb9a4aced5,radial_oscillator,0.7981021962654161,1.0240982930252882,0.8691332356027165,1.0,highest_residual
e4391447b7d28f7deed73be3,kratzer,0.2986034714820155,1.044989108665765,0.7454208159740285,1.0,highest_residual
0218b213aa0f6b8d417172f3,multiple_barriers,0.9095389020049162,0.06794540163250568,0.05482879705507215,1.0,lowest_node_accuracy
02de7b7a265274d2f25dbc2e,asymmetric_well,0.9894134172665915,0.05539995584918969,0.09826297300269356,1.0,lowest_node_accuracy
02e27ab493e87d53b33a1daa,kratzer,0.5734521653102352,0.23784060379658073,0.6474108482791251,1.0,lowest_node_accuracy
0615efe6cbf29894898fe920,asymptotically_constant,0.9876653742645992,0.2300575181513274,0.02110177814861475,1.0,lowest_node_accuracy
0a2cee74966faa9fd2286185,procedural_composite,0.992696388313311,0.5885353749711205,0.11053128222481158,1.0,lowest_node_accuracy
