distribution_role,output_route,hamiltonians,fidelity_mean,fidelity_median,fidelity_p90,fidelity_p95,fidelity_worst,h1_relative_mean,h1_relative_median,h1_relative_p90,h1_relative_p95,h1_relative_worst,energy_abs_error_mean,energy_abs_error_median,energy_abs_error_p90,energy_abs_error_p95,energy_abs_error_worst,gap_error_mean,gap_error_median,gap_error_p90,gap_error_p95,gap_error_worst,independent_residual_head_mean,independent_residual_head_median,independent_residual_head_p90,independent_residual_head_p95,independent_residual_head_worst,density_integrated_absolute_error_mean,density_integrated_absolute_error_median,density_integrated_absolute_error_p90,density_integrated_absolute_error_p95,density_integrated_absolute_error_worst,persistent_node_correct_mean,persistent_node_correct_median,persistent_node_correct_p90,persistent_node_correct_p95,persistent_node_correct_worst,node_position_mae_normalized_mean,node_position_mae_normalized_median,node_position_mae_normalized_p90,node_position_mae_normalized_p95,node_position_mae_normalized_worst,gram_max_error_mean,gram_max_error_median,gram_max_error_p90,gram_max_error_p95,gram_max_error_worst,boundary_error_mean,boundary_error_median,boundary_error_p90,boundary_error_p95,boundary_error_worst
bracketed_parameter_interpolation,direct_topology,1,0.31264444774993616,0.07362078922306535,0.980282570041447,0.9881121541681454,0.0013607883482180361,0.8921826887265241,1.0794037322415053,1.2430507058694589,1.3689723716094513,1.4948940373494437,0.17808342816634878,0.14765988683568088,0.3635686555662323,0.37744438983845674,0.3913201241106812,0.17245053793483328,0.14290548452019158,0.3001379641244586,0.370365445247651,0.4405929263708437,0.20020913961419276,0.20193749800177804,0.23353244862506148,0.23623966282044623,0.238946877015831,0.9344737509156524,1.1128170698995357,1.308590322154656,1.3086468119705317,1.3087033017864076,1.0,1.0,1.0,1.0,1.0,0.030228857514062315,0.03687004235993191,0.041657649169519785,0.04176037682822997,0.04186310448694015,0.6895464778801016,0.6895464778801016,0.6895464778801016,0.6895464778801016,0.6895464778801016,0.0,0.0,0.0,0.0,0.0
bracketed_parameter_interpolation,hybrid,1,0.31264444774993616,0.07362078922306535,0.980282570041447,0.9881121541681454,0.0013607883482180361,0.8921826887265241,1.0794037322415053,1.2430507058694589,1.3689723716094513,1.4948940373494437,0.17808342816634878,0.14765988683568088,0.3635686555662323,0.37744438983845674,0.3913201241106812,0.17245053793483328,0.14290548452019158,0.3001379641244586,0.370365445247651,0.4405929263708437,0.20020913961419276,0.20193749800177804,0.23353244862506148,0.23623966282044623,0.238946877015831,0.9344737509156524,1.1128170698995357,1.308590322154656,1.3086468119705317,1.3087033017864076,1.0,1.0,1.0,1.0,1.0,0.030228857514062315,0.03687004235993191,0.041657649169519785,0.04176037682822997,0.04186310448694015,0.6895464778801016,0.6895464778801016,0.6895464778801016,0.6895464778801016,0.6895464778801016,0.0,0.0,0.0,0.0,0.0
bracketed_parameter_interpolation,initial_ritz,1,0.9956447132161584,0.9981502557636963,0.9999370451658138,0.9999648246708202,0.984476171883213,0.06894468157863473,0.06604650751861411,0.1172530922105041,0.12111296580335167,0.12497283939619923,0.013447962662037767,0.0038379350462127704,0.03988488256232614,0.042873160546456734,0.04586143853058733,0.01587750206145815,0.005972581313187231,0.041756934925221666,0.05721586823991332,0.07267480155460504,0.043223191740884084,0.041827582608992796,0.055556112035605336,0.06117996146783576,0.0668038109000662,0.062358942773376835,0.061167850723485837,0.11765212738797926,0.12949365009787225,0.14133517280776525,0.45454545454545453,0.0,1.0,1.0,0.0,0.0006155928210914953,0.0005793537295592998,0.0007912630953087413,0.0008259973912557893,0.0008607316872028376,3.142359346375301e-05,3.142359346375301e-05,3.142359346375301e-05,3.142359346375301e-05,3.142359346375301e-05,0.0,0.0,0.0,0.0,0.0
bracketed_parameter_interpolation,physics_selected,1,0.9956447132161584,0.9981502557636963,0.9999370451658138,0.9999648246708202,0.984476171883213,0.06894468157863473,0.06604650751861411,0.1172530922105041,0.12111296580335167,0.12497283939619923,0.013447962662037767,0.0038379350462127704,0.03988488256232614,0.042873160546456734,0.04586143853058733,0.01587750206145815,0.005972581313187231,0.041756934925221666,0.05721586823991332,0.07267480155460504,0.043223191740884084,0.041827582608992796,0.055556112035605336,0.06117996146783576,0.0668038109000662,0.062358942773376835,0.061167850723485837,0.11765212738797926,0.12949365009787225,0.14133517280776525,0.45454545454545453,0.0,1.0,1.0,0.0,0.0006155928210914953,0.0005793537295592998,0.0007912630953087413,0.0008259973912557893,0.0008607316872028376,3.142359346375301e-05,3.142359346375301e-05,3.142359346375301e-05,3.142359346375301e-05,3.142359346375301e-05,0.0,0.0,0.0,0.0,0.0
near_continuum_challenge,direct_topology,1,0.15408727047395743,0.08225342642542587,0.34832593502357534,0.4212560973631407,0.005625460581767667,1.1342399226951239,1.1930752854772229,1.3245709823943954,1.3422444859131515,1.3599179894319073,0.01373758835173421,0.016210667454186423,0.018689645049827064,0.018798709109153156,0.018907773168479247,0.0028203541704145295,0.00121216411156011,0.008106342503176012,0.00814786763119225,0.008189392759208491,0.7746689694643354,0.9490176424665988,0.97283137221717,0.9736956583582979,0.9745599444994256,1.190340040520507,1.230815769700853,1.430067939819699,1.4566050280693719,1.483142116319045,1.0,1.0,1.0,1.0,1.0,0.11130190633475516,0.10057352991446371,0.17556716446853873,0.1795542879846033,0.18354141150066786,0.9778594395815641,0.9778594395815638,0.9778594395815638,0.9778594395815638,0.9778594395815638,0.0,0.0,0.0,0.0,0.0
near_continuum_challenge,hybrid,1,0.15408727047395743,0.08225342642542587,0.34832593502357534,0.4212560973631407,0.005625460581767667,1.1342399226951239,1.1930752854772229,1.3245709823943954,1.3422444859131515,1.3599179894319073,0.01373758835173421,0.016210667454186423,0.018689645049827064,0.018798709109153156,0.018907773168479247,0.0028203541704145295,0.00121216411156011,0.008106342503176012,0.00814786763119225,0.008189392759208491,0.7746689694643354,0.9490176424665988,0.97283137221717,0.9736956583582979,0.9745599444994256,1.190340040520507,1.230815769700853,1.430067939819699,1.4566050280693719,1.483142116319045,1.0,1.0,1.0,1.0,1.0,0.11130190633475516,0.10057352991446371,0.17556716446853873,0.1795542879846033,0.18354141150066786,0.9778594395815641,0.9778594395815638,0.9778594395815638,0.9778594395815638,0.9778594395815638,0.0,0.0,0.0,0.0,0.0
near_continuum_challenge,initial_ritz,1,0.33980669003799063,0.15768285041013794,0.7193295671068134,0.8026801067128806,1.8355392450455083e-06,0.9498925904904483,1.1028783634646795,1.3820203066194352,1.3975975395448845,1.4131747724703336,0.005823940516936082,0.004588724337893035,0.006785749888948978,0.01083112257219232,0.014876495255435662,0.001903806844744582,0.0010607967106422977,0.003327205419311816,0.0067088107260722925,0.010090416032832783,0.9101334371117193,0.9517659656867314,0.9966584820941403,0.9970866267840809,0.9975147714740215,0.8954632781506809,0.8924952973746698,1.0646774802253207,1.067044893159463,1.0694123060936052,0.0,0.0,0.0,0.0,0.0,,,,,,0.00042477529811368875,0.00042477529811368875,0.00042477529811368875,0.00042477529811368875,0.00042477529811368875,0.0,0.0,0.0,0.0,0.0
near_continuum_challenge,physics_selected,1,0.33980669003799063,0.15768285041013794,0.7193295671068134,0.8026801067128806,1.8355392450455083e-06,0.9498925904904483,1.1028783634646795,1.3820203066194352,1.3975975395448845,1.4131747724703336,0.005823940516936082,0.004588724337893035,0.006785749888948978,0.01083112257219232,0.014876495255435662,0.001903806844744582,0.0010607967106422977,0.003327205419311816,0.0067088107260722925,0.010090416032832783,0.9101334371117193,0.9517659656867314,0.9966584820941403,0.9970866267840809,0.9975147714740215,0.8954632781506809,0.8924952973746698,1.0646774802253207,1.067044893159463,1.0694123060936052,0.0,0.0,0.0,0.0,0.0,,,,,,0.00042477529811368875,0.00042477529811368875,0.00042477529811368875,0.00042477529811368875,0.00042477529811368875,0.0,0.0,0.0,0.0,0.0
operator_covariance_or_resolution_challenge,direct_topology,2,0.2412466195361554,0.0794886848821705,0.8474094754202492,0.9713934830641688,0.000630431944919115,1.0660034633354447,1.1941940608795296,1.4810898673873687,1.5278280726499234,1.5646271171400166,0.4102991778127258,0.24884878741276806,0.7159384204076544,1.850468259290476,2.800198201044598,0.2687019259606991,0.1551729682404277,0.675283210574668,0.8816059753178959,1.087549693118837,0.3746787902142868,0.27451952802506896,0.7889910873556719,0.8639182795046922,0.9846166190764227,0.9844350634126922,1.0439144536384597,1.3301929454993346,1.4370338491072958,1.665872190928157,1.0,1.0,1.0,1.0,1.0,0.04440330215546383,0.03847732411176664,0.09399473705489765,0.10401960373060502,0.12555644024017792,0.7322060247329186,0.6718720438909545,0.8496163451391586,0.8496163451391586,0.8496163451391586,0.0,0.0,0.0,0.0,0.0
operator_covariance_or_resolution_challenge,hybrid,2,0.2412466195361554,0.0794886848821705,0.8474094754202492,0.9713934830641688,0.000630431944919115,1.0660034633354447,1.1941940608795296,1.4810898673873687,1.5278280726499234,1.5646271171400166,0.4102991778127258,0.24884878741276806,0.7159384204076544,1.850468259290476,2.800198201044598,0.2687019259606991,0.1551729682404277,0.675283210574668,0.8816059753178959,1.087549693118837,0.3746787902142868,0.27451952802506896,0.7889910873556719,0.8639182795046922,0.9846166190764227,0.9844350634126922,1.0439144536384597,1.3301929454993346,1.4370338491072958,1.665872190928157,1.0,1.0,1.0,1.0,1.0,0.04440330215546383,0.03847732411176664,0.09399473705489765,0.10401960373060502,0.12555644024017792,0.7322060247329186,0.6718720438909545,0.8496163451391586,0.8496163451391586,0.8496163451391586,0.0,0.0,0.0,0.0,0.0
operator_covariance_or_resolution_challenge,initial_ritz,2,0.8550140902120652,0.9864356497626251,0.9997749882253756,0.9999310105506397,0.21698653731464723,0.2811923988949517,0.12978931536447333,0.807307509415209,0.8698774932016605,1.0454484221695381,0.08252260152364499,0.038756180767896,0.22112747638024524,0.2738160817812646,0.4627168026067252,0.0422313989879443,0.019202866141885544,0.09532219066293543,0.1715351464020651,0.32354983805424187,0.15437212881677334,0.04880556947130116,0.4441427803853448,0.7164447412871281,0.9697828647486122,0.30801328439132153,0.09339683646736144,0.9296619176555911,0.9714574381940876,1.1280092026128261,0.2909090909090909,0.0,1.0,1.0,0.0,0.0018091239637917297,0.0006819827947847254,0.00567761825096136,0.006937289463216031,0.007146766175991954,6.147785192933686e-05,4.163178685734348e-05,0.00012174379317309025,0.00012174379317309025,0.00012174379317309025,0.0,0.0,0.0,0.0,0.0
operator_covariance_or_resolution_challenge,physics_selected,2,0.8550140902120652,0.9864356497626251,0.9997749882253756,0.9999310105506397,0.21698653731464723,0.2811923988949517,0.12978931536447333,0.807307509415209,0.8698774932016605,1.0454484221695381,0.08252260152364499,0.038756180767896,0.22112747638024524,0.2738160817812646,0.4627168026067252,0.0422313989879443,0.019202866141885544,0.09532219066293543,0.1715351464020651,0.32354983805424187,0.15437212881677334,0.04880556947130116,0.4441427803853448,0.7164447412871281,0.9697828647486122,0.30801328439132153,0.09339683646736144,0.9296619176555911,0.9714574381940876,1.1280092026128261,0.2909090909090909,0.0,1.0,1.0,0.0,0.0018091239637917297,0.0006819827947847254,0.00567761825096136,0.006937289463216031,0.007146766175991954,6.147785192933686e-05,4.163178685734348e-05,0.00012174379317309025,0.00012174379317309025,0.00012174379317309025,0.0,0.0,0.0,0.0,0.0
parameter_extrapolation_ood,direct_topology,4,0.3509874940355156,0.1828666918251625,0.9661780129486224,0.9885122879459,4.0245354308088035e-05,0.8954687638196913,0.9545872389023207,1.4319040557846758,1.4754403897898334,1.6039219665293674,0.6713349370988463,0.1313315688904373,1.266600004503954,1.4418275360557604,15.953202694483444,0.5950414574927417,0.16096459786011952,0.6142129197567474,1.0579558728285003,15.032583431888572,0.21909578346533454,0.21495599728548467,0.2521926572550884,0.36398236099931114,0.4133153462636784,0.8655289191379304,0.9072580736536852,1.301671929292139,1.3086862915500692,1.3413036532584286,1.0,1.0,1.0,1.0,1.0,0.03004581036418714,0.036448440342230014,0.047830053087577575,0.05190968813182899,0.05376382836253168,0.6154668222265198,0.6436622527789106,0.6895644606483013,0.6895644606483013,0.6895644606483013,0.0,0.0,0.0,0.0,0.0
parameter_extrapolation_ood,hybrid,4,0.3509874940355156,0.1828666918251625,0.9661780129486224,0.9885122879459,4.0245354308088035e-05,0.8954687638196913,0.9545872389023207,1.4319040557846758,1.4754403897898334,1.6039219665293674,0.6713349370988463,0.1313315688904373,1.266600004503954,1.4418275360557604,15.953202694483444,0.5950414574927417,0.16096459786011952,0.6142129197567474,1.0579558728285003,15.032583431888572,0.21909578346533454,0.21495599728548467,0.2521926572550884,0.36398236099931114,0.4133153462636784,0.8655289191379304,0.9072580736536852,1.301671929292139,1.3086862915500692,1.3413036532584286,1.0,1.0,1.0,1.0,1.0,0.03004581036418714,0.036448440342230014,0.047830053087577575,0.05190968813182899,0.05376382836253168,0.6154668222265198,0.6436622527789106,0.6895644606483013,0.6895644606483013,0.6895644606483013,0.0,0.0,0.0,0.0,0.0
parameter_extrapolation_ood,initial_ritz,4,0.9900630321678924,0.9977478613046973,0.9999225620262594,0.9999394936569966,0.9073909913181538,0.09903846053767063,0.0811517111700224,0.20393265243292297,0.27027493014479653,0.30592655309140326,0.0429330392024034,0.008806079114521692,0.15297598159858714,0.21838136682189152,0.2711081205088348,0.023412135788860342,0.00669854712528295,0.08117444296385126,0.09814919997770616,0.11738605945204839,0.06034292295704403,0.0467505157435158,0.09703832659590113,0.13063351168879583,0.15747966641622518,0.09424025587994032,0.06540530112828433,0.20454801119814167,0.3053940127289203,0.4411215883280619,0.4090909090909091,0.0,1.0,1.0,0.0,0.0010894333876232938,0.0006291365549409999,0.002947828784174477,0.003238421766439093,0.003620359255788591,4.1664517004630364e-05,3.1915323189302125e-05,9.26714444955401e-05,9.26714444955401e-05,9.26714444955401e-05,0.0,0.0,0.0,0.0,0.0
parameter_extrapolation_ood,physics_selected,4,0.9900630321678924,0.9977478613046973,0.9999225620262594,0.9999394936569966,0.9073909913181538,0.09903846053767063,0.0811517111700224,0.20393265243292297,0.27027493014479653,0.30592655309140326,0.0429330392024034,0.008806079114521692,0.15297598159858714,0.21838136682189152,0.2711081205088348,0.023412135788860342,0.00669854712528295,0.08117444296385126,0.09814919997770616,0.11738605945204839,0.06034292295704403,0.0467505157435158,0.09703832659590113,0.13063351168879583,0.15747966641622518,0.09424025587994032,0.06540530112828433,0.20454801119814167,0.3053940127289203,0.4411215883280619,0.4090909090909091,0.0,1.0,1.0,0.0,0.0010894333876232938,0.0006291365549409999,0.002947828784174477,0.003238421766439093,0.003620359255788591,4.1664517004630364e-05,3.1915323189302125e-05,9.26714444955401e-05,9.26714444955401e-05,9.26714444955401e-05,0.0,0.0,0.0,0.0,0.0
same_training_family_challenge,direct_topology,34,0.29636996267241855,0.12530793702403534,0.8550242444434608,0.9511156534970691,1.607730893255076e-05,0.9517801768972273,1.0308634241541752,1.3600910208000772,1.4555184789104327,1.7794456361753561,0.16006815963046664,0.11494797739590101,0.3449077553494672,0.4824506549605674,1.0479795593041281,0.12755835213960515,0.07581258180219996,0.25341992456841994,0.45155845677513645,1.129455408642431,0.2971152204329832,0.22205881401548982,0.5837915492154077,0.710729708597993,0.9710968541306901,0.9975023962019602,1.072300930037179,1.3329204492042246,1.411551184749214,1.9474419800129117,1.0,1.0,1.0,1.0,1.0,0.03329181898418731,0.03423858898509426,0.053288736109811725,0.05849480834196114,0.1046641429032771,0.6466489780639354,0.6387431039400633,0.768469329285578,0.7826374226945922,0.8208024307612216,0.0,0.0,0.0,0.0,0.0
same_training_family_challenge,hybrid,34,0.29636996267241855,0.12530793702403534,0.8550242444434608,0.9511156534970691,1.607730893255076e-05,0.9517801768972273,1.0308634241541752,1.3600910208000772,1.4555184789104327,1.7794456361753561,0.16006815963046664,0.11494797739590101,0.3449077553494672,0.4824506549605674,1.0479795593041281,0.12755835213960515,0.07581258180219996,0.25341992456841994,0.45155845677513645,1.129455408642431,0.2971152204329832,0.22205881401548982,0.5837915492154077,0.710729708597993,0.9710968541306901,0.9975023962019602,1.072300930037179,1.3329204492042246,1.411551184749214,1.9474419800129117,1.0,1.0,1.0,1.0,1.0,0.03329181898418731,0.03423858898509426,0.053288736109811725,0.05849480834196114,0.1046641429032771,0.6466489780639354,0.6387431039400633,0.768469329285578,0.7826374226945922,0.8208024307612216,0.0,0.0,0.0,0.0,0.0
same_training_family_challenge,initial_ritz,34,0.9709454623340825,0.9950846148438187,0.999906175625202,0.9999601768344786,0.004203359787440585,0.14515962498123516,0.10795326908795978,0.24840310219848927,0.33117821042548273,1.998610292075331,0.024019981309225478,0.007523399981058276,0.0576704046509795,0.10175620545992986,0.46654196408628934,0.015189366983586682,0.004528622796435067,0.03706514643206208,0.06621003996415724,0.20204872520434858,0.09803203878637692,0.07033589771160238,0.17310877891470516,0.3166085085672378,0.7289547352106353,0.1424048464185729,0.08861648487334546,0.2881313620616757,0.36953297930081364,1.9771830475459913,0.4625668449197861,0.0,1.0,1.0,0.0,0.0015830119633425401,0.0009251366894287465,0.0027024289774587196,0.0049014512610681535,0.022536058253001614,5.895834474092646e-05,2.5194347701928965e-05,9.843722080349337e-05,0.00021942132158514482,0.0006829970377666417,0.0,0.0,0.0,0.0,0.0
same_training_family_challenge,physics_selected,34,0.9709454623340825,0.9950846148438187,0.999906175625202,0.9999601768344786,0.004203359787440585,0.14515962498123516,0.10795326908795978,0.24840310219848927,0.33117821042548273,1.998610292075331,0.024019981309225478,0.007523399981058276,0.0576704046509795,0.10175620545992986,0.46654196408628934,0.015189366983586682,0.004528622796435067,0.03706514643206208,0.06621003996415724,0.20204872520434858,0.09803203878637692,0.07033589771160238,0.17310877891470516,0.3166085085672378,0.7289547352106353,0.1424048464185729,0.08861648487334546,0.2881313620616757,0.36953297930081364,1.9771830475459913,0.4625668449197861,0.0,1.0,1.0,0.0,0.0015830119633425401,0.0009251366894287465,0.0027024289774587196,0.0049014512610681535,0.022536058253001614,5.895834474092646e-05,2.5194347701928965e-05,9.843722080349337e-05,0.00021942132158514482,0.0006829970377666417,0.0,0.0,0.0,0.0,0.0
seen_basis_reparameterization_diagnostic,direct_topology,16,0.2861949617411808,0.1714100701453782,0.9105747422351327,0.9475572804047686,0.0005024789852766708,1.081266026615026,1.1553416796547908,1.6341987148979347,1.6672722215756202,1.698850691566632,0.2174054324912646,0.200223753329964,0.544728283110921,0.6344392283510016,0.7865327340184116,0.14511418139414767,0.14285608913359082,0.28723945573128257,0.30584056892625877,0.34242141950249216,0.24621104051715778,0.26620270193173645,0.4094983998078919,0.43077184502654875,0.46373808136629635,0.9899502467683564,0.9823038412501606,1.4455421209750485,1.4801291460591028,1.5163555141087819,1.0,1.0,1.0,1.0,1.0,0.03894798196591113,0.0444955671146578,0.058553661670719535,0.06193552340620072,0.06664988480265055,0.8520068393725647,0.851509257571633,0.8672279601538623,0.870538460694738,0.870538460694738,0.0,0.0,0.0,0.0,0.0
seen_basis_reparameterization_diagnostic,hybrid,16,0.2861949617411808,0.1714100701453782,0.9105747422351327,0.9475572804047686,0.0005024789852766708,1.081266026615026,1.1553416796547908,1.6341987148979347,1.6672722215756202,1.698850691566632,0.2174054324912646,0.200223753329964,0.544728283110921,0.6344392283510016,0.7865327340184116,0.14511418139414767,0.14285608913359082,0.28723945573128257,0.30584056892625877,0.34242141950249216,0.24621104051715778,0.26620270193173645,0.4094983998078919,0.43077184502654875,0.46373808136629635,0.9899502467683564,0.9823038412501606,1.4455421209750485,1.4801291460591028,1.5163555141087819,1.0,1.0,1.0,1.0,1.0,0.03894798196591113,0.0444955671146578,0.058553661670719535,0.06193552340620072,0.06664988480265055,0.8520068393725647,0.851509257571633,0.8672279601538623,0.870538460694738,0.870538460694738,0.0,0.0,0.0,0.0,0.0
seen_basis_reparameterization_diagnostic,initial_ritz,16,0.9808801549902675,0.9893282683987367,0.9974311201476196,0.9987097931249127,0.8987511210402057,0.16328198312266923,0.12501888073240053,0.2793688602661973,0.3078428508338036,0.3826171214231811,0.03415069987260008,0.028307207443678095,0.0613907052346776,0.06795430124444257,0.08831791858684568,0.014595211111144719,0.011491213601392491,0.029497082690922733,0.037178612371551296,0.045944000087061454,0.08359428751781404,0.05118543888348308,0.18020077424401199,0.2370662780381392,0.4487301019789452,0.15176234400805086,0.10856585953225942,0.3181453547140746,0.3869637301896834,0.5297884738255032,0.36363636363636365,0.0,1.0,1.0,0.0,0.0018777802295044863,0.0017824160151548615,0.003003071709051959,0.0034861730358641783,0.003959700180005409,0.00028501933212923825,0.0002628294886745097,0.00041848957479240223,0.00043295784711305796,0.00043295784711305796,0.0,0.0,0.0,0.0,0.0
seen_basis_reparameterization_diagnostic,physics_selected,16,0.9808801549902675,0.9893282683987367,0.9974311201476196,0.9987097931249127,0.8987511210402057,0.16328198312266923,0.12501888073240053,0.2793688602661973,0.3078428508338036,0.3826171214231811,0.03415069987260008,0.028307207443678095,0.0613907052346776,0.06795430124444257,0.08831791858684568,0.014595211111144719,0.011491213601392491,0.029497082690922733,0.037178612371551296,0.045944000087061454,0.08359428751781404,0.05118543888348308,0.18020077424401199,0.2370662780381392,0.4487301019789452,0.15176234400805086,0.10856585953225942,0.3181453547140746,0.3869637301896834,0.5297884738255032,0.36363636363636365,0.0,1.0,1.0,0.0,0.0018777802295044863,0.0017824160151548615,0.003003071709051959,0.0034861730358641783,0.003959700180005409,0.00028501933212923825,0.0002628294886745097,0.00041848957479240223,0.00043295784711305796,0.00043295784711305796,0.0,0.0,0.0,0.0,0.0
unseen_functional_form_ood,direct_topology,48,0.2505495971479363,0.13483190381424892,0.9015174874229493,0.982453616388629,2.10986154567984e-05,1.0436313138325821,1.077684069670275,1.5967294945753328,1.6608351810317212,2.143617849961943,4.202579807081355,0.25868666839517784,12.638583006376189,22.502911256228757,118.11997481416876,2.035616637444565,0.16691942744882882,4.875139510430813,10.649540712626028,69.53569029316296,0.37262593262939464,0.2525184208008328,0.8450479371149778,0.9003254523088453,0.941537634650211,1.1023297130890357,1.1028698159754013,1.6102149088473237,1.8591654469515018,1.9996425062845864,0.9734848484848485,1.0,1.0,1.0,0.0,0.0792194616988589,0.04107995152183186,0.19752922890537564,0.21441080987395425,0.40381660231919403,0.8118249637783179,0.8481291854323563,0.97695537884221,0.9833872559396575,0.9880818915013221,0.0,0.0,0.0,0.0,0.0
unseen_functional_form_ood,hybrid,48,0.2505495971479363,0.13483190381424892,0.9015174874229493,0.982453616388629,2.10986154567984e-05,1.0436313138325821,1.077684069670275,1.5967294945753328,1.6608351810317212,2.143617849961943,4.202579807081355,0.25868666839517784,12.638583006376189,22.502911256228757,118.11997481416876,2.035616637444565,0.16691942744882882,4.875139510430813,10.649540712626028,69.53569029316296,0.37262593262939464,0.2525184208008328,0.8450479371149778,0.9003254523088453,0.941537634650211,1.1023297130890357,1.1028698159754013,1.6102149088473237,1.8591654469515018,1.9996425062845864,0.9734848484848485,1.0,1.0,1.0,0.0,0.0792194616988589,0.04107995152183186,0.19752922890537564,0.21441080987395425,0.40381660231919403,0.8118249637783179,0.8481291854323563,0.97695537884221,0.9833872559396575,0.9880818915013221,0.0,0.0,0.0,0.0,0.0
unseen_functional_form_ood,initial_ritz,48,0.6847198620357353,0.9797893307117052,0.9995444056117156,0.9999651605366763,3.066653729225812e-08,0.48461085217012717,0.15777526773658898,1.2539371915671378,1.3507800810346784,2.680392443440177,3.6100040576680446,0.040624711393274726,10.381697742357108,15.554830715344918,128.99854918550665,1.5492938996720123,0.014696619060828642,3.973567677505366,8.308155270048873,63.445637688487665,0.24072328120629982,0.05694343519612628,0.919218822867907,0.9551819223730089,0.9902570367519178,0.5557126502484698,0.164389619110881,1.64977491673465,1.9946706388754942,1.9998800558017171,0.2556818181818182,0.0,1.0,1.0,0.0,0.001345050920928297,0.0011972022388161236,0.0026983772867704187,0.003496696910733963,0.004480252880669587,0.015948211911171968,0.0002823684123987591,0.05960688356592414,0.06204308239748424,0.06629171760581865,0.0,0.0,0.0,0.0,0.0
unseen_functional_form_ood,physics_selected,48,0.6854356067155016,0.9797893307117052,0.9995444056117156,0.9999651605366763,3.066653729225812e-08,0.48438631195664544,0.15777526773658898,1.2539371915671378,1.3507800810346784,2.680392443440177,3.565793401408434,0.040624711393274726,10.472821439074467,15.414131663690602,128.99854918550665,1.5645558428136317,0.014696619060828642,3.973567677505366,8.308155270048873,63.445637688487665,0.24785923977068594,0.06381133528304284,0.919218822867907,0.9551819223730089,0.9902570367519178,0.5502367377462912,0.164389619110881,1.630590306134633,1.8687652238873853,1.9998800558017171,0.2746212121212121,0.0,1.0,1.0,0.0,0.023105176703593154,0.0012103693877528808,0.0041405620041985456,0.2665010648107411,0.40178042684205495,0.03633812535209668,0.0002823684123987591,0.05988177112408344,0.06386785294763453,0.9833872559396575,0.0,0.0,0.0,0.0,0.0
untouched_id,direct_topology,135,0.3051580251494624,0.12244435814241358,0.9374704976164079,0.9886979016585571,4.4303824566873745e-07,0.9549251260945695,1.0746299389832097,1.377301024609173,1.4551554880969637,1.7794456361753561,19.530314761007936,0.12876049417376567,0.5987712041438568,1.1757307478172492,1361.3626077633828,0.18853672410302869,0.08048338938491284,0.34589729990302964,0.5630712909229856,12.127456880502223,0.34332454395997153,0.2335325223566522,0.867703416742957,0.9697784084237278,0.9999557695599032,0.9535842836034544,1.0392513512230672,1.3406415987960203,1.4235324794919606,1.9474419800129117,1.0,1.0,1.0,1.0,1.0,0.040445976284597666,0.03716822178821044,0.07152544760156554,0.09067267425519161,0.20937123256595333,0.6787880747508843,0.6829531587270127,0.9314471858937551,0.9873869746948641,0.9919714910430213,0.0,0.0,0.0,0.0,0.0
untouched_id,hybrid,135,0.3052348615519201,0.12244435814241358,0.9374704976164079,0.9904935658062289,4.4303824566873745e-07,0.953429721988506,1.0746299389832097,1.377301024609173,1.4551554880969637,1.7794456361753561,19.530020939471175,0.12876049417376567,0.5987712041438568,1.1757307478172492,1361.3626077633828,0.1881126268536694,0.08048338938491284,0.34589729990302964,0.5630712909229856,12.127456880502223,0.34018202405544645,0.23223634574836705,0.867703416742957,0.9697784084237278,0.9999557695599032,0.9521228959845572,1.0392513512230672,1.3406415987960203,1.4235324794919606,1.9474419800129117,1.0,1.0,1.0,1.0,1.0,0.040414884487042675,0.03716822178821044,0.07152544760156554,0.09067267425519161,0.20937123256595333,0.6759212810329082,0.6829531587270127,0.9314471858937551,0.9873869746948641,0.9919714910430213,0.0,0.0,0.0,0.0,0.0
untouched_id,initial_ritz,135,0.9276329470820106,0.994649391995213,0.9998201599115839,0.9999368222094227,1.8355392450455083e-06,0.19986638930505157,0.11026592270268726,0.3799570298925119,0.9216153074964076,1.998610292075331,0.2080376133093861,0.013827604260447268,0.11388795011366515,0.264441232149121,60.10648127742393,0.19175070674926525,0.006205306253183718,0.058099098953341734,0.11250309642207389,59.00108714892539,0.17621380733299344,0.06795620314661847,0.6935066337897463,0.9178150631033072,0.9993237967828078,0.1888916832945546,0.09502663907219461,0.4302564485274759,0.904936449246359,1.9771830475459913,0.3838383838383838,0.0,1.0,1.0,0.0,0.002523901361498792,0.0008770069509880089,0.0030731048102562984,0.006303401174519853,0.21876553316704417,9.679695021971548e-05,3.503942077764943e-05,0.00023136254425637492,0.0005304580626336319,0.0006829970377666417,0.0,0.0,0.0,0.0,0.0
untouched_id,physics_selected,135,0.9276639144744421,0.994649391995213,0.9998670853152637,0.9999521534752205,1.8355392450455083e-06,0.1989474622815529,0.10954721780223012,0.3799570298925119,0.9216153074964076,1.998610292075331,0.2081253501696808,0.014019721018913245,0.11388795011366515,0.264441232149121,60.10648127742393,0.1916126470561603,0.006131044335262903,0.058099098953341734,0.11250309642207389,59.00108714892539,0.17432702323558552,0.06703710351706804,0.6935066337897463,0.9178150631033072,0.9993237967828078,0.18822724384107023,0.0926036858410138,0.4302564485274759,0.904936449246359,1.9771830475459913,0.3838383838383838,0.0,1.0,1.0,0.0,0.0024876044059324613,0.0008603657743551873,0.0030731048102562984,0.006303401174519853,0.21876553316704417,9.679108341002722e-05,3.503942077764943e-05,0.00023136254425637492,0.0005304580626336319,0.0006829970377666417,0.0,0.0,0.0,0.0,0.0
