category,state,fidelity,energy_mae,residual,raw_node_accuracy
ID_test,0,0.9806734710365035,0.016025269897022087,0.17254666203954933,0.037037037037037035
ID_test,1,0.9727004195475849,0.012448630478357267,0.18941188170690818,0.14814814814814814
ID_test,2,0.9678329732516914,0.013695323766027404,0.2024829605984907,0.13333333333333333
ID_test,3,0.9525553956642456,0.026087106582038944,0.1980544153636252,0.11851851851851852
ID_test,4,0.9432323146948963,0.027676830003061547,0.16542681444686747,0.2074074074074074
ID_test,5,0.9445239545651599,0.034923799507935865,0.1611831132261054,0.34814814814814815
ID_test,6,0.9132944331665502,0.0486755165110914,0.14679301504188022,0.6222222222222222
ID_test,7,0.8950901997391858,0.0694070821582097,0.15731227667978612,0.1037037037037037
ID_test,8,0.884924370826424,0.11882404124561134,0.15674240478408932,0.0962962962962963
ID_test,9,0.8914102710484618,0.11991343286883162,0.1723243330133091,0.6814814814814815
ID_test,10,0.8580652556781588,1.801701818848302,0.19531937869082963,0.9037037037037037
anharmonic_wells,0,0.9999909953659006,2.2980565573965662e-05,0.09184128608364327,0.0
anharmonic_wells,1,0.9999748890349031,0.00022571326380607104,0.03353373810453982,1.0
anharmonic_wells,2,0.9999456333735042,0.0008162507342553526,0.02600947654261171,0.0
anharmonic_wells,3,0.999900639294547,0.0019524536519841095,0.022291264357708597,0.0
anharmonic_wells,4,0.9997078717847477,0.002982124591170976,0.028196118092477646,0.0
anharmonic_wells,5,0.9985435200144407,0.0006738477704566926,0.03917228103910171,0.8
anharmonic_wells,6,0.9971204363517024,0.002777486860127798,0.05116290374453815,1.0
anharmonic_wells,7,0.987375210313696,0.03231352415176607,0.06049259695395752,0.0
anharmonic_wells,8,0.9873534048085137,0.028081449774314392,0.060393130901904,0.0
anharmonic_wells,9,0.9935733076671944,0.004614941333796985,0.06614170376313361,1.0
anharmonic_wells,10,0.9805859315811188,0.024033543659483493,0.0854583484893683,1.0
asymmetric_wells,0,0.999947145797094,0.00013476246077104292,0.019401748632293374,0.0
asymmetric_wells,1,0.9996149145128082,0.001112627682185563,0.08208848599569725,0.0
asymmetric_wells,2,0.9989138398079549,0.0031560656326318354,0.6163054148214949,0.0
asymmetric_wells,3,0.9978592733664581,0.005134488971839324,0.21550336700374162,0.0
asymmetric_wells,4,0.9978040073293531,0.00224126461251406,0.09747535615036168,0.0
asymmetric_wells,5,0.9960424476471784,0.005229384611667776,0.07965839532327174,0.0
asymmetric_wells,6,0.9955627009412338,0.001345356483231086,0.05841921676221161,1.0
asymmetric_wells,7,0.9811060266306884,0.02212191130018004,0.05690878510870243,0.0
asymmetric_wells,8,0.9806815631946499,0.01515809090887954,0.05248284303974759,0.0
asymmetric_wells,9,0.9899143754556395,0.006885239195904891,0.055110332564188895,0.0
asymmetric_wells,10,0.9902209288838808,0.0017873838758690752,0.08305331456435207,1.0
barriers,0,0.9996802393246054,0.0011007029623349874,0.09834604230629876,0.0
barriers,1,0.999180913630156,0.002830606799540969,0.07484237876955718,0.0
barriers,2,0.9989125680248774,0.002570624057585169,0.05351167677989014,0.0
barriers,3,0.9982002007381425,0.0030108305783762557,0.04245431931770332,0.0
barriers,4,0.9974158029330976,0.0031002740704500374,0.03851210567329243,0.2
barriers,5,0.9894967529602636,0.013738401624855002,0.04543879010043999,0.0
barriers,6,0.9902905303606196,0.012376788634809,0.05104083913394188,1.0
barriers,7,0.9828143122570021,0.020455583675996713,0.04411318425951072,0.0
barriers,8,0.9796826292406438,0.019681409910380497,0.0450722047291114,0.0
barriers,9,0.9861626835430298,0.009245936991552295,0.051843832326979936,0.8
barriers,10,0.9782034042804906,0.011674258722715169,0.06807164123182655,1.0
changed_domain_same_physical_operator,0,0.9999527905796269,0.0003222185875033645,0.10157648759289106,0.0
changed_domain_same_physical_operator,1,0.9998434486160168,0.0003109285770370729,0.05449802648036319,0.0
changed_domain_same_physical_operator,2,0.9996505103241452,0.00014533028235108603,0.04880556947130116,0.0
changed_domain_same_physical_operator,3,0.9983379763329409,0.005755810650942994,0.05225836890857026,0.0
changed_domain_same_physical_operator,4,0.9978645556126204,0.004385031445864662,0.04519709427918086,0.0
changed_domain_same_physical_operator,5,0.9962896634065556,0.004931690714068182,0.04191481896293343,1.0
changed_domain_same_physical_operator,6,0.9956893156773903,0.0030784677448485454,0.04055695329236561,1.0
changed_domain_same_physical_operator,7,0.9792255346020372,0.04957915726261142,0.04086704276951302,0.0
changed_domain_same_physical_operator,8,0.9834405243910253,0.028383240285588585,0.03606779088279873,0.0
changed_domain_same_physical_operator,9,0.9579979761453792,0.05152857671598454,0.03174911313114324,1.0
changed_domain_same_physical_operator,10,0.9602669356086082,0.051485689371354226,0.038712044523280524,1.0
constant_potential_shift,0,0.9958795395386502,0.03438000774848682,0.13777693548166525,0.0
constant_potential_shift,1,0.9864356497626251,0.06480618495138568,0.9697828647486122,0.0
constant_potential_shift,2,0.9568036845810438,0.12306874126243028,0.20321224021080367,0.0
constant_potential_shift,3,0.4044798717215761,0.1866581258896014,0.11184808900649806,0.0
constant_potential_shift,4,0.3224210503460949,0.18513144984916252,0.12573202159257757,0.0
constant_potential_shift,5,0.5271222469554796,0.13944676373337916,0.13863913185971088,0.0
constant_potential_shift,6,0.5566702530703829,0.19114189702010353,0.14015007084530345,0.0
constant_potential_shift,7,0.6610345015953896,0.15683150912729582,0.14302846294230467,0.0
constant_potential_shift,8,0.6931230927596335,0.2248052911246079,0.13465982719087122,0.0
constant_potential_shift,9,0.9335861896082557,0.0826698675371027,0.07217280128196789,0.0
constant_potential_shift,10,0.6699817069875685,0.31336425210013363,0.09919066381129026,1.0
controlled_smooth_perturbations,0,0.9985507556603311,0.006940850918838337,0.17434005413414144,0.0
controlled_smooth_perturbations,1,0.9994259183524538,0.0024016198987352744,0.6422710162570766,0.0
controlled_smooth_perturbations,2,0.995596746208601,0.01785160639299921,0.2487826346091887,0.0
controlled_smooth_perturbations,3,0.9928519851192936,0.020892251385339122,0.14622284949320408,0.0
controlled_smooth_perturbations,4,0.9791438728450454,0.06043485080018307,0.14390071463143023,0.0
controlled_smooth_perturbations,5,0.9646803908900553,0.08798016366940953,0.12441867416292254,0.0
controlled_smooth_perturbations,6,0.9753719460855391,0.04856251205492379,0.08519239081168681,0.0
controlled_smooth_perturbations,7,0.9674663968426819,0.05622396623847825,0.07616467467391139,0.0
controlled_smooth_perturbations,8,0.8997363908623557,0.12283332986761808,0.089068953419388,0.0
controlled_smooth_perturbations,9,0.9220006872437018,0.11335313778327905,0.08698129160103608,0.0
controlled_smooth_perturbations,10,0.923395762672837,0.06563540876091523,0.08893439692729843,1.0
double_wells,0,0.9999553589571926,0.0001725855742747251,0.17295858562718833,0.0
double_wells,1,0.9999550184216337,0.00016912564833140297,0.0779343762791476,1.0
double_wells,2,0.9999181763186741,9.62172066865774e-05,0.05694506326352568,1.0
double_wells,3,0.9992554116842614,0.0020924213805354253,0.06775941011170465,0.4
double_wells,4,0.9991424095632884,0.0013734190851535822,0.0644469685756573,1.0
double_wells,5,0.9988775249096914,0.0005752660675441667,0.05523090961660173,0.4
double_wells,6,0.9975293626884778,0.0028029802051844576,0.06956832675634832,0.8
double_wells,7,0.9913732669954756,0.026059254787275686,0.08138103119952977,0.0
double_wells,8,0.9891573651153831,0.027168085020152423,0.08100319501441358,0.0
double_wells,9,0.9608860215630616,0.06940805760267868,0.10440987492137407,1.0
double_wells,10,0.9381857315411997,0.1351937462812181,0.12234694657534498,1.0
joint_parameter_extrapolation,0,0.9999409374947272,0.00029455029996323934,0.09418811209633261,0.0
joint_parameter_extrapolation,1,0.9999385141716516,0.00014190583993989314,0.06447584684468605,0.5
joint_parameter_extrapolation,2,0.9997659285412708,0.0003347473675816559,0.05225960521834891,0.5
joint_parameter_extrapolation,3,0.998930698763518,0.0027066909207804635,0.059422889313365874,0.5
joint_parameter_extrapolation,4,0.9990144999685939,0.0026213946192326087,0.04986664413658697,0.5
joint_parameter_extrapolation,5,0.9978826087171733,0.002496813600898262,0.05186289363493107,0.5
joint_parameter_extrapolation,6,0.9965127357647707,0.005270987380004977,0.05872948314152782,0.5
joint_parameter_extrapolation,7,0.9883641764539958,0.021887507210355484,0.06283319738872951,0.0
joint_parameter_extrapolation,8,0.9874805474883055,0.02171968186063067,0.06347036833035742,0.0
joint_parameter_extrapolation,9,0.9673161717177452,0.07222493643099259,0.08233211523882183,1.0
joint_parameter_extrapolation,10,0.9499169689209956,0.11680501210109995,0.10124506610086108,1.0
localized_defects,0,0.9937824322004509,0.03841832547958905,0.2168721680651359,0.0
localized_defects,1,0.9968826179882839,0.01571548728022585,0.308163528452158,0.0
localized_defects,2,0.9952660296796996,0.019049590808463263,0.28615903957499716,0.0
localized_defects,3,0.9942405782395494,0.024855898051201874,0.19296715577026252,0.0
localized_defects,4,0.9962964947073892,0.01089949810757469,0.11729188567718378,0.0
localized_defects,5,0.9941812271454264,0.014137112005333696,0.09718465131375204,0.6
localized_defects,6,0.99334197826752,0.015088841046173584,0.07446981127898791,0.8
localized_defects,7,0.9804263297998267,0.02974033162349814,0.06690875992288776,0.0
localized_defects,8,0.9770427299381851,0.033795406809887574,0.06347146267450574,0.0
localized_defects,9,0.9842136285521766,0.02184632246721945,0.07431297518321527,0.8
localized_defects,10,0.9780221337780294,0.020951947110324644,0.07017826437852108,1.0
multiple_barriers,0,0.9996183027400255,0.0010159725298457545,0.026753004034747657,0.0
multiple_barriers,1,0.9996023468632622,0.0009451841212220202,0.019704116287268005,0.0
multiple_barriers,2,0.9989489016392882,0.0020585756780864273,0.023339189578190412,1.0
multiple_barriers,3,0.9948793700463658,0.011150564493680903,0.03510178763764039,0.0
multiple_barriers,4,0.9975842470618466,0.00487993202370518,0.026203953592509082,0.0
multiple_barriers,5,0.9965648026236625,0.003468288476003778,0.025220176918832007,1.0
multiple_barriers,6,0.9945338665836471,0.0058536433754978745,0.030116656892742386,1.0
multiple_barriers,7,0.9887739870144577,0.014106207763828316,0.03368230491491716,0.0
multiple_barriers,8,0.98439704561432,0.017868144056048862,0.03866923497444789,0.0
multiple_barriers,9,0.9804164387704469,0.0167394520425308,0.048888581945117075,1.0
multiple_barriers,10,0.974899697365333,0.01884783949266655,0.05954919165642084,1.0
multiwell_potentials,0,0.9999769918970419,4.944773712489692e-06,0.011566386033104297,0.0
multiwell_potentials,1,0.9999633158005322,0.00034083596920297943,0.010222209436626429,0.0
multiwell_potentials,2,0.999538298656958,0.0005817661541431818,0.0233170176113746,0.0
multiwell_potentials,3,0.9988997933042151,0.0014980692482895464,0.026255545810399565,0.0
multiwell_potentials,4,0.9987641805406132,6.478703939638564e-05,0.022731610137627027,0.0
multiwell_potentials,5,0.9974625201839915,0.002111730375153442,0.02762456498762668,0.0
multiwell_potentials,6,0.9962204161855408,0.0027023578413070126,0.030139828604508537,1.0
multiwell_potentials,7,0.9849760663930183,0.019499223891339845,0.033515981761235124,0.0
multiwell_potentials,8,0.9835770285698879,0.016752708519669035,0.034469826860681216,0.0
multiwell_potentials,9,0.9965499745212368,0.009176748948563684,0.040305746814050206,1.0
multiwell_potentials,10,0.9899727495067067,0.00021289584614070378,0.05700620847294367,1.0
near_continuum_states,0,0.8860306463189479,0.006785749888948978,0.7212355523417617,0.0
near_continuum_states,1,0.7193295671068134,0.006650341622757683,0.8226738162168639,0.0
near_continuum_states,2,0.5785617288293667,0.004588724337893035,0.8344174793987312,0.0
near_continuum_states,3,0.512109913356398,0.0033653842173768655,0.9217461300579088,0.0
near_continuum_states,4,0.1538184060630698,0.00594112179074191,0.8406857090617734,0.0
near_continuum_states,5,0.46348397316891093,0.004549523218986051,0.9558358945338256,0.0
near_continuum_states,6,0.1401862225987305,0.004360040035033208,0.9795023974301793,0.0
near_continuum_states,7,0.00232854987136417,0.004272060174686176,0.9894316099329756,0.0
near_continuum_states,8,1.8355392450455083e-06,0.0038878259218344535,0.9517659656867314,0.0
near_continuum_states,9,0.15768285041013794,0.004786079222602879,0.9966584820941403,0.0
near_continuum_states,10,0.12433989715491237,0.014876495255435662,0.9975147714740215,0.0
nonuniform_resolution,0,0.9999880036352075,4.023252735885219e-05,0.06184368823641831,0.0
nonuniform_resolution,1,0.9999216762525024,0.0002610750475655621,0.03616305392355691,0.0
nonuniform_resolution,2,0.9996722976394137,0.00042618168818409075,0.040593663373557694,0.0
nonuniform_resolution,3,0.9990427921147629,0.002797788586935912,0.04268219444739569,0.0
nonuniform_resolution,4,0.9992568449469076,0.0029171646162868825,0.028760666864006777,0.0
nonuniform_resolution,5,0.9973364127499206,0.005798963041561578,0.0380718424991618,1.0
nonuniform_resolution,6,0.9959479844949659,0.010158031684147417,0.04056570291695925,1.0
nonuniform_resolution,7,0.9820130279134751,0.055016783729746166,0.04357241557269902,0.0
nonuniform_resolution,8,0.9825056002418902,0.05077911253802725,0.040227731892514676,0.0
nonuniform_resolution,9,0.9987056816541772,0.03304588874722292,0.02634661007284027,1.0
nonuniform_resolution,10,0.9962665943011402,0.030582996551338226,0.04064060759371026,1.0
random_smooth_potentials,0,0.9992688206740581,0.0030871335408542257,0.15490303942018527,0.0
random_smooth_potentials,1,0.9978413866394902,0.006307692539016693,0.21531075903607794,0.0
random_smooth_potentials,2,0.9966716726365267,0.009201362975035866,0.1937029722172236,0.0
random_smooth_potentials,3,0.9952270926116725,0.011097159753524988,0.1837107888866804,0.0
random_smooth_potentials,4,0.9873388995700498,0.013391794892216213,0.10680107332487943,0.3
random_smooth_potentials,5,0.9731793109063928,0.03526770666386107,0.11709798059173067,0.2
random_smooth_potentials,6,0.8695148089040705,0.05147601213786821,0.09201596137898961,0.5
random_smooth_potentials,7,0.825925615618899,0.06384345730351822,0.08241494308473495,0.1
random_smooth_potentials,8,0.8337191399311358,0.08407823101421581,0.08827886143370303,0.2
random_smooth_potentials,9,0.8896094123728997,0.0626336606253762,0.07991687785450033,0.4
random_smooth_potentials,10,0.8038414371372339,0.12228864788597296,0.1015860633497658,0.9
seen_basis_reparameterization,0,0.9987655485383846,0.008380548248034636,0.017609000997740615,0.0
seen_basis_reparameterization,1,0.9969310997523226,0.01859851739099616,0.028488690071570247,0.0
seen_basis_reparameterization,2,0.9947152413770756,0.028643436500231156,0.0394157770937936,0.0
seen_basis_reparameterization,3,0.9957252790978098,0.01895740728464293,0.03607082808135116,0.0
seen_basis_reparameterization,4,0.9935128718703201,0.02378902625170695,0.0449290633120856,0.0
seen_basis_reparameterization,5,0.9874436048971379,0.030434039022709802,0.050557811141970596,1.0
seen_basis_reparameterization,6,0.980179664705395,0.04287979796470032,0.07224005756108734,0.9375
seen_basis_reparameterization,7,0.9656937405193373,0.06227277204408621,0.09591331254764784,0.0
seen_basis_reparameterization,8,0.966017597420365,0.05058658972949864,0.1191944809380162,0.0
seen_basis_reparameterization,9,0.9746878567744311,0.026900169107287042,0.1336785131552696,1.0
seen_basis_reparameterization,10,0.936009199940363,0.06421539505470703,0.28143962779542153,1.0
single_parameter_extrapolation,0,0.9999028096821281,0.002474052718740849,0.10651879340041354,0.0
single_parameter_extrapolation,1,0.9995482152649202,0.009473934683116081,0.06523012114497528,0.0
single_parameter_extrapolation,2,0.9994036381693334,0.008243023840469377,0.04762558608970255,0.0
single_parameter_extrapolation,3,0.9985262750323886,0.017934205474842813,0.04841421908291056,0.0
single_parameter_extrapolation,4,0.9980621168753121,0.022270568867049256,0.037561264739338664,0.0
single_parameter_extrapolation,5,0.9939724208898111,0.06194065443147956,0.048314035162749874,0.5
single_parameter_extrapolation,6,0.9903600088519304,0.08068022451182255,0.04766418101905222,0.5
single_parameter_extrapolation,7,0.9831770380530449,0.10992860708612184,0.04443655488206058,0.0
single_parameter_extrapolation,8,0.9761815968731136,0.14298360380896113,0.04416565683226854,0.0
single_parameter_extrapolation,9,0.9866822176475356,0.09887704387035257,0.04074565315616827,0.5
single_parameter_extrapolation,10,0.9705065823513652,0.14321671552843895,0.05618201810077975,1.0
unseen_analytical_functional_forms,0,0.8069858012023118,13.342581285351793,0.18677316219980833,0.020833333333333332
unseen_analytical_functional_forms,1,0.7130904826175827,7.52097546621624,0.18846834851808772,0.020833333333333332
unseen_analytical_functional_forms,2,0.6725342983223103,4.402186874735609,0.15425426427926217,0.020833333333333332
unseen_analytical_functional_forms,3,0.6663297789765174,2.701975029992285,0.09296261067606633,0.020833333333333332
unseen_analytical_functional_forms,4,0.6695246490317467,1.834940458858825,0.18882391051395808,0.020833333333333332
unseen_analytical_functional_forms,5,0.6699284285545745,1.4084357479387994,0.265252920045619,0.4791666666666667
unseen_analytical_functional_forms,6,0.6607637906886787,1.2999431169473834,0.30353259838522884,0.5833333333333334
unseen_analytical_functional_forms,7,0.691111211363137,1.3145047075172775,0.32272788593392027,0.020833333333333332
unseen_analytical_functional_forms,8,0.6587641280519126,1.0802011042733326,0.32138383156240374,0.020833333333333332
unseen_analytical_functional_forms,9,0.6632067269859209,0.9105043009124952,0.32012411078407216,0.625
unseen_analytical_functional_forms,10,0.667552378075825,3.4074793227487308,0.38214799457911863,0.6875
valid_spatial_reflection,0,0.9952252617688057,0.038756180767896,0.06404953338793187,0.0
valid_spatial_reflection,1,0.9842588234137786,0.07448764819296283,0.1244858131585817,0.0
valid_spatial_reflection,2,0.9522003668469476,0.12723367542075548,0.3081974512509282,0.0
valid_spatial_reflection,3,0.28843039999695413,0.21561075426370124,0.7820285937953853,0.0
valid_spatial_reflection,4,0.21698653731464723,0.1885619653768879,0.9275375785571572,0.0
valid_spatial_reflection,5,0.42751341435283113,0.15953937027787396,0.6883373759264468,0.0
valid_spatial_reflection,6,0.35863966297024596,0.25686686593032093,0.47916303764632684,0.0
valid_spatial_reflection,7,0.40039461520993475,0.23965705062357268,0.43609120905286625,0.0
valid_spatial_reflection,8,0.45435787024474145,0.3347564296210068,0.4495104946069972,0.0
valid_spatial_reflection,9,0.8790880199300093,0.13916696455248334,0.3100496702755206,0.0
valid_spatial_reflection,10,0.5943002032150165,0.4627168026067252,0.23877972138258713,1.0
variable_uniform_resolution,0,0.9999868744075483,2.5571000473179062e-05,0.0661072870527967,0.0
variable_uniform_resolution,1,0.9999105289818322,6.724074275599179e-05,0.03833609525639472,0.0
variable_uniform_resolution,2,0.9996496048719565,0.0008965815447514736,0.04237707029655318,0.0
variable_uniform_resolution,3,0.9990140062314873,0.0034357967046116933,0.043321752776960584,0.0
variable_uniform_resolution,4,0.9992491040676186,0.002243393711745867,0.028827229528484734,0.0
variable_uniform_resolution,5,0.9971776984176752,0.00793710085894439,0.038909626754955094,1.0
variable_uniform_resolution,6,0.9956433097691034,0.01366040061114937,0.040981059935931784,1.0
variable_uniform_resolution,7,0.9807370348828184,0.06247022534961921,0.044868711532196015,0.0
variable_uniform_resolution,8,0.980992814844008,0.05953479643695303,0.041506324350388694,0.0
variable_uniform_resolution,9,0.9985002426603014,0.0278702982320862,0.022047521075887293,1.0
variable_uniform_resolution,10,0.9967646330979196,0.02921352023297885,0.027089330662490224,1.0
within_range_unseen_parameter_interpolation,0,0.9999926041758265,0.00011738552461082463,0.055556112035605336,0.0
within_range_unseen_parameter_interpolation,1,0.9999370451658138,0.0005234370218381024,0.03296727366830967,0.0
within_range_unseen_parameter_interpolation,2,0.9996922148925342,1.5923914710391784e-05,0.03874681060471822,0.0
within_range_unseen_parameter_interpolation,3,0.9990887353253024,0.002130671611900503,0.04133034217279834,0.0
within_range_unseen_parameter_interpolation,4,0.9992768486700395,0.0038379350462127704,0.028835969768948696,0.0
within_range_unseen_parameter_interpolation,5,0.9975311008999125,0.003831777691766014,0.037685637075877534,1.0
within_range_unseen_parameter_interpolation,6,0.9962482100886306,0.007539822119741579,0.04201560319399224,1.0
within_range_unseen_parameter_interpolation,7,0.984476171883213,0.04586143853058733,0.041827582608992796,0.0
within_range_unseen_parameter_interpolation,8,0.9852446687316,0.03988488256232614,0.04323012007570433,0.0
within_range_unseen_parameter_interpolation,9,0.9981502557636963,0.0327899189922789,0.04645584704471157,1.0
within_range_unseen_parameter_interpolation,10,0.9924539897811729,0.011394396266442897,0.0668038109000662,1.0
