family,hamiltonians,exact_node_count_compliance_mean,exact_node_count_compliance_median,exact_node_count_compliance_p90,exact_node_count_compliance_p95,exact_node_count_compliance_worst,persistent_node_count_compliance_mean,persistent_node_count_compliance_median,persistent_node_count_compliance_p90,persistent_node_count_compliance_p95,persistent_node_count_compliance_worst,node_position_mae_normalized_mean,node_position_mae_normalized_median,node_position_mae_normalized_p90,node_position_mae_normalized_p95,node_position_mae_normalized_worst,worst_node_position_error_mean,worst_node_position_error_median,worst_node_position_error_p90,worst_node_position_error_p95,worst_node_position_error_worst,lobe_probability_mass_mae_mean,lobe_probability_mass_mae_median,lobe_probability_mass_mae_p90,lobe_probability_mass_mae_p95,lobe_probability_mass_mae_worst,minimum_predicted_lobe_probability_mass_mean,minimum_predicted_lobe_probability_mass_median,minimum_predicted_lobe_probability_mass_p90,minimum_predicted_lobe_probability_mass_p95,minimum_predicted_lobe_probability_mass_worst,minimum_predicted_nodal_spacing_mean,minimum_predicted_nodal_spacing_median,minimum_predicted_nodal_spacing_p90,minimum_predicted_nodal_spacing_p95,minimum_predicted_nodal_spacing_worst,minimum_grid_intervals_per_lobe_mean,minimum_grid_intervals_per_lobe_median,minimum_grid_intervals_per_lobe_p90,minimum_grid_intervals_per_lobe_p95,minimum_grid_intervals_per_lobe_worst,maximum_phase_increment_mean,maximum_phase_increment_median,maximum_phase_increment_p90,maximum_phase_increment_p95,maximum_phase_increment_worst,p95_phase_increment_mean,p95_phase_increment_median,p95_phase_increment_p90,p95_phase_increment_p95,p95_phase_increment_worst,phase_density_max_min_ratio_mean,phase_density_max_min_ratio_median,phase_density_max_min_ratio_p90,phase_density_max_min_ratio_p95,phase_density_max_min_ratio_worst,phase_density_smoothness_mean,phase_density_smoothness_median,phase_density_smoothness_p90,phase_density_smoothness_p95,phase_density_smoothness_worst,amplitude_dynamic_range_mean,amplitude_dynamic_range_median,amplitude_dynamic_range_p90,amplitude_dynamic_range_p95,amplitude_dynamic_range_worst,topology_rejection_fraction_mean,topology_rejection_fraction_median,topology_rejection_fraction_p90,topology_rejection_fraction_p95,topology_rejection_fraction_worst,hybrid_fallback_mean,hybrid_fallback_median,hybrid_fallback_p90,hybrid_fallback_p95,hybrid_fallback_worst,worst_hamiltonian
anharmonic_polynomial,5,1.0,1.0,1.0,1.0,1.0,1.0,1.0,1.0,1.0,1.0,0.02712765844422016,0.03241167424460377,0.03577735223766414,0.03606858813464753,0.037490289130327516,0.7803517187487725,0.8916804690177051,1.1938536321515327,1.2972611878065092,1.4446658326056614,0.08616581478959909,0.07716123605794702,0.1627182031587405,0.1918995999674526,0.19563321544584986,0.1830618795909551,0.04881507881476588,0.49520493041202424,1.0,0.0029814426308807686,3.7273910756384097,1.8411741256713867,9.329980695049883,15.88192933771061,1.039670467376709,30.581818181818182,16.0,64.0,128.0,10.0,0.18966978950933977,0.1965532749891281,0.29391124844551086,0.3074219271540642,0.31225883960723877,0.18906177377158945,0.19536390900611877,0.293171763420105,0.3070788308978081,0.31118372082710266,22.834512719241054,18.313833236694336,43.580223083496094,43.939331245422366,44.794315338134766,72.09702256895994,78.971160336951,112.1806073244386,112.96773673135971,115.45690621295631,11720.77429337935,7901.4228515625,25541.52734375,25922.90068359375,26849.099609375,1.0,1.0,1.0,1.0,1.0,1.0,1.0,1.0,1.0,1.0,1278fa759ebce56d000288cc
asymmetric_well,6,1.0,1.0,1.0,1.0,1.0,1.0,1.0,1.0,1.0,1.0,0.03567142930342615,0.041135889425638394,0.048636044903026344,0.050623934243004265,0.06000983164513842,1.3958667345447378,1.7563190834401885,2.1937650463273575,2.3128642869584133,2.440556574909207,0.10216858403628692,0.10098662673119442,0.17520215031960912,0.18615064083378213,0.250995998824658,0.16715948883997944,0.02101054912225503,0.48889826268431286,1.0,0.002422718519288103,4.314908143941877,2.070899486541748,9.751751667035283,19.63899259292965,1.1994915008544922,28.984848484848484,15.0,63.0,128.0,9.0,0.2037546793281129,0.21249041706323624,0.31445859372615814,0.32860686630010605,0.3349268138408661,0.20290245815660013,0.21142248064279556,0.313261479139328,0.32788167148828506,0.3335359990596771,24.686204126386933,21.85970115661621,47.01913833618164,47.368642807006836,47.89577865600586,64.77345033397732,67.65332027077326,98.77702411066524,100.93512228583211,102.1698912493811,13392.247108690666,10824.42236328125,29441.82421875,29843.19970703125,30250.46875,1.0,1.0,1.0,1.0,1.0,1.0,1.0,1.0,1.0,1.0,cac7b6e9eeecd252581d2dbc
asymptotically_constant,5,1.0,1.0,1.0,1.0,1.0,1.0,1.0,1.0,1.0,1.0,0.034582251100884746,0.04146832214994571,0.048143257935023165,0.05203569531365537,0.0536037752605195,0.8627240927260086,0.9733509959037898,1.4188611461396887,1.4638186010268717,1.5212455968120175,0.08614676074613838,0.09190463684685403,0.13583604719994707,0.16176815057827784,0.16340793801102163,0.18345739576102085,0.029675788957836863,0.4956378556884049,1.0,0.00225234684551775,3.0993189034517483,1.4130210876464844,7.562375535988884,14.15991917180033,0.8281168937683105,58.21818181818182,29.0,128.0,256.0,18.0,0.10483437722379511,0.1088680699467659,0.1591602474451065,0.16805713772773742,0.16868434846401215,0.10451438382945277,0.10816390067338943,0.15879338085651398,0.16755997836589814,0.16819050908088684,29.90963002985174,31.9438533782959,50.21939468383789,50.292728424072266,50.35028076171875,73.41487440328382,83.78275504732252,108.73365684644789,110.54012351075434,113.0180888230733,17482.224348588425,19000.861328125,32513.376953125,32540.2794921875,32561.66796875,1.0,1.0,1.0,1.0,1.0,1.0,1.0,1.0,1.0,1.0,b3f324ef18f2500bc7c051ba
chebyshev_random,5,1.0,1.0,1.0,1.0,1.0,1.0,1.0,1.0,1.0,1.0,0.0325262282063288,0.03737642265880684,0.0416608913179966,0.04230801568957773,0.06525968766695696,1.2657527549048015,1.488601017162138,1.7824759612237704,1.9038460876226002,2.1393672981324814,0.0969716051220173,0.09079227831354018,0.1732005526918054,0.19105726153018593,0.23376357999328742,0.17419096777444762,0.03614663949431207,0.48661581083055483,1.0,0.002602562708253374,4.758906099396679,2.3328857421875,10.636964763307656,21.538516177546683,1.292764663696289,29.818181818181817,16.0,63.0,128.0,10.0,0.19658937054601583,0.20476901531219482,0.3033553957939148,0.31489475965499875,0.32188114523887634,0.19580716612664137,0.20298047363758087,0.3028362333774567,0.31393316090106965,0.32174304127693176,23.867638926072555,20.37799072265625,44.86009750366211,45.862801742553714,46.854957580566406,67.41809061739455,76.35959875978523,103.05992805013388,111.08989536727323,121.16895046086773,12602.014462835139,9615.4814453125,27338.399609375,27924.7265625,28915.619140625,1.0,1.0,1.0,1.0,1.0,1.0,1.0,1.0,1.0,1.0,5bf29e296a9023e9185afad6
composite_confining,5,1.0,1.0,1.0,1.0,1.0,1.0,1.0,1.0,1.0,1.0,0.035296340571828115,0.036062060650097934,0.050597000448638296,0.05705401304768287,0.09232238119685221,1.0352041872301059,1.1161481906251804,1.508372946415172,1.5646532103536872,1.8082686168969888,0.09354179835286884,0.07950951510959607,0.14577763797051935,0.20716553210757704,0.3186843614774736,0.16779925315318245,0.031060848368477,0.47686944193916914,1.0,0.0026306142453418335,3.5623488641823924,1.7820258140563965,7.751697805085636,15.983663271268538,0.9818735122680664,29.472727272727273,15.0,60.6,128.0,9.0,0.20036653253165157,0.20469261705875397,0.3111466646194458,0.3207013994455337,0.3486975431442261,0.19878729277036405,0.20374158024787903,0.3085630536079407,0.3195604085922241,0.3443339169025421,23.720022158189252,20.89360237121582,45.02739562988281,46.403899383544925,47.70586013793945,75.85963848300797,81.24274882776831,121.19103597257704,130.22151225814878,136.36547142547784,12451.46327903054,10003.5107421875,27349.740234375,28541.5951171875,29886.619140625,1.0,1.0,1.0,1.0,1.0,1.0,1.0,1.0,1.0,1.0,1baefe101d4088728df7e114
cosh_well,16,1.0,1.0,1.0,1.0,1.0,1.0,1.0,1.0,1.0,1.0,0.028254790139042075,0.034752404469699405,0.038183822440472394,0.038625743453236425,0.039175777455194086,0.8890873944007777,1.0585545902888986,1.363300714190164,1.4253678460218244,1.5765025267131927,0.08220728942166863,0.08272007684850297,0.14385744546204232,0.17002447760632652,0.17030122897827946,0.18954561794434344,0.05530241556717359,0.48244164007484946,1.0,0.0025267280777701174,4.168251842945692,2.0428109169006348,10.21480610328473,18.588623237355037,1.0728754997253418,60.34659090909091,31.0,127.0,256.0,20.0,0.09785033242819323,0.10235726460814476,0.14948074519634247,0.1592814065515995,0.15983137488365173,0.09752902129284022,0.10156349465250969,0.1491515338420868,0.15879910439252853,0.15932363271713257,29.413190161639992,31.30656623840332,48.649824142456055,49.51166915893555,49.635826110839844,82.49787411049091,99.17276022139202,119.92788205886366,123.61768039492895,125.13919674098989,16821.3557212136,18368.11328125,30986.791015625,31407.6884765625,31547.54296875,1.0,1.0,1.0,1.0,1.0,1.0,1.0,1.0,1.0,1.0,d2b15794565a3abe6557408b
double_well,6,1.0,1.0,1.0,1.0,1.0,1.0,1.0,1.0,1.0,1.0,0.025599436211544858,0.025052194123042833,0.03170561532507245,0.058999873519185134,0.10466251406692043,0.6948754836837453,0.7580556037043262,1.0956880197694252,1.1379430426568589,1.7335140080954305,0.08307545807706064,0.05988972720131169,0.10099340633159308,0.3251202248673951,0.4844056529884999,0.19393306985553563,0.06466782474164623,0.4974601120703806,1.0,0.003585248403535135,3.7746745287685006,1.9412531852722168,8.110405956453027,15.99904750404859,1.1135282516479492,31.330578512396695,17.0,64.0,128.0,10.0,0.18560726512685294,0.1930074393749237,0.29091519117355347,0.3073447048664093,0.31383973360061646,0.1843717031735034,0.19179514050483704,0.28873127698898315,0.30630290508270264,0.3099413514137268,19.81198894090889,15.166332244873047,37.263648986816406,38.24917221069336,39.728580474853516,82.17000374824174,78.373031282397,141.8743105914734,147.9756435912784,158.0963231131772,8876.962087773094,5469.994140625,20359.681640625,21017.1796875,21936.326171875,1.0,1.0,1.0,1.0,1.0,1.0,1.0,1.0,1.0,1.0,bb6df855193efa2ea433f72d
eckart,16,1.0,1.0,1.0,1.0,1.0,0.9204545454545454,1.0,1.0,1.0,0.0,0.170178630440424,0.18327068803122668,0.2764169374600193,0.3017365512731644,0.4038162239982238,17.627073405177747,4.834781586248762,89.02115612028638,106.00282653978198,128.73265026080549,0.11510063311747261,0.13423002764751396,0.16700171537974312,0.17265137448992834,0.17358996844744434,0.09507391272306444,0.00020555115506065702,0.053180973711782986,1.0,2.1447035352117894e-06,6.426429455011308,1.2614575028419495,13.071230479649136,15.889338220868794,0.5058382153511047,115.14772727272727,60.0,257.5,512.0,26.0,0.0636270898658867,0.05871942825615406,0.10269489139318466,0.11937552504241467,0.12049202620983124,0.06186788220657036,0.05726665444672108,0.10008709505200386,0.11598099395632744,0.11704009771347046,28.919169423255052,30.72063446044922,34.71315383911133,35.31884288787842,39.48648452758789,45692.279289564205,4274.8282652452,234762.1056272679,307287.21784417564,328895.32442043466,16337.076144825329,17593.8505859375,21207.0546875,21767.67822265625,24982.6015625,1.0,1.0,1.0,1.0,1.0,1.0,1.0,1.0,1.0,1.0,331cb5dfce729376262d1335
fourier_random,6,1.0,1.0,1.0,1.0,1.0,1.0,1.0,1.0,1.0,1.0,0.036487612829222624,0.03657919106989544,0.0563449909932576,0.06768826993447309,0.08718936050456537,1.6475485445849485,1.561974187680813,2.6437963240204025,3.510415368656083,5.813356576734157,0.12513446466547437,0.09529818888981631,0.2578547814698585,0.3453849916870594,0.4778832928073829,0.15144826389681454,0.023358879525197572,0.4694646119238367,1.0,0.00041055495211750337,4.700305416901009,2.304947853088379,11.068288020850893,21.088809082237365,1.2586793899536133,28.669421487603305,15.0,62.0,128.0,9.0,0.20859283381257177,0.21630364656448364,0.3152787685394287,0.3318340480327606,0.33664363622665405,0.20640579426337866,0.2136746197938919,0.3134710490703583,0.3294125497341156,0.3315008580684662,24.443818084464585,21.165868759155273,45.943782806396484,47.73263931274414,48.48138427734375,84.23513044870674,87.4475958728825,138.89363057563753,152.41188372654338,192.24053511529394,13323.854638091789,10323.5673828125,28583.197265625,30277.2109375,30929.47265625,1.0,1.0,1.0,1.0,1.0,1.0,1.0,1.0,1.0,1.0,25aabe1eb9766ecfe3db289d
gaussian_barrier,5,1.0,1.0,1.0,1.0,1.0,1.0,1.0,1.0,1.0,1.0,0.028752394356052285,0.03210770552587107,0.03808484029075315,0.050588181793932374,0.0677323574491267,1.1282506262972656,1.276839283225704,1.6436397593108631,1.7451149794560277,1.94723037463426,0.12215756116018324,0.08068526415951545,0.20678907349924705,0.4855528204793579,0.7013357993745439,0.1718749835777427,0.05023295376417135,0.4533936007882839,1.0,0.002898418523095263,5.0220556792536915,2.544719696044922,11.157497787475586,21.98633995640555,1.365647315979004,30.0,16.0,62.0,128.0,9.0,0.19624212248758835,0.2024618685245514,0.30677763223648075,0.313004070520401,0.32870110869407654,0.1953122366558422,0.2009822428226471,0.30545648336410525,0.3112476527690887,0.3275546133518219,23.62758565382524,20.159713745117188,43.36766738891602,44.24680862426758,47.36015701293945,75.0045873798549,82.20836566173608,115.5078429446394,118.47890753800652,120.89988248389795,12265.212895618786,9414.521484375,25807.321484375,27235.066210937497,29502.4140625,1.0,1.0,1.0,1.0,1.0,1.0,1.0,1.0,1.0,1.0,8c0619156910f432b37313e6
gaussian_random_field,5,1.0,1.0,1.0,1.0,1.0,1.0,1.0,1.0,1.0,1.0,0.04033727022734943,0.0434279129200145,0.06013398386696663,0.06428380452002742,0.0692307472940373,1.541003117933385,1.47780959889087,2.630863515038862,2.7975463096060134,3.247688283605984,0.12197007777755331,0.10061991727320667,0.21807871606832782,0.2521898204714768,0.35327974107830284,0.15732082723972596,0.019806703160468238,0.4920537574250078,1.0,0.002416508088670293,4.392698278600679,2.140348434448242,11.320978164672852,19.74363227899028,1.1603918075561523,28.472727272727273,15.0,64.0,128.0,9.0,0.2114228174767711,0.21555088460445404,0.331184059381485,0.3392338722944259,0.3543737828731537,0.20926668454300273,0.2139870673418045,0.325801819562912,0.3365259140729904,0.34787851572036743,24.65076948512684,21.5264835357666,45.53507995605469,47.58297290802002,48.29672622680664,70.39248810610735,73.61696734034962,110.10924397857362,116.06927570577159,127.04203154641604,13383.499072265626,10547.49609375,28290.09765625,30424.1818359375,31119.685546875,1.0,1.0,1.0,1.0,1.0,1.0,1.0,1.0,1.0,1.0,bcc67832c8620c86b4a26baa
gaussian_well,5,1.0,1.0,1.0,1.0,1.0,1.0,1.0,1.0,1.0,1.0,0.03384575101282132,0.04122177635319722,0.047132105153915325,0.04944068705745574,0.050994976730854256,0.8414011589631913,0.9714545764492533,1.3017075078730385,1.3567795673820355,1.4599763330307223,0.08917938165532006,0.09301419638325557,0.14983329659818728,0.17619572871061426,0.18476566991008692,0.17926011164880992,0.028517284151831968,0.49987518756435684,1.0,0.002212736778115209,3.095458172353006,1.4348258972167969,7.533186027689922,14.123320089187239,0.8426656723022461,29.236363636363638,15.0,64.0,128.0,9.0,0.20545364232225852,0.21520034968852997,0.3145763635635376,0.32959175407886504,0.33227071166038513,0.2047103918411515,0.21347838640213013,0.31412348747253416,0.32904672920703887,0.33155694603919983,25.01990857557817,22.157323837280273,46.832245635986325,47.09449806213379,47.159461975097656,66.06170525092476,72.36793505167992,100.3284498798359,102.82187707206973,105.05241317174955,13740.683939985796,11045.8564453125,29394.70390625,29470.691015625,29679.3046875,1.0,1.0,1.0,1.0,1.0,1.0,1.0,1.0,1.0,1.0,725eaceedb54aff0c65e2894
half_harmonic,5,1.0,1.0,1.0,1.0,1.0,1.0,1.0,1.0,1.0,1.0,0.0691307181097188,0.0768570126758927,0.08481497972452204,0.0849919460669093,0.08499197410409821,1.043663235917409,1.1481040582070783,1.3571105963118213,1.3947138535778258,1.4760702716083403,0.10154888703811518,0.09177356671969365,0.12551720563890575,0.25654327350015965,0.2565434170572699,0.1381420618280812,0.024366190319354497,0.26321751067459065,1.0,0.0005516445619827559,1.7955837372767398,0.9693928956985474,2.1515400409698486,9.076431884143263,0.5117574334144592,52.45454545454545,21.0,118.0,256.0,14.0,0.1384365277872844,0.14755314588546753,0.2107313722372055,0.22755517065525055,0.2275572270154953,0.1369667634367943,0.14648213982582092,0.2066175013780594,0.22486744821071625,0.22486869990825653,38.907447190718216,44.209983825683594,48.63668441772461,49.2204231262207,49.220428466796875,39.328522795419424,42.14670535479228,48.39315224646116,50.976206697591124,50.97621749726272,24200.517449396306,28485.42578125,31667.0625,32118.755859375,32118.755859375,1.0,1.0,1.0,1.0,1.0,1.0,1.0,1.0,1.0,1.0,db9f074dd689c702975c5188
harmonic,7,1.0,1.0,1.0,1.0,1.0,1.0,1.0,1.0,1.0,1.0,0.030412244118492436,0.036855707525848456,0.041775138534571085,0.041795754732567525,0.04526341938530238,0.6944259522030881,0.8240839113732165,1.0408066885569798,1.127896998626123,1.4553424458606727,0.08705739709494496,0.08728459318420262,0.16295692370614676,0.195653439078994,0.19565354471928378,0.1823770607348469,0.038490703526129044,0.4918469137828924,1.0,0.001036024218940058,2.963245521630527,1.4240727424621582,7.533286023887437,13.266279445282084,0.713076114654541,30.7,15.0,72.80000000000007,128.0,9.0,0.19693387150764466,0.2046392560005188,0.30316812992095954,0.32069677114486694,0.34740397334098816,0.19627413685348902,0.20320412516593933,0.3027424961328507,0.3199904590845108,0.3469231426715851,25.776657824082807,21.119921684265137,46.48294563293457,47.83254337310791,48.96637725830078,71.25624119694666,79.19622117016232,105.30208275869921,111.53282303813089,139.44340656960964,14151.130859236284,10167.34228515625,28599.0654296875,30169.1921875,30816.685546875,1.0,1.0,1.0,1.0,1.0,1.0,1.0,1.0,1.0,1.0,e51b0c876b7609a9f8ab12c8
harmonic_compact,5,1.0,1.0,1.0,1.0,1.0,1.0,1.0,1.0,1.0,1.0,0.033400446119416685,0.03488174119589558,0.05128152518822505,0.05394265871992676,0.05580658761414247,1.294247124626169,1.474596512495082,1.8614221892769114,1.8888660494058493,1.9644014647011643,0.12708256996237074,0.0946236082527399,0.2135298667037434,0.28509588581947676,0.729984457329091,0.16184007557107247,0.0424799860357752,0.42870904288120215,1.0,0.0024109558880535888,4.94196914060528,2.389988899230957,11.241985319740044,22.594251487133292,1.2366228103637695,35.29090909090909,18.0,100.8000000000001,128.0,9.0,0.1822495583106171,0.18015240132808685,0.3068783700466156,0.32133941948413847,0.3298494219779968,0.18137112016027623,0.17905780673027039,0.3055679738521576,0.3207115888595581,0.3279261589050293,26.61803947795521,23.280582427978516,46.90729675292969,48.87764587402343,51.683067321777344,73.98811160191157,88.8026409048434,109.22324081470029,111.76661446911433,114.04303964760172,14803.998712158203,12007.61328125,29289.803906250003,31980.765624999996,34005.64453125,1.0,1.0,1.0,1.0,1.0,1.0,1.0,1.0,1.0,1.0,c8370b2d311aec4248ae31a0
infinite_box,5,1.0,1.0,1.0,1.0,1.0,1.0,1.0,1.0,1.0,1.0,0.0011727874639377417,0.0012656135343383666,0.0015684731600995039,0.00239186508897541,0.002391882409849111,0.02160995706296991,0.0219411496082067,0.03428607283585983,0.042405613323040464,0.048682182898667214,0.0036462154295618427,0.0038165585069094843,0.005287855599038286,0.006635968174869347,0.006635989514884444,0.26830227692610426,0.16046486549568945,0.49777220917706566,1.0,0.07775315205702116,2.9246801647272975,1.7628417015075684,5.783919556438923,10.215172385051845,0.8650953769683838,34.81818181818182,21.0,64.0,128.0,11.0,0.15087294646284796,0.149300217628479,0.25798290967941284,0.2775740623474121,0.2775750756263733,0.15036977834322235,0.14919333159923553,0.25621514320373534,0.27637818455696106,0.27637818455696106,1.058002979105169,1.0487580299377441,1.081753396987915,1.1041428208351136,1.1041431427001953,0.09733038567322673,0.07028031312731287,0.1250008079016652,0.38170379277126043,0.381705039795019,1.1621183655478737,1.130302906036377,1.2536592483520508,1.330199956893921,1.3302005529403687,0.0,0.0,0.0,0.0,0.0,0.0,0.0,0.0,0.0,0.0,b1b1ad3c58e32af37b156f37
kratzer,5,1.0,1.0,1.0,1.0,1.0,1.0,1.0,1.0,1.0,1.0,0.08362721629022596,0.07160206850030162,0.13364273109081792,0.14264525860841432,0.1546814386591767,5.269601783059561,5.215487762845637,9.758291488292711,10.435590621433104,11.249637380737461,0.1769097842216445,0.12289346531795546,0.3052017458441606,0.38618360117087014,0.45348511308108697,0.09274200816374231,0.0009283710889954611,0.011410587491153312,1.0,0.00021825960871713068,5.8938979887939595,2.6626408100128174,5.215829181671143,33.13307903424268,1.8085753917694092,48.41818181818182,20.0,94.0,256.0,15.0,0.14373043484308504,0.1567036658525467,0.19744639992713928,0.20510841608047484,0.20740219950675964,0.1421536984768781,0.1553211808204651,0.19548668563365937,0.20207722634077072,0.20446081459522247,32.5992807301608,40.192073822021484,45.28561630249023,46.945028686523436,47.0103645324707,62.813245013618385,40.817801525328946,122.75969399168501,151.26414757118096,170.84273284167497,18479.234201327235,23193.541015625,29272.48984375,30307.08046875,30374.16796875,1.0,1.0,1.0,1.0,1.0,1.0,1.0,1.0,1.0,1.0,02e27ab493e87d53b33a1daa
localized_defect,5,1.0,1.0,1.0,1.0,1.0,1.0,1.0,1.0,1.0,1.0,0.03775232743947431,0.04000361445092357,0.05346252051020086,0.05717576246605649,0.07455056090393812,1.3182877926902858,1.5563583034547523,1.7494963819376077,1.8152556144035379,2.1809856381078414,0.11461218108179935,0.09509172816746905,0.19079120640293953,0.27873000408441906,0.4487883677134211,0.16578447886339784,0.03776403063773138,0.4352995077450222,1.0,0.0020116752170783905,4.599160472164993,2.15423583984375,11.385124901531572,20.830618517293146,1.1208791732788086,46.763636363636365,25.0,127.0,198.39999999999964,9.0,0.14680227505212481,0.12815481424331665,0.27147191762924194,0.32170388698577873,0.34688901901245117,0.14478432851081544,0.1270970106124878,0.2697368264198303,0.31434670835733414,0.335612416267395,29.86595975702459,34.31904602050781,51.45917892456055,51.645216369628905,51.74433898925781,77.17327160636093,91.54985157128027,106.76362367243523,109.5625628936207,115.0791434451267,17372.136805586382,20889.1015625,33718.87890625,33928.7779296875,34065.22265625,1.0,1.0,1.0,1.0,1.0,1.0,1.0,1.0,1.0,1.0,da93b664b6d9fc82b9722a72
morse,6,1.0,1.0,1.0,1.0,1.0,1.0,1.0,1.0,1.0,1.0,0.03926303672900936,0.04341072211209758,0.050791100860658106,0.051675847999502554,0.05375965560945043,0.8071570044520395,0.9626602460311282,1.0875750484087112,1.1070976867734177,1.1567221273810397,0.08286573199141892,0.0906280694010779,0.10093426857624303,0.10998564020465632,0.11347971522797091,0.16809128089792075,0.021122598603215748,0.46978762689822706,1.0,0.002491045017567184,2.1115736459424324,1.0272821187973022,4.554888621695364,9.86945852266282,0.590278148651123,56.74242424242424,29.0,109.0,256.0,19.0,0.10596097890061862,0.11179947853088379,0.155315563082695,0.16340471804141998,0.16646800935268402,0.10526476066672441,0.11068722605705261,0.1551370769739151,0.16299572214484215,0.16584505140781403,29.627318859100342,31.838844299316406,48.68873405456543,49.43355178833008,49.4786376953125,87.5746754070919,102.44641833402201,126.33679218360646,127.05382560327564,134.06436238423728,17077.853655728428,18988.9853515625,31331.6455078125,31423.6123046875,31455.59765625,1.0,1.0,1.0,1.0,1.0,1.0,1.0,1.0,1.0,1.0,97483de7a31c4aa31e1b1b6c
multiple_barriers,6,1.0,1.0,1.0,1.0,1.0,1.0,1.0,1.0,1.0,1.0,0.031040179337862787,0.03394253441166643,0.03949229091887364,0.04133024002974956,0.04586529467076854,1.2832473763486443,1.4228317511423012,1.8343111680735618,1.976825933413457,2.471471901854237,0.13029975213730724,0.08983208291074403,0.26327419743436653,0.4168431824517238,0.6948443316030071,0.16084754661579986,0.03424059513919669,0.4528546734583324,1.0,0.0025174637040817215,5.0498557637433334,2.483691692352295,11.189505100250244,22.80292332381694,1.4013605117797852,29.742424242424242,16.0,62.5,128.0,9.0,0.1997254735253977,0.20477407425642014,0.31454330682754517,0.32240355759859085,0.3322356939315796,0.1985135002231056,0.20343773066997528,0.313388466835022,0.3200433626770973,0.3309215009212494,24.687406409870494,21.22270965576172,46.93772888183594,47.331847190856934,48.23796844482422,74.95741440531499,84.04984112454727,114.19515704641408,117.15016705030902,121.44350817661689,13458.599869467995,10265.64892578125,29320.1474609375,29972.87109375,30772.50390625,1.0,1.0,1.0,1.0,1.0,1.0,1.0,1.0,1.0,1.0,e23d937e108c2f44f8e3bae7
multiwell,6,1.0,1.0,1.0,1.0,1.0,1.0,1.0,1.0,1.0,1.0,0.03457582607178639,0.0367048339984866,0.04452644955067599,0.047196040009114204,0.1350829001712979,1.397792837152391,1.5846400681226371,2.051241980811572,2.1429900422515082,2.7598544375873013,0.11238454132053548,0.08407280950989895,0.20286133135447285,0.27217453821854054,0.644414759660281,0.17279179107675743,0.029524116737115802,0.4816677987970436,1.0,0.0024818863237240363,4.686211956795722,2.262903928756714,10.729606399844045,20.433329446456717,1.2330665588378906,29.515151515151516,15.0,61.5,128.0,9.0,0.2061359898158998,0.2138807773590088,0.3197477012872696,0.32792121171951294,0.3469456732273102,0.20366532993361805,0.21143486350774765,0.31638695299625397,0.3225121572613716,0.34106025099754333,24.26328932877743,20.96190071105957,44.0772647857666,46.08334732055664,47.632225036621094,78.07382389211635,83.6983830050343,133.6826553070761,137.47045029610462,156.2715455408246,12813.893937082,10072.29541015625,27496.9609375,28308.421875,29789.10546875,1.0,1.0,1.0,1.0,1.0,1.0,1.0,1.0,1.0,1.0,400163ccef706d3451505259
poschl_h,5,1.0,1.0,1.0,1.0,1.0,1.0,1.0,1.0,1.0,1.0,0.03818636377590943,0.043688191348761916,0.05858380550185378,0.05912718770398299,0.06657793848782041,1.3077814718445149,1.4136440720079648,2.3236281527786704,2.497260345533387,2.812103840184255,0.08724877744252132,0.09956485204055442,0.13199204072799037,0.1494335651711489,0.15413940238530266,0.18159080851364987,0.021762152259668762,0.4993463422069888,1.0,0.001653918626596107,4.124058716944773,1.8559608459472656,10.926888178717313,18.835825730419113,0.9985041618347168,57.14545454545455,28.0,128.0,256.0,18.0,0.10883460613814268,0.1129767894744873,0.16588377058506013,0.17127679884433747,0.1749749332666397,0.10852047936482863,0.11237120628356934,0.16534242033958435,0.17075006365776063,0.17442497611045837,29.12988428636031,30.91953468322754,49.833248138427734,49.921224975585936,50.067535400390625,73.65950184806208,75.70793981545799,125.29493927602104,132.31313572357283,148.020415705862,17063.397906771574,18282.951171875,32418.13515625,32461.0009765625,32469.865234375,1.0,1.0,1.0,1.0,1.0,1.0,1.0,1.0,1.0,1.0,24f879b14fef98a233072efc
poschl_t,5,1.0,1.0,1.0,1.0,1.0,1.0,1.0,1.0,1.0,1.0,0.02020113713402211,0.019914134449432453,0.03316621337745481,0.03610527604166751,0.04660417891065395,0.30348559107363415,0.307161721902232,0.4895826565635517,0.5618734119982114,0.6737448537483388,0.04976036772004399,0.04788333255746982,0.08652273637186857,0.09336990783240658,0.10289678807883267,0.21350096686509176,0.09369914086611128,0.47484506976807994,1.0,0.02013939099425169,2.2019092425084783,1.2447872161865234,4.625892978370811,8.017438459020482,0.6429777145385742,55.14545454545455,25.0,128.0,256.0,13.0,0.12981390177526259,0.12966331839561462,0.22488212287425996,0.23223542124032975,0.23393021523952484,0.12862611683932218,0.1282968372106552,0.22137631177902223,0.23130862414836884,0.23298323154449463,4.433483427221125,4.219417572021484,6.361139011383057,6.433672523498535,6.564476490020752,48.631252734975114,52.57489092729313,56.18472978994731,56.57337353478848,57.57114659273762,213.0503258445046,176.54566955566406,455.8955017089844,469.0723571777344,495.65960693359375,1.0,1.0,1.0,1.0,1.0,1.0,1.0,1.0,1.0,1.0,56e758e708fe3502dbc01246
procedural_composite,5,1.0,1.0,1.0,1.0,1.0,1.0,1.0,1.0,1.0,1.0,0.036402836823346926,0.03770498470294862,0.05641549823765887,0.06095292825980749,0.07337094906498842,1.1008386162115755,1.171905695548418,1.7644620393101056,1.9145251964697978,2.105845210041234,0.09830107080967979,0.09022378372155054,0.1659315476612475,0.19068546500770145,0.3593908638374644,0.16405061350027156,0.03107420985818609,0.49136635067475803,1.0,0.0020850441664301833,3.544943181637976,1.7326107025146484,8.105871856801583,15.571696480035378,0.9294605255126953,29.2,15.0,62.2,128.0,9.0,0.2036663490940224,0.20671923458576202,0.3152749836444855,0.32435441613197324,0.35072022676467896,0.20203997221860018,0.20547333359718323,0.3134795665740967,0.3223681181669235,0.3490041494369507,24.34890297976407,21.057273864746094,45.441504669189456,46.10042495727539,47.8292236328125,75.74230617967905,81.63456362967543,121.79239209055578,127.95008985689401,134.14180327861493,13000.367044067383,10143.5439453125,27739.508984375,28577.770703125,30540.921875,1.0,1.0,1.0,1.0,1.0,1.0,1.0,1.0,1.0,1.0,4a8a12165920bed0cbedc642
radial_coulomb,5,1.0,1.0,1.0,1.0,1.0,1.0,1.0,1.0,1.0,1.0,0.12283104324102029,0.11694352649431111,0.20008818286944358,0.20789283991931498,0.20934194089848418,51.0272886630032,54.611875160925464,84.53435280826727,102.44058842081365,108.60160264966132,0.1384962574491441,0.12579232892372505,0.2526213774126171,0.31067967047996703,0.3336695918001262,0.09145234590914486,0.0003994319828185544,0.005323115304739501,1.0,1.0095607525184569e-05,40.8842003812121,15.51949167251587,35.09783935546875,226.99482369229804,10.689434051513672,63.75757575757576,28.0,182.0,256.0,14.0,0.12650283025295445,0.1123800165951252,0.21458692103624344,0.22241206094622612,0.22770346701145172,0.1245126194094844,0.11088383942842484,0.20976068824529648,0.21889705210924149,0.22246594727039337,33.67430556181705,41.414175033569336,45.37424087524414,46.32882785797119,46.81868362426758,358.5408155026202,53.14032287618705,1624.9393954690981,2057.9559106197594,2305.8302966842357,20365.705183086975,26499.962890625,29205.3818359375,29821.14599609375,30225.48046875,1.0,1.0,1.0,1.0,1.0,1.0,1.0,1.0,1.0,1.0,5fd7f55322608f18def5dfb6
radial_oscillator,5,1.0,1.0,1.0,1.0,1.0,1.0,1.0,1.0,1.0,1.0,0.055029496877808844,0.054859867115842696,0.07810791930712344,0.08273605096465791,0.0948709259509799,0.9588650136576667,1.0417333837047824,1.3005639089680316,1.3962586442996314,1.5726595872300262,0.11887834161434513,0.08403666701911816,0.181684236867028,0.37395289827074374,0.37981791993297764,0.126710503794263,0.014210556355136017,0.22628125282653871,1.0,0.00014868881213880858,1.8608429777753412,0.9513967633247375,2.5123358249664314,9.006137333171015,0.5362131595611572,53.018181818181816,22.0,126.0,256.0,13.0,0.14080482528290966,0.1449432075023651,0.22185909748077393,0.23473271429538728,0.23849882185459137,0.13898887566544793,0.14300738275051117,0.21897286176681519,0.2311408430337906,0.2350831776857376,29.592283925143157,34.823970794677734,39.22542419433594,40.23155250549316,40.43307113647461,33.15165649417549,35.26093220638893,44.92818659098701,45.7450440433363,46.988395355656834,15419.42666459517,18319.380859375,22808.703125,24311.292578124998,24899.716796875,1.0,1.0,1.0,1.0,1.0,1.0,1.0,1.0,1.0,1.0,94f9212f51a4c36ea67878de
reflected_potential,5,1.0,1.0,1.0,1.0,1.0,1.0,1.0,1.0,1.0,1.0,0.061677206263562705,0.06063776363439517,0.10336094453622657,0.11433847221620602,0.1255424246849893,1.9897775213538185,1.8309451971140387,3.346155485257761,3.6679485653977797,4.73222142390895,0.12605676994656878,0.10196264394487646,0.25770094319144443,0.3397587306616771,0.36563484005917196,0.11895169622360134,0.02184200842698858,0.17339386980598978,1.0,0.002546767127095019,4.025499524777627,2.000096321105957,7.462141048283768,19.795438178747318,1.111182689666748,50.18181818181818,25.0,92.40000000000003,256.0,8.0,0.13793926066779472,0.1271425187587738,0.20484208762645723,0.26397521495819104,0.38630104064941406,0.13537113252398256,0.12535561621189117,0.20057178735733033,0.25985870957374585,0.3774520456790924,30.545167700036778,34.27444076538086,51.35029220581055,51.5375259399414,51.681060791015625,97.48861239357883,102.56860569892909,159.18426541826446,170.68232741711526,203.57332046877468,17990.980484603286,21133.447265625,33605.73984375,33855.89375,33999.32421875,1.0,1.0,1.0,1.0,1.0,1.0,1.0,1.0,1.0,1.0,3e9703fca63f4b9d8f6c235e
rosen_morse_ii,16,1.0,1.0,1.0,1.0,1.0,1.0,1.0,1.0,1.0,1.0,0.038939982627527264,0.04448520024317648,0.05853839708253382,0.06192520077605394,0.06663601634594132,1.3875764779117474,1.4842004427247557,2.4874436864599927,2.590968078607265,2.947166585504829,0.08716560257300449,0.10272105542564083,0.1317228446402613,0.1452788809728318,0.15182644603245854,0.1812764248661387,0.01971129784518462,0.49982639844803933,1.0,0.0016471189953673646,4.255238726486934,1.8869094848632812,11.155016752572884,19.72487840585667,1.0069265365600586,56.99431818181818,27.5,128.0,256.0,18.0,0.10972053244371306,0.1145457848906517,0.16675207018852234,0.1728353276848793,0.1750738024711609,0.10938151500357146,0.1139056608080864,0.16617368161678314,0.1722957342863083,0.17449165880680084,29.014386743307114,30.702712059020996,49.7271785736084,49.83155822753906,50.010398864746094,74.24216395796431,73.75973890385112,133.08522184708858,139.99852123866387,148.55695597958842,17003.909110762856,18141.15625,32369.462890625,32440.6650390625,32462.375,1.0,1.0,1.0,1.0,1.0,1.0,1.0,1.0,1.0,1.0,19b930ee2e192436cbeee6c2
scarf_ii,16,1.0,1.0,1.0,1.0,1.0,1.0,1.0,1.0,1.0,1.0,0.03920673851596369,0.0450651134908482,0.05915761007452029,0.062166370579642555,0.0667315015288183,1.4530463013244164,1.5635484623805962,2.6204667909780444,2.7631899697847144,3.1993739116458073,0.08748303603260234,0.10277596964525394,0.13159656328099986,0.14340063961357108,0.15024229299115352,0.17927186917286714,0.016486234514845127,0.49985220720183965,1.0,0.001631742209130103,4.234732387534425,1.8803653717041016,10.799789058741483,19.714759334939245,1.0425090789794922,56.6875,27.0,126.5,256.0,18.0,0.11032768341035327,0.11611590534448624,0.16649272292852402,0.17296355590224266,0.17513766884803772,0.10983464716595005,0.11519405618309975,0.16585441678762436,0.17239060997962952,0.17457148432731628,29.107876189730383,30.951824188232422,49.75999069213867,49.87407398223877,50.06741714477539,74.36562732167133,73.87451976944264,134.28117531349494,140.75163250658343,149.66554944842488,17063.81722389568,18356.6005859375,32381.4482421875,32440.02001953125,32490.431640625,1.0,1.0,1.0,1.0,1.0,1.0,1.0,1.0,1.0,1.0,c31288c16721870ab296b68d
single_barrier,5,1.0,1.0,1.0,1.0,1.0,1.0,1.0,1.0,1.0,1.0,0.03164857955638611,0.03487743293473803,0.04526436716659466,0.050429415119082006,0.062120745738210775,1.2682642619927158,1.4497626517457105,1.8160800930755059,2.0109874495768687,2.7004644157552513,0.11421380941461746,0.09384522380502813,0.21038318524042565,0.23005340577362113,0.5649027736601657,0.16816172758324205,0.027198874636662554,0.49265376325065735,1.0,0.0025343576789228985,4.9407047982375945,2.4091243743896484,11.194831717393074,22.87319635612413,1.3119745254516602,29.545454545454547,15.0,62.0,128.0,9.0,0.20041710896925494,0.20589984953403473,0.31523942947387695,0.323090635240078,0.33437788486480713,0.19961087236350233,0.2053963989019394,0.31435492634773254,0.3216454818844795,0.3334428369998932,24.903598308563232,21.97414207458496,46.83365249633789,47.27383899688721,48.11351776123047,72.01595985922805,82.38865854044718,108.62288773853115,110.16199580268257,111.9726228986174,13503.696517666904,10962.734375,29235.505859375,29456.38134765625,30509.029296875,1.0,1.0,1.0,1.0,1.0,1.0,1.0,1.0,1.0,1.0,a58357b123947ead45fca1f3
smooth_perturbed,6,1.0,1.0,1.0,1.0,1.0,1.0,1.0,1.0,1.0,1.0,0.03223508111446589,0.03229318674317409,0.045648485389800604,0.053381988102398276,0.10461181799830406,1.3042315395092487,1.3129821062802722,2.281805461894704,2.5412745844370983,2.8119977408748182,0.11980368674036036,0.08815258885802763,0.19709476194875597,0.3442218851305633,0.5735978305356031,0.17437438862480084,0.04473523534834062,0.4753253236078099,1.0,0.002278877803260945,4.981489034979491,2.408109426498413,11.650711059570312,22.59618137842613,1.2850933074951172,29.848484848484848,15.5,63.5,128.0,9.0,0.2013685383241285,0.20441579818725586,0.3101693093776703,0.3198481351137161,0.33641552925109863,0.19958652166480367,0.20188504457473755,0.3067249208688736,0.3182488903403282,0.33142709732055664,24.175891276561853,20.74337387084961,43.98612594604492,45.30952548980713,48.37109375,78.45692503231925,82.02101739149562,128.62369815454142,140.65758882831602,154.73725311890624,12753.017533504602,9886.1181640625,26340.76171875,27738.0478515625,30980.69921875,1.0,1.0,1.0,1.0,1.0,1.0,1.0,1.0,1.0,1.0,24b8b50716daee94bb445de7
