category,hamiltonians,fidelity_mean,fidelity_median,fidelity_p95,fidelity_ci95_low,fidelity_ci95_high,energy_abs_error_mean,energy_abs_error_median,energy_abs_error_p95,energy_abs_error_ci95_low,energy_abs_error_ci95_high,independent_residual_head_mean,independent_residual_head_median,independent_residual_head_p95,independent_residual_head_ci95_low,independent_residual_head_ci95_high,raw_node_correct_mean,raw_node_correct_median,raw_node_correct_p95,raw_node_correct_ci95_low,raw_node_correct_ci95_high,gram_post_max_error_mean,gram_post_max_error_median,gram_post_max_error_p95,gram_post_max_error_ci95_low,gram_post_max_error_ci95_high,density_integrated_absolute_error_mean,density_integrated_absolute_error_median,density_integrated_absolute_error_p95,density_integrated_absolute_error_ci95_low,density_integrated_absolute_error_ci95_high,energy_rmse_mean,energy_rmse_median,energy_rmse_p95,energy_rmse_ci95_low,energy_rmse_ci95_high
ID_test,135,0.8809323150884903,0.9551697862971517,0.9959911431342272,0.8543615849384211,0.908504368951234,34.89943710069644,0.24361043127254123,8.25756521609798,1.3526210131580596,84.04852577878117,0.2140987803807642,0.15804418923936445,0.6701185334995889,0.181194955746885,0.2519001276864246,0.9952861952861953,1.0,1.0,0.9892087542087543,1.0,2.124426105870397e-05,1.2012886063672568e-06,0.00014440283822820773,9.324081264431007e-06,3.110292296574954e-05,0.3303581658183829,0.27663084842700275,0.7637211080419887,0.2921784880837176,0.3659314646362993,275.9098111838838,0.3250612772226341,13.842886145513953,6.709185489388357,399.3524772294936
anharmonic_wells,5,0.989608306423763,0.9879356564220412,0.996545119131605,0.9859580833886019,0.9929313603480818,1.5335502672620547,1.9137839218980643,2.069135592821236,0.8002192220471446,2.037495691897753,0.18052900986910475,0.21510552598236005,0.22124119324101646,0.11569257552868498,0.21993101158333817,0.9454545454545455,1.0,1.0,0.8363636363636363,1.0,1.1751180809760343e-06,1.1712046079637162e-06,1.246948029254291e-06,1.1422707753433459e-06,1.2180731370609043e-06,0.12250610479955815,0.1411493780841557,0.15252710233859995,0.08792204605574747,0.14816195289052486,2.641806133791542,2.9438027403145464,3.209832927817131,1.8579646376978212,3.1418745223526905
asymmetric_wells,1,0.9875098191592514,0.9875098191592514,0.9875098191592514,0.9875098191592514,0.9875098191592514,0.12642968915547004,0.12642968915547004,0.12642968915547004,0.12642968915547004,0.12642968915547004,0.16643135432617184,0.16643135432617184,0.16643135432617184,0.16643135432617184,0.16643135432617184,1.0,1.0,1.0,1.0,1.0,1.1028726740747175e-06,1.1028726740747175e-06,1.1028726740747175e-06,1.1028726740747175e-06,1.1028726740747175e-06,0.1526944503406182,0.1526944503406182,0.1526944503406182,0.1526944503406182,0.1526944503406182,0.16118429132636145,0.16118429132636145,0.16118429132636145,0.16118429132636145,0.16118429132636145
barriers,5,0.9326046771231212,0.9551997519685034,0.9727172798649467,0.8732604535570488,0.9691154955198066,0.0872134369759656,0.07250798626059905,0.15668294963137622,0.053995247845822825,0.12365527814373772,0.07528680563301593,0.06677573234641988,0.1028246793692539,0.05349964329728209,0.09312220688418883,1.0,1.0,1.0,1.0,1.0,1.2292397472579708e-06,1.2428732708569257e-06,1.2614981370173695e-06,1.2037674545606337e-06,1.2526459417122605e-06,0.3098482732989304,0.2736121230075835,0.48775924616690436,0.23409404197375533,0.42561995722009927,0.12426055568300395,0.0896460946415264,0.18938689438887918,0.07463023203207138,0.16361479407870388
changed_domain_same_physical_operator,1,0.9890355732234678,0.9890355732234678,0.9890355732234678,0.9890355732234678,0.9890355732234678,0.347151099889581,0.347151099889581,0.347151099889581,0.347151099889581,0.347151099889581,0.06874513556260263,0.06874513556260263,0.06874513556260263,0.06874513556260263,0.06874513556260263,1.0,1.0,1.0,1.0,1.0,1.1439539447932745e-06,1.1439539447932745e-06,1.1439539447932745e-06,1.1439539447932745e-06,1.1439539447932745e-06,0.12632300200908728,0.12632300200908728,0.12632300200908728,0.12632300200908728,0.12632300200908728,0.45204594546400173,0.45204594546400173,0.45204594546400173,0.45204594546400173,0.45204594546400173
constant_potential_shift,1,0.9720402998820226,0.9720402998820226,0.9720402998820226,0.9720402998820226,0.9720402998820226,5.684764400220023,5.684764400220023,5.684764400220023,5.684764400220023,5.684764400220023,0.127212837925477,0.127212837925477,0.127212837925477,0.127212837925477,0.127212837925477,1.0,1.0,1.0,1.0,1.0,1.1619203325041738e-06,1.1619203325041738e-06,1.1619203325041738e-06,1.1619203325041738e-06,1.1619203325041738e-06,0.22368717467882374,0.22368717467882374,0.22368717467882374,0.22368717467882374,0.22368717467882374,11.035812491653346,11.035812491653346,11.035812491653346,11.035812491653346,11.035812491653346
controlled_smooth_perturbations,1,0.8147725259964311,0.8147725259964311,0.8147725259964311,0.8147725259964311,0.8147725259964311,0.26760484341938773,0.26760484341938773,0.26760484341938773,0.26760484341938773,0.26760484341938773,0.2154650375945976,0.2154650375945976,0.2154650375945976,0.2154650375945976,0.2154650375945976,1.0,1.0,1.0,1.0,1.0,1.1494425805613773e-06,1.1494425805613773e-06,1.1494425805613773e-06,1.1494425805613773e-06,1.1494425805613773e-06,0.543351750108312,0.543351750108312,0.543351750108312,0.543351750108312,0.543351750108312,0.3520108914017603,0.3520108914017603,0.3520108914017603,0.3520108914017603,0.3520108914017603
double_wells,5,0.9577930380611115,0.9561366159279839,0.9916889096988294,0.942378156049748,0.9730093558945508,1.9560060268127717,2.1961466335305526,2.8269659135552083,1.3133868826827804,2.542417646648939,0.2765854608134449,0.3012130006019516,0.3343264030206717,0.22967739450831895,0.3179910094172314,0.9272727272727274,1.0,1.0,0.8527272727272727,1.0,1.2782477092576628e-06,1.2066091729101558e-06,1.4700803875999924e-06,1.212753037062586e-06,1.362390474000663e-06,0.21762396150875807,0.24078321400405614,0.29775426692209844,0.16346857959162756,0.27330457266098007,3.4383020952769012,3.502862128036364,4.390053924582153,2.5151320825411885,4.142414331942283
joint_parameter_extrapolation,2,0.9954466143013498,0.9954466143013498,0.9969686702133125,0.9937554410658357,0.9971377875368639,0.1217519081317333,0.1217519081317333,0.223397704904008,0.00881213394031694,0.23469168232314966,0.10825294486445487,0.10825294486445487,0.13680280526044164,0.0765308777578029,0.13997501197110684,0.8181818181818181,0.8181818181818181,0.9818181818181818,0.6363636363636364,1.0,1.3196659423564405e-06,1.3196659423564405e-06,1.4477651692323957e-06,1.1773334680498238e-06,1.4619984166630573e-06,0.09265185366353548,0.09265185366353548,0.11367316534427342,0.06929484068493776,0.1160088666421332,0.23716490479439734,0.17234083121262242,0.3189768509011462,0.009411920447595978,0.33526974197764886
localized_defects,5,0.926881434584328,0.9629689848351485,0.972180601212922,0.8718411928256229,0.9547076790107407,0.205938703625799,0.22840590135903557,0.34474042581954134,0.12528409660784728,0.2866707460097611,0.23054173751932922,0.24764925799191861,0.319105980737588,0.1730354614345222,0.2739185293064044,1.0,1.0,1.0,1.0,1.0,1.2035978007585157e-06,1.17941096500207e-06,1.347375520599492e-06,1.1405520389373703e-06,1.2788997572754644e-06,0.3415652587894681,0.2719722047082307,0.5135366599701285,0.2771254444519759,0.4537836791866326,0.25551923148214595,0.23875170192517542,0.3709808729128594,0.16896673534377318,0.3338498968495443
multiple_barriers,1,0.9109764864681708,0.9109764864681708,0.9109764864681708,0.9109764864681708,0.9109764864681708,0.21032532628248204,0.21032532628248204,0.21032532628248204,0.21032532628248204,0.21032532628248204,0.05238168675052273,0.05238168675052273,0.05238168675052273,0.05238168675052273,0.05238168675052273,1.0,1.0,1.0,1.0,1.0,1.287743306432887e-06,1.287743306432887e-06,1.287743306432887e-06,1.287743306432887e-06,1.287743306432887e-06,0.35879927938283446,0.35879927938283446,0.35879927938283446,0.35879927938283446,0.35879927938283446,0.33950020743483583,0.33950020743483583,0.33950020743483583,0.33950020743483583,0.33950020743483583
multiwell_potentials,1,0.9901446648809884,0.9901446648809884,0.9901446648809884,0.9901446648809884,0.9901446648809884,0.10047546911030211,0.10047546911030211,0.10047546911030211,0.10047546911030211,0.10047546911030211,0.030422453791197342,0.030422453791197342,0.030422453791197342,0.030422453791197342,0.030422453791197342,1.0,1.0,1.0,1.0,1.0,1.124192923196432e-06,1.124192923196432e-06,1.124192923196432e-06,1.124192923196432e-06,1.124192923196432e-06,0.14123888411367783,0.14123888411367783,0.14123888411367783,0.14123888411367783,0.14123888411367783,0.13037039274906545,0.13037039274906545,0.13037039274906545,0.13037039274906545,0.13037039274906545
near_continuum_states,1,0.12441246792305938,0.12441246792305938,0.12441246792305938,0.12441246792305938,0.12441246792305938,0.02419162619764141,0.02419162619764141,0.02419162619764141,0.02419162619764141,0.02419162619764141,0.6317310814719467,0.6317310814719467,0.6317310814719467,0.6317310814719467,0.6317310814719467,1.0,1.0,1.0,1.0,1.0,1.5047202095885837e-05,1.5047202095885837e-05,1.5047202095885837e-05,1.5047202095885837e-05,1.5047202095885837e-05,0.9951535008069928,0.9951535008069928,0.9951535008069928,0.9951535008069928,0.9951535008069928,0.026011512867379193,0.026011512867379193,0.026011512867379193,0.026011512867379193,0.026011512867379193
nonuniform_resolution,1,0.9952984249582744,0.9952984249582744,0.9952984249582744,0.9952984249582744,0.9952984249582744,0.5482364686232514,0.5482364686232514,0.5482364686232514,0.5482364686232514,0.5482364686232514,0.0752690437966499,0.0752690437966499,0.0752690437966499,0.0752690437966499,0.0752690437966499,1.0,1.0,1.0,1.0,1.0,1.167565315984831e-06,1.167565315984831e-06,1.167565315984831e-06,1.167565315984831e-06,1.167565315984831e-06,0.10102563966314544,0.10102563966314544,0.10102563966314544,0.10102563966314544,0.10102563966314544,0.6917005877861218,0.6917005877861218,0.6917005877861218,0.6917005877861218,0.6917005877861218
random_smooth_potentials,10,0.8363849957204386,0.8523514433003299,0.9619734091902876,0.7834998120727538,0.888747934549449,0.24586234129439669,0.228384617370747,0.39320299747737003,0.18394683937291526,0.29878400736466765,0.16113522777080444,0.15253607483577875,0.2154333978952104,0.14226985156129673,0.1894192350939828,1.0,1.0,1.0,1.0,1.0,1.3304015963777615e-06,1.2916058549361509e-06,1.6077293931937576e-06,1.2176109996828165e-06,1.4080073861943987e-06,0.4871046890812913,0.48362032165573493,0.7683568669632752,0.39582219035274585,0.5680033952058067,0.34781176682832265,0.26991035069482616,0.5591379975096609,0.24672476983488695,0.41806427226693127
seen_basis_reparameterization,16,0.9809675778809264,0.9831469638181257,0.9904364310638047,0.9770361426676202,0.9838687269666713,0.7957745249620959,0.8035209086755768,0.9480066627431637,0.7542492520466221,0.835641356450815,0.17017571284235583,0.1676496157358891,0.20613050453109288,0.16157373674968423,0.17878961925875653,1.0,1.0,1.0,1.0,1.0,1.144270500061384e-06,1.1390586328041685e-06,1.243273621165386e-06,1.121684749479275e-06,1.1631112968210968e-06,0.18087127241141376,0.17363303426308258,0.24201527944900164,0.16699591175209108,0.1968988539797725,1.029545339034839,1.0313859083150667,1.2191788205007508,0.9700717892483713,1.0772623562993913
single_parameter_extrapolation,2,0.9835502097107527,0.9835502097107527,0.9940251718486973,0.971911362890814,0.9951890565306912,3.932804702771886,3.932804702771886,6.813212573998953,0.7323515125195891,7.133257893024183,0.12610331049099924,0.12610331049099924,0.1726635861888042,0.07436967082677148,0.177836950155227,1.0,1.0,1.0,1.0,1.0,1.205716269048196e-06,1.205716269048196e-06,1.259268513886802e-06,1.146213774783078e-06,1.2652187633133138e-06,0.16432815235634166,0.16432815235634166,0.2203708880483344,0.10205844603190525,0.22659785868077806,10.244556854594263,7.69317031218126,13.781726899154696,0.9281074377663295,14.45823318659619
unseen_analytical_functional_forms,48,0.7018630670163165,0.9705635355721828,0.9889321836080857,0.5963466621036427,0.7886171128267365,7.00125031714317,1.248248725345056,26.254630477267447,4.983477808922166,9.05725505950905,0.29326730009430374,0.1803055959855206,0.5693502770652071,0.25385910531678607,0.34029461407143585,1.0,1.0,1.0,1.0,1.0,0.0010353175317840111,1.1699262909004027e-06,0.003791103220657227,0.0006615096810903792,0.001460498274730394,0.5666955117621088,0.2277935295488971,1.3163307104506792,0.44773128483501934,0.7114448972151503,13.56997608850369,1.767744330019511,30.517146617680027,10.438541709667199,17.198251302571247
valid_spatial_reflection,1,0.9701519921174736,0.9701519921174736,0.9701519921174736,0.9701519921174736,0.9701519921174736,5.675003977079931,5.675003977079931,5.675003977079931,5.675003977079931,5.675003977079931,0.17127355720201629,0.17127355720201629,0.17127355720201629,0.17127355720201629,0.17127355720201629,1.0,1.0,1.0,1.0,1.0,1.1237108803463514e-06,1.1237108803463514e-06,1.1237108803463514e-06,1.1237108803463514e-06,1.1237108803463514e-06,0.22194328254605997,0.22194328254605997,0.22194328254605997,0.22194328254605997,0.22194328254605997,11.018530441454157,11.018530441454157,11.018530441454157,11.018530441454157,11.018530441454157
variable_uniform_resolution,1,0.9954397719907053,0.9954397719907053,0.9954397719907053,0.9954397719907053,0.9954397719907053,0.6371890966722348,0.6371890966722348,0.6371890966722348,0.6371890966722348,0.6371890966722348,0.07932178232508967,0.07932178232508967,0.07932178232508967,0.07932178232508967,0.07932178232508967,1.0,1.0,1.0,1.0,1.0,1.0328243721380304e-06,1.0328243721380304e-06,1.0328243721380304e-06,1.0328243721380304e-06,1.0328243721380304e-06,0.09952153849971515,0.09952153849971515,0.09952153849971515,0.09952153849971515,0.09952153849971515,0.7999063543430902,0.7999063543430902,0.7999063543430902,0.7999063543430902,0.7999063543430902
within_range_unseen_parameter_interpolation,1,0.9951891068164087,0.9951891068164087,0.9951891068164087,0.9951891068164087,0.9951891068164087,0.5452292568350762,0.5452292568350762,0.5452292568350762,0.5452292568350762,0.5452292568350762,0.0743696370332312,0.0743696370332312,0.0743696370332312,0.0743696370332312,0.0743696370332312,1.0,1.0,1.0,1.0,1.0,1.1948234950320824e-06,1.1948234950320824e-06,1.1948234950320824e-06,1.1948234950320824e-06,1.1948234950320824e-06,0.10205842913295786,0.10205842913295786,0.10205842913295786,0.10205842913295786,0.10205842913295786,0.6909678743808492,0.6909678743808492,0.6909678743808492,0.6909678743808492,0.6909678743808492
