group_id,family,component,binding_margin_min,tail_max,label_residual_max,model_gram_error,projection_fidelity_min,solver_seconds
fd8d043515dc06ac2b014b2c,infinite_box,analytical,inf,0.0,0.00021913471669684007,1.7205746376258713e-15,0.9999881896525183,0.0648728950000077
17934e5806e50797b4de389d,infinite_box,analytical,inf,0.0,0.00021913471656064706,7.527615683566857e-16,0.9999881896525179,0.0942984270004672
dea2f27c778acfa337dbe49a,infinite_box,analytical,inf,0.0,0.0002191347165346369,8.92650753661628e-16,0.999988189652519,0.09851987099682447
cec36658ac8565d46bd255fa,harmonic,analytical,inf,2.2439288464337587e-13,0.00031820746942369266,1.1171529511508858e-15,0.9999784079057301,0.08904247600003146
7183f46ae4f6809b4a1cca2e,harmonic,analytical,inf,2.2439288476129215e-13,0.00031820746942270463,1.4511023433848416e-15,0.9999784079057314,0.09138093699948513
e51b0c876b7609a9f8ab12c8,harmonic,analytical,inf,2.2439288523716112e-13,0.00031820746942356684,1.255012708474181e-15,0.9999784079057277,0.08867463400019915
162126a16803d72072690eaa,half_harmonic,analytical,inf,3.5983944567140778e-28,9.627673317162913e-05,1.623313502797925e-15,0.9999972965996687,0.15319292899948778
f8613cbc19ec9028c6b6dd33,half_harmonic,analytical,inf,3.533982208138682e-28,9.627673318171487e-05,1.2904723295616351e-15,0.9999972965996676,0.14988164700116613
e830b5f9f34670cfb16b850d,half_harmonic,analytical,inf,3.504698425370568e-28,9.62767331828682e-05,1.6566627726092664e-15,0.9999972965996698,0.15098799699990195
603ec09312511efbe81774c9,morse,analytical,41.275339803501254,7.674720688428407e-16,8.816545465180837e-05,1.2495027588233686e-15,0.9999986914896524,0.20563695300006657
64ec82b41315f1f02b8ab88c,morse,analytical,41.29518591612059,1.7304128222577742e-16,8.562395638712821e-05,9.53877424504758e-16,0.9999987262089325,0.20164759500039509
34d615fc8e4289164d554017,morse,analytical,46.61659255092214,1.829772882418187e-16,8.565286337718002e-05,1.4209068584303583e-15,0.9999987260842806,0.2020043610027642
bde19aec6b730e424e9ed4da,poschl_h,analytical,1.3255857995449576,1.0845121415587123e-10,0.00026073360808859334,1.5367762109531122e-15,0.999997872756955,0.19685210999887204
05e0ced05a4438041fa6b284,poschl_h,analytical,1.0868657192534474,1.0184124074649238e-09,0.00037021152250493804,1.8913306695132872e-15,0.9999976759619253,0.19712373899892555
0e4d6bcc05e131ec8de7ea20,poschl_h,analytical,1.4167066018924128,1.621852535107125e-10,0.00027967655517582775,1.1750429515389384e-15,0.9999978260885389,0.1983955089999654
59f95cefab35d35d9c096812,poschl_t,analytical,inf,0.0,0.0004583350101737936,1.9213720715501487e-15,0.9999956172222852,0.14231520199973602
5863819323742ff19490b372,poschl_t,analytical,inf,0.0,0.0002622303594322719,1.4461114535379549e-15,0.9999946808506336,0.14413415099988924
46fa9383f6d1d06ebea1247d,poschl_t,analytical,inf,0.0,0.0005627643855261719,1.599119446881914e-15,0.9999957380976677,0.14172156299900962
b058b3af0541f532568d06d2,radial_coulomb,analytical,0.010308690008758337,1.2892043098856079e-12,0.009407326917119766,1.0676171194722776e-15,0.9999996809665382,0.32270702899768366
0afed2617c23430c1d1bfa31,radial_coulomb,analytical,0.0055312067365029804,4.14952281726131e-17,0.001683480866209944,1.3203132700366885e-15,0.9999993670122291,0.39489403900006437
41899d2df9c8edac12f02fbd,radial_coulomb,analytical,0.004917200126074217,6.676509777684702e-16,0.03190652521712009,1.3322676295501878e-15,0.9999995090557355,0.3987228639998648
e17d46041d2480af76206bb9,radial_oscillator,analytical,inf,2.494052287371169e-32,0.0010520157801127495,1.4833168925118568e-15,0.9999980911881757,0.17665587800001958
2c71c563f315d83448c59840,radial_oscillator,analytical,inf,3.8684228196204406e-33,0.001052015780113716,1.291354748998189e-15,0.9999980911881748,0.17603910699835978
9549789e5819c1d9fa42d519,radial_oscillator,analytical,inf,7.43310171842376e-32,8.207797877263229e-05,1.8830187793787016e-15,0.9999984153485407,0.18466589200033923
8a8ee8193efc9d9a5b6d1211,kratzer,analytical,0.9529669418736004,4.828386224513968e-21,0.0004722872491071682,1.4764559714676829e-15,0.9999988053342128,0.20521357400139095
464e63df9f2d99e5ce6b929d,kratzer,analytical,0.5673968348083038,3.23363170648927e-20,0.0005803726067549507,1.2341374538760614e-15,0.9999989306330316,0.20467864500096766
240c21a9c8f22d0a7e2e1257,kratzer,analytical,0.546502392345225,2.8896215845941275e-20,0.0005743362349684698,1.2422616362321858e-15,0.9999989243776254,0.2020707850024337
29a3985d0b8c448fd3d9c9f4,anharmonic_polynomial,functional,inf,3.3585338570562972e-18,0.00042528735595880935,1.5953943552077113e-15,0.999980134433906,0.1157561629988777
27255fd038c4523d298870ad,anharmonic_polynomial,functional,inf,1.850054515149811e-21,0.00044126210301885505,1.2668880064398336e-15,0.9999829006307992,0.11820139400151675
8e6039c19ac0a51c335cbbe5,anharmonic_polynomial,functional,inf,2.6823509771313782e-14,0.0004573582093814528,1.2567385198284189e-15,0.999982238108153,0.1097143769984541
23f18d0fecfd161f335e848f,asymmetric_well,functional,inf,0.0004268429209858427,0.0008669923111785224,1.0818546105615013e-15,0.9999711334603141,0.10223152199978358
487644a7da6a1b2af46e7a4f,asymmetric_well,functional,inf,2.6063015660403744e-05,0.001188632821893849,1.0190369811208497e-15,0.999977523316344,0.09409999800118385
8c4a5e97d3047c067e78f5a9,asymmetric_well,functional,inf,2.1994772183025873e-08,0.0003535584346782309,9.807807149448146e-16,0.9999747269907401,0.09982271600165404
564dcd463b0547db83a50d6f,double_well,functional,inf,5.373898635281706e-31,0.0006432697922925736,1.2743600109577433e-15,0.999981352186134,0.11650807300247834
c484352c7d6775fd0913eca5,double_well,functional,inf,1.5997226060120166e-31,0.0006008329024091267,1.885385848330606e-15,0.9999847502637047,0.11399711200283491
6f0d4a48acc0def46741d821,double_well,functional,inf,8.435591482612016e-32,0.0006732773107661678,1.585812135650872e-15,0.9999812014824576,0.17177847000129987
d2ae381416e8035414225fcf,multiwell,functional,inf,0.0007418188166800953,0.000978170825821641,1.0990825348353916e-15,0.9999433544216697,0.12482998999985284
489e916b319c630cf2591405,multiwell,functional,inf,1.1294071636237846e-07,0.0006197635661810305,1.6547994991763402e-15,0.9999728777411881,0.14829092500076513
a797a0c6ca9dccba6e40838a,multiwell,functional,inf,1.2872612988037354e-07,0.0003256257933565087,2.4763563254486486e-15,0.9999771041027824,0.14748328900168417
ea6f18fa3a748b314b2b36a7,single_barrier,functional,inf,1.2026572245975123e-05,0.00039601673076605955,1.3799168400822675e-15,0.9999683618233158,0.09650742299709236
a805aba93f0a3770bc29a284,single_barrier,functional,inf,4.748450544937766e-08,0.0005265878274273372,1.1993455594554537e-15,0.9999779759526065,0.09716957699856721
7202672589a2c326a9611329,single_barrier,functional,inf,2.7554073347656784e-07,0.0007988177077327495,1.1899020271083257e-15,0.9999768090089676,0.09794220899857464
d62e9d5be2789dbb7eb1154d,multiple_barriers,functional,inf,2.6069589529286102e-06,0.00046327361418974637,1.7795638101683084e-15,0.9999754346194288,0.11764895300075295
faeb700e92c34791792f08b9,multiple_barriers,functional,inf,0.0001752217376259326,0.0004953335357587919,1.7011579512426798e-15,0.9999697207354665,0.11584576799941715
967fa3841f3a61cac20137e5,multiple_barriers,functional,inf,5.052405027485522e-06,0.002413793235112213,1.6846472746934352e-15,0.9999676693549289,0.11142809200100601
8070cabd8379b6f8b809a15c,gaussian_well,functional,inf,6.4277710130199456e-12,0.032586800344900434,1.7275225250855037e-15,0.9999566756764634,0.12629466300131753
4ff5c6f30f9f0965db57b28f,gaussian_well,functional,inf,9.88371342551435e-13,0.01480251057132031,1.1058158195876749e-15,0.9999688961155612,0.1189712449995568
73e9a743ff5d0a34712d7246,gaussian_well,functional,inf,1.3369961449605174e-15,0.001173470866859211,1.239426027801495e-15,0.9999721831604125,0.126105588999053
2b8454960e5ef2dc4ab42205,gaussian_barrier,functional,inf,1.2014855250947014e-06,0.00037133745981824626,8.800586110248857e-16,0.9999780303901546,0.09774638399903779
93471e5319e464ee22746423,gaussian_barrier,functional,inf,0.00012903729967891217,0.0004297337148457825,1.2560197043481819e-15,0.9999693056285203,0.08063178999873344
14c5ea0be9b54e81367cf4a9,gaussian_barrier,functional,inf,2.028148403510174e-06,0.00038974031059199886,1.4662021195596654e-15,0.99996812462791,0.09468522099996335
e1119b1bd7959ed1c9eba23b,localized_defect,functional,inf,7.924045838853056e-07,0.006145618060926243,1.6774019094328229e-15,0.9999984399276494,0.1063262579991715
43e201503e7666068ed6213c,localized_defect,functional,inf,6.163861129696378e-05,0.004804882483408423,1.6249264107954732e-15,0.9999661284114841,0.10050065500035998
28855a5d3a96a8718654d4c6,localized_defect,functional,inf,5.504845987899944e-09,0.011684103024193827,1.4773814162628173e-15,0.9999768769875355,0.10128936700129998
cc9e1528709faf771cc46f07,harmonic_compact,functional,inf,3.633778573186021e-07,0.00033764337172816566,1.3212420426074217e-15,0.9999768414308379,0.11476978100108681
2b7b19457edea386e4683870,harmonic_compact,functional,inf,0.00035891338527609725,0.00512182311830883,9.268490471625303e-16,0.9999776136868136,0.10455231300147716
47046133e52c50e71b7051e0,harmonic_compact,functional,inf,1.5708575934043353e-06,0.0037824754347708925,9.626360666857312e-16,0.9999969595087462,0.1108033999989857
ad2b9610606ba4437b564242,fourier_random,functional,inf,3.3676675541707595e-06,0.0011490266170478753,1.5515568085937127e-15,0.9999701472790221,0.17526572000133456
49d7d9686c55a6e7e539492a,fourier_random,functional,inf,1.7088610071600164e-05,0.0016055734695082182,1.1908586605942198e-15,0.9999779874026111,0.16419721100101015
b12819fe8a205a76e5e62933,fourier_random,functional,inf,7.119076728470714e-10,0.004965330046974091,1.6145090598946074e-15,0.9999769270948289,0.20459096700142254
ef727abc86dd0c71efd3f578,chebyshev_random,functional,inf,3.038578370182566e-08,0.0003695507901475598,1.8635173308973076e-15,0.9999783533227916,0.14692759700119495
fdb8fdf4a851fca136f46e86,chebyshev_random,functional,inf,8.336749873726064e-08,0.00033307113635991766,1.0335607038325058e-15,0.9999752589474937,0.14845448900086922
cedc133a5a138e433f8ee97b,chebyshev_random,functional,inf,0.0005628152381390328,0.0002930330568929328,1.8123290581207197e-15,0.999978227717263,0.12704412899984163
13f12eff29edb0c8a52fa91b,gaussian_random_field,functional,inf,6.584019663964769e-06,0.0028763193882227933,1.453337160713037e-15,0.9999692502273626,0.16303540899752988
9b3139d61f503a1b3d81558a,gaussian_random_field,functional,inf,1.5775497818004273e-07,0.0020715953749574616,1.4545928011120627e-15,0.9999752553848967,0.2024253769995994
69dfc5a605eb4251ec626b1d,gaussian_random_field,functional,inf,6.577995809086889e-11,0.0043903594004482335,1.4470699812894648e-15,0.9999757070341426,0.2262939939973876
b509266d717abde6296da5f0,reflected_potential,functional,inf,0.00015904816741576367,0.01300727483011082,1.3891824309649534e-15,0.9999771980679591,0.11536795899883145
47cfcfccc354acc52f9f57a7,reflected_potential,functional,inf,0.0007756859958211906,0.009438548963095464,1.0757531941989326e-15,0.9999983404048216,0.11537762999796541
ee016d3fa180faff6e1afed9,reflected_potential,functional,inf,0.003487609023776201,0.010457512972530888,9.79965875873456e-16,0.9999797387199584,0.11438390700277523
ce2c673ac31fa8164547a4fa,smooth_perturbed,functional,inf,1.1848209475038839e-07,0.001326523761366209,1.1301838705502769e-15,0.9999763481270497,0.11144191100174794
4e9602af81d32ebec5bfed39,smooth_perturbed,functional,inf,9.988368000599766e-08,0.0003233848136292281,1.5485109566656366e-15,0.9999749443433503,0.10861662300158059
5f276e725104da82364f3719,smooth_perturbed,functional,inf,1.7120048619454217e-07,0.00033447378510617393,1.149965261334571e-15,0.9999769175691098,0.10868424999716808
da083699b9851113a2d42e1b,composite_confining,functional,inf,1.4809246097778296e-19,0.0009144245511678019,1.2983316786830608e-15,0.9999785251244055,0.17513978800343466
2cc430c128e823850c4c1223,composite_confining,functional,inf,1.5500180952951466e-20,0.0004914405764987843,1.5707812030145444e-15,0.9999782846886871,0.22669785000107368
b25e11cdb4957be9395398da,composite_confining,functional,inf,3.3471837025416984e-17,0.0004165276715075366,1.380340210660097e-15,0.9999658758671437,0.1582993970005191
1831e9f38bbba2a0ca64be2d,procedural_composite,functional,inf,2.678559427746496e-10,0.0037787857712292252,1.4538164065638435e-15,0.9999661966276062,0.20648708199951216
5ccdcb824960bb83ef4b75cb,procedural_composite,functional,inf,1.775677702353781e-24,0.008300762050184247,1.2285873904029606e-15,0.9999804913786586,0.255299684999045
490d6e0aa1d663bcca6480f3,procedural_composite,functional,inf,1.6955395900021318e-14,0.001564196672165798,1.1984463202957286e-15,0.9999783055956047,0.21911889799957862
80a71395e6ddc51af5335fcd,asymptotically_constant,functional,5.108669104537819,9.016856312985958e-14,0.00011059615289811531,1.3512585325866144e-15,0.9999982470448335,0.2308859860022494
420ab18ba97c730c11bc06d5,asymptotically_constant,functional,3.2624738003656777,3.4983249637803415e-12,0.0001671314225577965,1.4841881014426232e-15,0.9999980793076012,0.2297862220002571
0267db3440c5adca80d4d099,asymptotically_constant,functional,4.583777374892472,7.9792498057564e-13,0.00013447904379164773,1.3442075189701674e-15,0.999998175783131,0.2257006639993051
