group_id,family,policy,original_domain,base_selected_domain,base_selected_width,selected_domain,original_width,selected_width,retained_domain_fraction,requested_spatial_expansion,actual_expansion_factor,spectral_proxy,potential_floor,potential_ceiling,occupancy_fraction,resolution_scale,reference_nodes_after_scaling,model_nodes_requested_after_scaling,diagnostic_highest_energy_fraction,diagnostic_highest_state_mass,diagnostic_highest_state_support,diagnostic_highest_state_domain_fraction,diagnostic_outer_tail_mass_max,diagnostic_retained_mass_lower_bound
fd8d043515dc06ac2b014b2c,infinite_box,potential_only_weyl_window_v2_geometry_aware_expansion,"[0.0, 10.317039962857962]","[0.0, 10.317039962857962]",10.317039962857962,"[0.0, 10.317039962857962]",10.317039962857962,10.317039962857962,1.0,0.6,1.0,5.111379446885588,0.0,7.301970638407984,0.7,1.0,513,129,0.7685456670749014,0.99,"[0.16120374941965565, 10.155836213438306]",0.96875,0.0,1.0
17934e5806e50797b4de389d,infinite_box,potential_only_weyl_window_v2_geometry_aware_expansion,"[0.0, 9.120078161358833]","[0.0, 9.120078161358833]",9.120078161358833,"[0.0, 9.120078161358833]",9.120078161358833,9.120078161358833,1.0,0.6,1.0,6.541106604378441,0.0,9.344438006254915,0.7,1.0,513,129,0.7685456670746922,0.99,"[0.14250122127123177, 8.977576940087602]",0.96875,0.0,1.0
dea2f27c778acfa337dbe49a,infinite_box,potential_only_weyl_window_v2_geometry_aware_expansion,"[0.0, 8.6381472684443]","[0.0, 8.6381472684443]",8.6381472684443,"[0.0, 8.6381472684443]",8.6381472684443,8.6381472684443,1.0,0.6,1.0,7.291336473156081,0.0,10.416194961651545,0.7,1.0,513,129,0.7685456670746497,0.99,"[0.13497105106944218, 8.503176217374858]",0.96875,0.0,1.0
cec36658ac8565d46bd255fa,harmonic,potential_only_weyl_window_v2_geometry_aware_expansion,"[-8.208515592296386, 7.597696099807288]","[-6.388684402716484, 5.777864910227384]",12.166549312943868,"[-8.208515592296386, 7.597696099807288]",15.806211692103673,15.806211692103673,1.0,0.6,1.2991532180194763,12.14594472115731,0.0,17.3513496016533,0.7,1.2991532180194763,667,168,0.7002218842106543,0.99,"[-4.928143803486989, 4.317324310997892]",0.584926248906539,2.2439288464337587e-13,0.9999999999997756
7183f46ae4f6809b4a1cca2e,harmonic,potential_only_weyl_window_v2_geometry_aware_expansion,"[-8.943607563377086, 9.660351025909844]","[-6.801660792706489, 7.518404255239249]",14.320065047945738,"[-8.943607563377086, 9.660351025909844]",18.60395858928693,18.60395858928693,1.0,0.6,1.2991532180194763,8.767507785606844,3.8672941159029215e-32,12.525011122295492,0.7,1.2991532180194763,667,168,0.7002218842106555,0.99,"[-5.082600124955716, 5.799343587488476]",0.5849262489065391,2.2439288476129215e-13,0.9999999999997756
e51b0c876b7609a9f8ab12c8,harmonic,potential_only_weyl_window_v2_geometry_aware_expansion,"[-8.868744045932507, 8.583189920772528]","[-6.859434391616988, 6.57388026645701]",13.433314658073998,"[-8.868744045932507, 8.583189920772528]",17.451933966705035,17.451933966705035,1.0,0.6,1.2991532180194763,9.963221059485917,5.861093197261661e-32,14.23317294212274,0.7,1.2991532180194763,667,168,0.7002218842106529,0.99,"[-5.246824198234686, 4.961270073074708]",0.5849262489065391,2.2439288523716112e-13,0.9999999999997756
162126a16803d72072690eaa,half_harmonic,potential_only_weyl_window_v2_geometry_aware_expansion,"[0.0, 10.928400745393631]","[0.0, 8.43085592076956]",8.43085592076956,"[0.0, 10.928400745393631]",10.928400745393631,10.928400745393631,1.0,0.6,1.2962385845630842,25.32025460607213,0.0,36.17179229438876,0.7,1.2962385845630842,1329,333,0.716726032665248,0.99,"[0.1146141608150225, 6.346312992741155]",0.5702297140368705,3.5983944567140778e-28,1.0
f8613cbc19ec9028c6b6dd33,half_harmonic,potential_only_weyl_window_v2_geometry_aware_expansion,"[0.0, 13.408447973094702]","[0.0, 10.34412039016275]",10.34412039016275,"[0.0, 13.408447973094702]",13.408447973094702,13.408447973094702,1.0,0.6,1.2962385845630842,16.819933346853286,0.0,24.028476209790412,0.7,1.2962385845630842,1329,333,0.7167260326652509,0.99,"[0.14062423661722925, 7.786519689993277]",0.5702297140368704,3.533982208138682e-28,1.0
e830b5f9f34670cfb16b850d,half_harmonic,potential_only_weyl_window_v2_geometry_aware_expansion,"[0.0, 12.327875584159598]","[0.0, 9.510498862610918]",9.510498862610918,"[0.0, 12.327875584159598]",12.327875584159598,12.327875584159598,1.0,0.6,1.2962385845630842,19.8977883679849,0.0,28.425411954264145,0.7,1.2962385845630842,1329,333,0.7167260326652563,0.99,"[0.1292914807599842, 7.159012449797429]",0.5702297140368705,3.504698425370568e-28,1.0
603ec09312511efbe81774c9,morse,potential_only_weyl_window_v2_geometry_aware_expansion,"[-7.787773850373924, 31.212226149626076]","[-2.4670653802611517, 6.976759604891571]",9.443824985152723,"[-5.300212875806968, 9.809907100437387]",39.0,15.110119976244356,0.38743897374985525,0.6,1.5999999999999999,21.659341989150747,1.7078235448066594e-06,30.941916395433836,0.7,1.5999999999999999,1640,411,0.7000492617513793,0.99,"[-1.2097336784847617, 6.0074492910956465]",0.4776390247679721,7.674720688428407e-16,0.9999999999999992
64ec82b41315f1f02b8ab88c,morse,potential_only_weyl_window_v2_geometry_aware_expansion,"[-8.100012668408453, 30.899987331591547]","[-3.280800051247703, 7.201445996447647]",10.48224604769535,"[-6.425473865556308, 10.346119810756251]",39.0,16.77159367631256,0.4300408634951938,0.6,1.5999999999999999,17.3745405856729,3.475779966504781e-08,24.820772250350803,0.7,1.5999999999999999,1640,411,0.7000469611882915,0.99,"[-1.88521507563578, 6.085183533783601]",0.4752320359797657,1.7304128222577742e-16,0.9999999999999998
34d615fc8e4289164d554017,morse,potential_only_weyl_window_v2_geometry_aware_expansion,"[-7.649220374412835, 31.350779625587165]","[-2.5769266390464427, 7.269146600316841]",9.846073239363283,"[-5.530748610855428, 10.222968572125826]",39.0,15.753717182981253,0.40394146623028854,0.6,1.5999999999999999,19.69708105281722,1.301753099872354e-06,28.138686660416134,0.7,1.5999999999999999,1640,411,0.7000521872345848,0.99,"[-1.2660404206628213, 6.22063067045478]",0.47523203597976577,1.829772882418187e-16,0.9999999999999998
bde19aec6b730e424e9ed4da,poschl_h,potential_only_weyl_window_v2_geometry_aware_expansion,"[-49.73123048107677, 49.05037157844358]","[-10.15667850513166, 9.47581960249847]",19.63249810763013,"[-16.0464279374207, 15.365569034787509]",98.78160205952035,31.411996972208208,0.31799440702815357,0.6,1.5999999999999999,-1.3233469925798533,-7.920186424303577,1.5038699067303147,0.7,1.5999999999999999,1640,411,0.6997624370136952,0.99,"[-8.293499648576379, 7.612640745943189]",0.5063715117696127,1.0845121415587123e-10,0.9999999998915488
05e0ced05a4438041fa6b284,poschl_h,potential_only_weyl_window_v2_geometry_aware_expansion,"[-43.91104085027834, 44.70001226134261]","[-9.033148645545113, 9.82212005660938]",18.855268702154493,"[-14.68972925619146, 15.478700667255728]",88.61105311162095,30.16842992344719,0.34045899313988326,0.6,1.5999999999999999,-1.0843257806915112,-8.752808147302984,2.2021666621419786,0.7,1.5999999999999999,1640,411,0.6997681474758164,0.99,"[-7.390490137349392, 8.179461548413661]",0.5161008287561542,1.0184124074649238e-09,0.9999999989815876
0e4d6bcc05e131ec8de7ea20,poschl_h,potential_only_weyl_window_v2_geometry_aware_expansion,"[-45.97676112810022, 45.748721587749785]","[-9.36310285887941, 9.135063318528973]",18.498166177408383,"[-14.912552712101924, 14.684513171751487]",91.72548271585,29.59706588385341,0.32267004770680907,0.6,1.5999999999999999,-1.414180669051484,-8.961515636114116,1.8203914596896436,0.7,1.5999999999999999,1640,411,0.6997657248556787,0.99,"[-7.60757526795106, 7.379535727600622]",0.5063715117696127,1.621852535107125e-10,0.9999999998378147
59f95cefab35d35d9c096812,poschl_t,potential_only_weyl_window_v2_geometry_aware_expansion,"[0.0, 8.165865717150004]","[0.0, 8.165865717150004]",8.165865717150004,"[0.0, 8.165865717150004]",8.165865717150004,8.165865717150004,1.0,0.6,1.0,11.461362315104326,0.2798784650429927,16.25342682227347,0.7,1.0,1025,257,0.7074920165322186,0.99,"[0.41370535343082454, 7.815589909766772]",0.9064421106987423,0.0,1.0
5863819323742ff19490b372,poschl_t,potential_only_weyl_window_v2_geometry_aware_expansion,"[0.0, 9.503735789757016]","[0.0, 9.503735789757016]",9.503735789757016,"[0.0, 9.503735789757016]",9.503735789757016,9.503735789757016,1.0,0.6,1.0,9.535688875081473,0.4015368538636252,13.450325455603409,0.7,1.0,1025,257,0.7052230827892824,0.99,"[0.588898540608165, 8.969814109292974]",0.8818548572991302,0.0,1.0
46fa9383f6d1d06ebea1247d,poschl_t,potential_only_weyl_window_v2_geometry_aware_expansion,"[0.0, 8.809256993983437]","[0.0, 8.809256993983437]",8.809256993983437,"[0.0, 8.809256993983437]",8.809256993983437,8.809256993983437,1.0,0.6,1.0,9.682147009110937,0.215123076335851,13.73944298030026,0.7,1.0,1025,257,0.7079409671172693,0.99,"[0.37787415479210995, 8.386365498458638]",0.9090995244134871,0.0,1.0
b058b3af0541f532568d06d2,radial_coulomb,potential_only_weyl_window_v2_geometry_aware_expansion,"[0.0, 1072.474406161609]","[0.0, 199.30205297560943]",199.30205297560943,"[0.0, 318.88328476097513]",1072.474406161609,318.88328476097513,0.29733416753716285,0.6,1.6000000000000003,-0.011314360440291906,-2315040.479736827,992160.1894381256,0.7,1.6000000000000003,1640,411,0.700000000304085,0.99,"[7.099385927984713, 179.90223236498997]",0.5418999825172174,1.2892043098856079e-12,0.9999999999987108
0afed2617c23430c1d1bfa31,radial_coulomb,potential_only_weyl_window_v2_geometry_aware_expansion,"[0.0, 1730.3240180719333]","[0.0, 346.78881933610245]",346.78881933610245,"[0.0, 554.862110937764]",1730.3240180719333,554.862110937764,0.32066948452581506,0.6,1.6,-0.005574872278556245,-0.15580916842391104,0.05881125464088155,0.7,1.6,1640,411,0.7002034547385085,0.99,"[10.661267315064942, 281.4518867023593]",0.48803227693748136,4.14952281726131e-17,1.0
41899d2df9c8edac12f02fbd,radial_coulomb,potential_only_weyl_window_v2_geometry_aware_expansion,"[0.0, 1694.0132443109662]","[0.0, 339.5114711456882]",339.5114711456882,"[0.0, 543.2183538331011]",1694.0132443109662,543.2183538331011,0.320669484525815,0.6,1.6,-0.004988715196785826,-0.35406767375937104,0.14461655275860785,0.7,1.6,1640,411,0.7001434075250604,0.99,"[12.442240757942008, 279.84536142477555]",0.49225715364726197,6.676509777684702e-16,0.9999999999999993
e17d46041d2480af76206bb9,radial_oscillator,potential_only_weyl_window_v2_geometry_aware_expansion,"[0.0, 15.554071205468034]","[0.0, 10.614655058261931]",10.614655058261931,"[0.0, 15.554071205468034]",15.554071205468034,15.554071205468034,1.0,0.6,1.4653392993078471,18.159073815475068,1.1457319405360757,25.45050604759178,0.7,1.4653392993078471,1502,377,0.7029140479320884,0.99,"[0.27504794317048215, 7.902017388110684]",0.4903519692168402,2.494052287371169e-32,1.0
2c71c563f315d83448c59840,radial_oscillator,potential_only_weyl_window_v2_geometry_aware_expansion,"[0.0, 13.57652560083061]","[0.0, 9.265107137468762]",9.265107137468762,"[0.0, 13.57652560083061]",13.57652560083061,13.57652560083061,1.0,0.6,1.4653392993078473,23.83441922074173,1.5038132265346675,33.404678932544755,0.7,1.4653392993078473,1502,377,0.7029140479320852,0.99,"[0.24007833014144211, 6.897354393631576]",0.4903519692168402,3.8684228196204406e-33,1.0
9549789e5819c1d9fa42d519,radial_oscillator,potential_only_weyl_window_v2_geometry_aware_expansion,"[0.0, 12.989530835162451]","[0.0, 8.584949670369335]",8.584949670369335,"[0.0, 12.989530835162451]",12.989530835162451,12.989530835162451,1.0,0.6,1.5130584725493943,24.39437572214204,0.0,34.849108174488634,0.7,1.5130584725493943,1551,389,0.7167147097561232,0.99,"[0.11812272633474197, 6.477853763555213]",0.48960436815814634,7.43310171842376e-32,1.0
8a8ee8193efc9d9a5b6d1211,kratzer,potential_only_weyl_window_v2_geometry_aware_expansion,"[0.0, 171.76273185158476]","[0.0, 33.65752402544036]",33.65752402544036,"[0.0, 53.852038440704575]",171.76273185158476,53.852038440704575,0.313525744846889,0.6,1.6,-0.9552436669913643,-6.636301352558436,1.4794953411088096,0.7,1.6,1640,411,0.7002805300827138,0.99,"[1.1920489889224373, 26.57170420241404]",0.4712849494348602,4.828386224513968e-21,1.0
464e63df9f2d99e5ce6b929d,kratzer,potential_only_weyl_window_v2_geometry_aware_expansion,"[0.0, 211.54948144101695]","[0.0, 41.67277846118278]",41.67277846118278,"[0.0, 66.67644553789245]",211.54948144101695,66.67644553789245,0.31518132346017025,0.6,1.6,-0.5690251383795454,-4.730636118070142,1.214522424344997,0.7,1.6,1640,411,0.7002738873252284,0.99,"[1.3343222057672226, 33.12839623896677]",0.47684116597263526,3.23363170648927e-20,1.0
240c21a9c8f22d0a7e2e1257,kratzer,potential_only_weyl_window_v2_geometry_aware_expansion,"[0.0, 216.0762234005744]","[0.0, 42.564493787292776]",42.564493787292776,"[0.0, 68.10319005966845]",216.0762234005744,68.10319005966845,0.31518132346017025,0.6,1.6000000000000003,-0.5480629704513592,-4.515022085035538,1.1520623643704324,0.7,1.6000000000000003,1640,411,0.7002753758339171,0.99,"[1.3628740711524368, 33.83727862566072]",0.4768411659726352,2.8896215845941275e-20,1.0
29a3985d0b8c448fd3d9c9f4,anharmonic_polynomial,potential_only_weyl_window_v2_geometry_aware_expansion,"[-12.0, 12.0]","[-9.361707821892436, 7.6648964017159305]",17.026604223608366,"[-12.0, 12.0]",24.0,24.0,1.0,0.6,1.4095588107182653,5.488454904195752,3.52612545187797e-08,7.840649848024823,0.7,1.4095588107182653,723,182,0.7004226159189373,0.99,"[-7.218511476150285, 5.480142598540429]",0.5291105864454464,3.3585338570562972e-18,1.0
27255fd038c4523d298870ad,anharmonic_polynomial,potential_only_weyl_window_v2_geometry_aware_expansion,"[-12.0, 12.0]","[-7.596013766118461, 9.045376855260074]",16.641390621378534,"[-12.0, 12.0]",24.0,24.0,1.0,0.6,1.442187167289262,5.62786152710921,1.260135607654323e-07,8.039802127578774,0.7,1.442187167289262,740,186,0.7004458694746959,0.99,"[-5.473920700316942, 6.900959488425926]",0.5156200078642862,1.850054515149811e-21,1.0
8e6039c19ac0a51c335cbbe5,anharmonic_polynomial,potential_only_weyl_window_v2_geometry_aware_expansion,"[-12.0, 12.0]","[-9.941638290324317, 8.175598877440045]",18.11723716776436,"[-12.0, 12.0]",24.0,24.0,1.0,0.6,1.3247052946186917,4.757509284435036,4.324513812014097e-08,6.796441816373564,0.7,1.3247052946186917,680,171,0.7004458783192904,0.99,"[-7.69855723600813, 5.807861287631368]",0.5627674384849791,2.6823509771313782e-14,0.9999999999999731
23f18d0fecfd161f335e848f,asymmetric_well,potential_only_weyl_window_v2_geometry_aware_expansion,"[-12.0, 12.0]","[-12.0, 7.91748287021369]",19.91748287021369,"[-12.0, 12.0]",24.0,24.0,1.0,0.6,1.2049715396462901,3.7277982426835723,-1.2998928182307141,5.882522983075409,0.7,1.2049715396462901,618,156,0.7002936382460894,0.99,"[-10.177894448624375, 5.603482216876458]",0.6575573610625347,0.0004268429209858427,0.9995731570790142
487644a7da6a1b2af46e7a4f,asymmetric_well,potential_only_weyl_window_v2_geometry_aware_expansion,"[-12.0, 12.0]","[-10.38273015113301, 11.989045650555816]",22.371775801688827,"[-12.0, 12.0]",24.0,24.0,1.0,0.6,1.0727802840840315,3.624764200180091,-0.29464309711524095,5.304510184735234,0.7,1.0727802840840315,551,139,0.7002121821410756,0.99,"[-7.565898278023271, 9.334954050581214]",0.7042021803585202,2.6063015660403744e-05,0.9999739369843396
8c4a5e97d3047c067e78f5a9,asymmetric_well,potential_only_weyl_window_v2_geometry_aware_expansion,"[-12.0, 12.0]","[-10.91160151854453, 9.813898893718235]",20.725500412262765,"[-12.0, 12.0]",24.0,24.0,1.0,0.6,1.1579937527491397,4.056217632357954,-0.7130242979484358,6.100178459632121,0.7,1.1579937527491397,594,150,0.7002335793720266,0.99,"[-8.395148028837326, 7.337354591305445]",0.6555209425059488,2.1994772183025873e-08,0.9999999780052278
564dcd463b0547db83a50d6f,double_well,potential_only_weyl_window_v2_geometry_aware_expansion,"[-12.0, 12.0]","[-7.891759870329484, 7.76740211747925]",15.659161987808734,"[-12.0, 12.0]",24.0,24.0,1.0,0.6,1.5326490663219994,5.62560917220576,-0.16252630892583858,8.106238664119301,0.7,1.5326490663219994,786,198,0.7005276021260326,0.99,"[-5.812078395427019, 5.692940828067073]",0.47937580097892046,5.373898635281706e-31,1.0
c484352c7d6775fd0913eca5,double_well,potential_only_weyl_window_v2_geometry_aware_expansion,"[-12.0, 12.0]","[-7.974783946950765, 8.048735640220833]",16.0235195871716,"[-12.0, 12.0]",24.0,24.0,1.0,0.6,1.4977982751813377,5.405924989140445,-0.07238917663489396,7.753773917329876,0.7,1.4977982751813377,768,193,0.7005241418472099,0.99,"[-5.920672517433845, 5.920672517433847]",0.4933893764528205,1.5997226060120166e-31,1.0
6f0d4a48acc0def46741d821,double_well,potential_only_weyl_window_v2_geometry_aware_expansion,"[-12.0, 12.0]","[-8.261941032529082, 8.15311077781587]",16.415051810344952,"[-12.0, 12.0]",24.0,24.0,1.0,0.6,1.462072753548967,5.128796445225563,-0.12825960279550053,7.38182046580602,0.7,1.462072753548967,750,189,0.7005406296774982,0.99,"[-6.062841693143353, 5.936417969184593]",0.49996915259699776,8.435591482612016e-32,1.0
d2ae381416e8035414225fcf,multiwell,potential_only_weyl_window_v2_geometry_aware_expansion,"[-12.0, 12.0]","[-12.0, 12.0]",24.0,"[-12.0, 12.0]",24.0,24.0,1.0,0.6,1.0,4.020038191091574,-0.11220653810848899,5.791000217891601,0.7,1.0,513,129,0.7062060445421323,0.99,"[-5.554228938247561, 10.279038647812477]",0.6597194827525016,0.0007418188166800953,0.9992581811833199
489e916b319c630cf2591405,multiwell,potential_only_weyl_window_v2_geometry_aware_expansion,"[-12.0, 12.0]","[-11.025820456294928, 9.7774565868045]",20.803277043099428,"[-12.0, 12.0]",24.0,24.0,1.0,0.6,1.1536643938489943,3.9141999951513426,-1.5521238966710138,6.256910234503781,0.7,1.1536643938489943,592,149,0.7001533744585817,0.99,"[-8.556570766615948, 7.482584989565428]",0.6682981565075573,1.1294071636237846e-07,0.9999998870592837
a797a0c6ca9dccba6e40838a,multiwell,potential_only_weyl_window_v2_geometry_aware_expansion,"[-12.0, 12.0]","[-9.892202487833146, 11.114236590593045]",21.00643907842619,"[-12.0, 12.0]",24.0,24.0,1.0,0.6,1.1425068242360137,4.2907937714078965,0.15060435729931868,6.065160663168716,0.7,1.1425068242360137,586,148,0.70031181380026,0.99,"[-7.281513827684048, 8.535254890732318]",0.6590320299340152,1.2872612988037354e-07,0.9999998712738701
ea6f18fa3a748b314b2b36a7,single_barrier,potential_only_weyl_window_v2_geometry_aware_expansion,"[-12.0, 12.0]","[-10.629931594837396, 11.99333886910433]",22.623270463941726,"[-12.0, 12.0]",24.0,24.0,1.0,0.6,1.0608545761874961,3.8564480856756482,0.2333088294596592,5.409222052625358,0.7,1.0608545761874961,545,137,0.7003306424806115,0.99,"[-7.890966808784007, 9.298541514084256]",0.7162295134528444,1.2026572245975123e-05,0.999987973427754
a805aba93f0a3770bc29a284,single_barrier,potential_only_weyl_window_v2_geometry_aware_expansion,"[-12.0, 12.0]","[-11.041854575997837, 10.807387513420588]",21.849242089418425,"[-12.0, 12.0]",24.0,24.0,1.0,0.6,1.0984362707767876,4.457826647288852,0.18773534173108536,6.287865778242181,0.7,1.0984362707767876,564,142,0.6992444973761139,0.99,"[-8.40158732009701, 8.021765680891164]",0.6843063750411739,4.748450544937766e-08,0.9999999525154946
7202672589a2c326a9611329,single_barrier,potential_only_weyl_window_v2_geometry_aware_expansion,"[-12.0, 12.0]","[-10.663815148955461, 11.273174386579871]",21.936989535535332,"[-12.0, 12.0]",24.0,24.0,1.0,0.6,1.094042551331979,4.034384152312214,0.2272417657624946,5.666016603690665,0.7,1.094042551331979,562,142,0.7007308945791763,0.99,"[-8.021765680891164, 8.594542994040573]",0.6923461947888224,2.7554073347656784e-07,0.9999997244592665
d62e9d5be2789dbb7eb1154d,multiple_barriers,potential_only_weyl_window_v2_geometry_aware_expansion,"[-12.0, 12.0]","[-11.780135905697822, 10.087926557889244]",21.868062463587066,"[-12.0, 12.0]",24.0,24.0,1.0,0.6,1.0974909203759073,4.598423708814094,0.11717064637217084,6.518960735574919,0.7,1.0974909203759073,563,142,0.699706841085402,0.99,"[-8.98677894067538, 7.285196657914508]",0.6779989832745787,2.6069589529286102e-06,0.9999973930410471
faeb700e92c34791792f08b9,multiple_barriers,potential_only_weyl_window_v2_geometry_aware_expansion,"[-12.0, 12.0]","[-10.931729882524428, 12.0]",22.93172988252443,"[-12.0, 12.0]",24.0,24.0,1.0,0.6,1.0465848029323626,3.9525205537261727,0.2880956795653555,5.522988356937952,0.7,1.0465848029323626,537,135,0.6997045848793314,0.99,"[-8.032988701462479, 9.689869377050883]",0.7384524199380568,0.0001752217376259326,0.999824778262374
967fa3841f3a61cac20137e5,multiple_barriers,potential_only_weyl_window_v2_geometry_aware_expansion,"[-12.0, 12.0]","[-12.0, 11.45198318197507]",23.45198318197507,"[-12.0, 12.0]",24.0,24.0,1.0,0.6,1.0233676109083232,3.5667283672581176,0.0011205754002000853,5.094845992340082,0.7,1.0233676109083232,525,132,0.7026437369053135,0.99,"[-9.202997281498691, 8.566428444582968]",0.7403927385867357,5.052405027485522e-06,0.9999949475949725
8070cabd8379b6f8b809a15c,gaussian_well,potential_only_weyl_window_v2_geometry_aware_expansion,"[-12.0, 12.0]","[-6.378368129787249, 7.197278630091047]",13.575646759878296,"[-10.451062157750737, 11.269972658054535]",24.0,21.72103481580527,0.9050431173252197,0.6,1.5999999999999999,0.8977756847082702,-13.903811804785086,7.241313180205424,0.7,1.5999999999999999,821,206,0.700093345392381,0.99,"[-5.248740809126889, 5.856317434065314]",0.5112582497732395,6.4277710130199456e-12,0.9999999999935723
4ff5c6f30f9f0965db57b28f,gaussian_well,potential_only_weyl_window_v2_geometry_aware_expansion,"[-12.0, 12.0]","[-8.399724491267055, 8.204321977583742]",16.604046468850797,"[-12.0, 12.0]",24.0,24.0,1.0,0.6,1.4454307897188807,1.2921234115531004,-7.007271573744315,4.849006976680567,0.7,1.4454307897188807,742,187,0.7000846242879307,0.99,"[-6.658450419162301, 6.395750039241861]",0.5439250191001733,9.88371342551435e-13,0.9999999999990117
73e9a743ff5d0a34712d7246,gaussian_well,potential_only_weyl_window_v2_geometry_aware_expansion,"[-12.0, 12.0]","[-7.381664179973755, 7.571543107528115]",14.95320728750187,"[-11.867626366224314, 12.0]",24.0,23.867626366224314,0.9944844319260131,0.6,1.596154317085757,-1.903055453184836,-11.257784802108544,2.106114267782468,0.7,1.596154317085757,819,206,0.6999641872185846,0.99,"[-5.803895215098923, 5.936268848874608]",0.4918865363414326,1.3369961449605174e-15,0.9999999999999987
2b8454960e5ef2dc4ab42205,gaussian_barrier,potential_only_weyl_window_v2_geometry_aware_expansion,"[-12.0, 12.0]","[-10.337663452441841, 11.529288786388989]",21.86695223883083,"[-12.0, 12.0]",24.0,24.0,1.0,0.6,1.09754664197699,4.051742799753079,0.1475341907531137,5.7249750607530645,0.7,1.09754664197699,563,142,0.7002087491263957,0.99,"[-7.649756223498191, 8.78959103919303]",0.6849728026121342,1.2014855250947014e-06,0.9999987985144749
93471e5319e464ee22746423,gaussian_barrier,potential_only_weyl_window_v2_geometry_aware_expansion,"[-12.0, 12.0]","[-12.0, 12.0]",24.0,"[-12.0, 12.0]",24.0,24.0,1.0,0.6,1.0,3.7302465819719215,0.6533146341956488,5.048931702447467,0.7,1.0,513,129,0.6993778421549968,0.99,"[-9.815731005842569, 9.142351850780173]",0.7899201190259476,0.00012903729967891217,0.999870962700321
14c5ea0be9b54e81367cf4a9,gaussian_barrier,potential_only_weyl_window_v2_geometry_aware_expansion,"[-12.0, 12.0]","[-11.329607970534871, 11.627404672386243]",22.957012642921114,"[-12.0, 12.0]",24.0,24.0,1.0,0.6,1.0454321898629304,3.8959911943716095,0.5181261072597472,5.3436476602766945,0.7,1.0454321898629304,537,135,0.7002345638968374,0.99,"[-8.433125026228135, 8.842354688613618]",0.7198116547850729,2.028148403510174e-06,0.9999979718515964
e1119b1bd7959ed1c9eba23b,localized_defect,potential_only_weyl_window_v2_geometry_aware_expansion,"[-12.0, 12.0]","[-11.276178748010437, 10.249723899480447]",21.525902647490884,"[-12.0, 12.0]",24.0,24.0,1.0,0.6,1.114935823738732,3.3024977805976805,-4.017610455941423,6.439687024828725,0.7,1.114935823738732,572,144,0.7005331109075432,0.99,"[-8.734135029715823, 7.703911700710492]",0.6849186137677631,7.924045838853056e-07,0.9999992075954162
43e201503e7666068ed6213c,localized_defect,potential_only_weyl_window_v2_geometry_aware_expansion,"[-12.0, 12.0]","[-10.385757985608285, 12.0]",22.385757985608286,"[-12.0, 12.0]",24.0,24.0,1.0,0.6,1.0721102236265354,4.155969102720618,6.362825233063161e-08,5.937098690903061,0.7,1.0721102236265354,550,139,0.7154690906592005,0.99,"[-7.012585896526611, 9.752862911514192]",0.6985603670017001,6.163861129696378e-05,0.9999383613887031
28855a5d3a96a8718654d4c6,localized_defect,potential_only_weyl_window_v2_geometry_aware_expansion,"[-12.0, 12.0]","[-10.51245090690019, 10.33218060225102]",20.84463150915121,"[-12.0, 12.0]",24.0,24.0,1.0,0.6,1.15137559469274,3.9851448976017356,-2.232976062549718,6.650053880523788,0.7,1.15137559469274,591,149,0.6998198602705764,0.99,"[-8.011610301766776, 7.833550552559593]",0.6602150355969321,5.504845987899944e-09,0.999999994495154
cc9e1528709faf771cc46f07,harmonic_compact,potential_only_weyl_window_v2_geometry_aware_expansion,"[-12.0, 12.0]","[-11.280540244017114, 9.451044499352747]",20.73158474336986,"[-12.0, 12.0]",24.0,24.0,1.0,0.6,1.1576539033117286,4.17143448133792,-0.05847587229814885,5.984253204324808,0.7,1.1576539033117286,594,150,0.7002301852595164,0.99,"[-8.761972602815225, 6.997958572718424]",0.6566637989805687,3.633778573186021e-07,0.9999996366221426
2b7b19457edea386e4683870,harmonic_compact,potential_only_weyl_window_v2_geometry_aware_expansion,"[-12.0, 12.0]","[-11.423832813433366, 12.0]",23.423832813433364,"[-12.0, 12.0]",24.0,24.0,1.0,0.6,1.0245974769012272,3.545079265936534,0.029102807786158622,5.051926319429552,0.7,1.0245974769012272,526,133,0.6752799172678421,0.99,"[-8.384148021688208, 9.878214207182548]",0.7609317595362816,0.00035891338527609725,0.999641086614724
47046133e52c50e71b7051e0,harmonic_compact,potential_only_weyl_window_v2_geometry_aware_expansion,"[-12.0, 12.0]","[-11.444624811788259, 10.511241657459259]",21.955866469247518,"[-12.0, 12.0]",24.0,24.0,1.0,0.6,1.0931019294372006,3.360864366947041,-3.0022878706040186,6.087929611611781,0.7,1.0931019294372006,561,141,0.7003699746757297,0.99,"[-8.867503290798116, 7.902023530525373]",0.698730284221812,1.5708575934043353e-06,0.9999984291424066
ad2b9610606ba4437b564242,fourier_random,potential_only_weyl_window_v2_geometry_aware_expansion,"[-12.0, 12.0]","[-10.91846079210729, 12.0]",22.91846079210729,"[-12.0, 12.0]",24.0,24.0,1.0,0.6,1.0471907436412646,3.7811538900924124,-0.09781659302357859,5.443569811427838,0.7,1.0471907436412646,538,136,0.7099371250888636,0.99,"[-7.86376324695348, 9.279959100513267]",0.7143217644777812,3.3676675541707595e-06,0.9999966323324458
49d7d9686c55a6e7e539492a,fourier_random,potential_only_weyl_window_v2_geometry_aware_expansion,"[-12.0, 12.0]","[-12.0, 11.616065612294358]",23.616065612294356,"[-12.0, 12.0]",24.0,24.0,1.0,0.6,1.016257339135515,3.503615187807406,-1.1991058628396947,5.519067066656165,0.7,1.016257339135515,522,132,0.7012009162163991,0.99,"[-9.640254923424923, 8.35915009791788]",0.7499752092226167,1.7088610071600164e-05,0.9999829113899285
b12819fe8a205a76e5e62933,fourier_random,potential_only_weyl_window_v2_geometry_aware_expansion,"[-12.0, 12.0]","[-10.8581479621457, 8.827312453292212]",19.685460415437912,"[-12.0, 12.0]",24.0,24.0,1.0,0.6,1.2191739229618679,3.3132651095554535,-1.6596376839366118,5.444509163909196,0.7,1.2191739229618679,626,158,0.6999813206804695,0.99,"[-8.217935945608193, 6.2773075642659]",0.6039684795780872,7.119076728470714e-10,0.9999999992880924
ef727abc86dd0c71efd3f578,chebyshev_random,potential_only_weyl_window_v2_geometry_aware_expansion,"[-12.0, 12.0]","[-10.737038190347826, 10.8948019410675]",21.631840131415327,"[-12.0, 12.0]",24.0,24.0,1.0,0.6,1.1094756550620704,4.104194155861103,0.604194424415261,5.6041940407664645,0.7,1.1094756550620704,570,144,0.7001063873796731,0.99,"[-8.071773491040837, 8.258548283268112]",0.6804300739295396,3.038578370182566e-08,0.9999999696142163
fdb8fdf4a851fca136f46e86,chebyshev_random,potential_only_weyl_window_v2_geometry_aware_expansion,"[-12.0, 12.0]","[-10.454417980814515, 10.874774211529928]",21.329192192344443,"[-12.0, 12.0]",24.0,24.0,1.0,0.6,1.1252184228812085,3.7948573958878145,-0.4583484566548673,5.6176599041203925,0.7,1.1252184228812085,578,146,0.7002088512091634,0.99,"[-7.937717952369763, 8.305221130223519]",0.6767891284413867,8.336749873726064e-08,0.9999999166325013
cedc133a5a138e433f8ee97b,chebyshev_random,potential_only_weyl_window_v2_geometry_aware_expansion,"[-12.0, 12.0]","[-11.731453520414764, 12.0]",23.731453520414764,"[-12.0, 12.0]",24.0,24.0,1.0,0.6,1.0113160569517674,3.410132798016149,-0.035643881344505364,4.886894232027858,0.7,1.0113160569517674,519,131,0.7006784839840869,0.99,"[-8.753422528551082, 10.304325671641163]",0.7940728416746768,0.0005628152381390328,0.9994371847618609
13f12eff29edb0c8a52fa91b,gaussian_random_field,potential_only_weyl_window_v2_geometry_aware_expansion,"[-12.0, 12.0]","[-12.0, 12.0]",24.0,"[-12.0, 12.0]",24.0,24.0,1.0,0.6,1.0,3.2598514051115357,-0.11482705018906944,4.706142171668938,0.7,1.0,513,129,0.6893837887352272,0.99,"[-9.36402317255952, 8.707046949740914]",0.7529612550958514,6.584019663964769e-06,0.9999934159803361
9b3139d61f503a1b3d81558a,gaussian_random_field,potential_only_weyl_window_v2_geometry_aware_expansion,"[-12.0, 12.0]","[-11.390867667059009, 8.544540103889897]",19.935407770948906,"[-12.0, 12.0]",24.0,24.0,1.0,0.6,1.2038880907655305,4.098157284783902,-0.503192397286565,6.070164291385531,0.7,1.2038880907655305,618,156,0.7022546803234085,0.99,"[-8.877104351652074, 6.059568783592411]",0.6223613806351869,1.5775497818004273e-07,0.9999998422450218
69dfc5a605eb4251ec626b1d,gaussian_random_field,potential_only_weyl_window_v2_geometry_aware_expansion,"[-12.0, 12.0]","[-9.533831555367717, 8.519116175761225]",18.052947731128942,"[-12.0, 12.0]",24.0,24.0,1.0,0.6,1.329422782220572,3.630390923583276,-2.6392816734068636,6.317393465150479,0.7,1.329422782220572,682,172,0.6993288372406904,0.99,"[-7.418663948136351, 6.5404747589042955]",0.581630779460027,6.577995809086889e-11,0.9999999999342201
b509266d717abde6296da5f0,reflected_potential,potential_only_weyl_window_v2_geometry_aware_expansion,"[-12.0, 12.0]","[-12.0, 7.943598455323354]",19.943598455323354,"[-12.0, 12.0]",24.0,24.0,1.0,0.6,1.203393663072569,2.9584336294500804,-3.274972828750845,5.629893540107619,0.7,1.203393663072569,618,156,0.7002454680372142,0.99,"[-9.986220894994478, 5.453751719305959]",0.6433321922625183,0.00015904816741576367,0.9998409518325843
47cfcfccc354acc52f9f57a7,reflected_potential,potential_only_weyl_window_v2_geometry_aware_expansion,"[-12.0, 12.0]","[-7.761210360999094, 12.0]",19.761210360999094,"[-12.0, 12.0]",24.0,24.0,1.0,0.6,1.2145005068802173,2.3982145614344015,-5.520040684852933,5.791752524128974,0.7,1.2145005068802173,623,157,0.7000620509021424,0.99,"[-5.267656353623099, 10.285056170281337]",0.6480296884960182,0.0007756859958211906,0.9992243140041788
ee016d3fa180faff6e1afed9,reflected_potential,potential_only_weyl_window_v2_geometry_aware_expansion,"[-12.0, 12.0]","[-12.0, 7.894271737699198]",19.8942717376992,"[-12.0, 12.0]",24.0,24.0,1.0,0.6,1.206377409358521,2.3743171926060653,-4.245030805318963,5.211180620288221,0.7,1.206377409358521,619,156,0.7001427336689171,0.99,"[-10.76537428493523, 5.305119935636192]",0.6696039258571426,0.003487609023776201,0.9965123909762238
ce2c673ac31fa8164547a4fa,smooth_perturbed,potential_only_weyl_window_v2_geometry_aware_expansion,"[-12.0, 12.0]","[-10.273905586935815, 10.058446891571872]",20.332352478507687,"[-12.0, 12.0]",24.0,24.0,1.0,0.6,1.1803848091542384,3.6790451504762656,-0.6380679775881043,5.529236491075282,0.7,1.1803848091542384,606,153,0.6984411738883901,0.99,"[-8.106034515404472, 7.759098136079686]",0.66104719381184,1.1848209475038839e-07,0.9999998815179052
4e9602af81d32ebec5bfed39,smooth_perturbed,potential_only_weyl_window_v2_geometry_aware_expansion,"[-12.0, 12.0]","[-10.321368683110274, 10.986121619771756]",21.30749030288203,"[-12.0, 12.0]",24.0,24.0,1.0,0.6,1.1263644689658163,4.0129912379205965,-0.2746214729364983,5.850539542573638,0.7,1.1263644689658163,578,146,0.7004404421076783,0.99,"[-7.756728378339665, 8.49181933568823]",0.677022821417829,9.988368000599766e-08,0.99999990011632
5f276e725104da82364f3719,smooth_perturbed,potential_only_weyl_window_v2_geometry_aware_expansion,"[-12.0, 12.0]","[-11.14696318194836, 9.86251834775336]",21.00948152970172,"[-12.0, 12.0]",24.0,24.0,1.0,0.6,1.142341374111041,4.082133072187365,0.03863856006052668,5.815059291670297,0.7,1.142341374111041,586,148,0.7003032453170981,0.99,"[-8.535254890732318, 7.281513827684044]",0.6590320299340151,1.7120048619454217e-07,0.9999998287995138
da083699b9851113a2d42e1b,composite_confining,potential_only_weyl_window_v2_geometry_aware_expansion,"[-12.0, 12.0]","[-7.118662114906996, 9.087958055971335]",16.20662017087833,"[-11.980648166170496, 12.0]",24.0,23.980648166170496,0.9991936735904373,0.6,1.4796822479532972,5.545728692297124,-0.6704811812872163,8.209818638118984,0.7,1.4796822479532972,759,191,0.7005504485348454,0.99,"[-5.120537359424124, 7.0223413573681235]",0.5063615725750986,1.4809246097778296e-19,1.0
2cc430c128e823850c4c1223,composite_confining,potential_only_weyl_window_v2_geometry_aware_expansion,"[-12.0, 12.0]","[-9.355870985063218, 7.429841958236066]",16.785712943299284,"[-12.0, 12.0]",24.0,24.0,1.0,0.6,1.42978734838788,6.083201519975402,-0.08582593765873481,8.727070430390032,0.7,1.42978734838788,734,185,0.7004383962630388,0.99,"[-7.149361144907459, 5.31880695347763]",0.5195070040993787,1.5500180952951466e-20,1.0
b25e11cdb4957be9395398da,composite_confining,potential_only_weyl_window_v2_geometry_aware_expansion,"[-12.0, 12.0]","[-8.439176068288386, 9.806792942314058]",18.245969010602444,"[-12.0, 12.0]",24.0,24.0,1.0,0.6,1.315359024563397,7.11758765671234,0.12756162830378995,10.11331309745886,0.7,1.315359024563397,675,170,0.7019760290930457,0.99,"[-6.05683855412632, 7.370828941313015]",0.5594861456433056,3.3471837025416984e-17,1.0
1831e9f38bbba2a0ca64be2d,procedural_composite,potential_only_weyl_window_v2_geometry_aware_expansion,"[-12.0, 12.0]","[-10.963986100152818, 8.954775145008087]",19.918761245160905,"[-12.0, 12.0]",24.0,24.0,1.0,0.6,1.2048942052473568,3.2805206489876846,-2.779771634149324,5.877788770332117,0.7,1.2048942052473568,618,156,0.7006971749546628,0.99,"[-8.347187563120324, 6.526643683305082]",0.6197429686010586,2.678559427746496e-10,0.999999999732144
5ccdcb824960bb83ef4b75cb,procedural_composite,potential_only_weyl_window_v2_geometry_aware_expansion,"[-12.0, 12.0]","[-7.1715286347972675, 8.258273312227873]",15.42980194702514,"[-11.800469218904809, 12.0]",24.0,23.80046921890481,0.991686217454367,0.6,1.5424999815693377,5.341605952890042,-1.3741691863728163,8.21979529828841,0.7,1.5424999815693377,791,199,0.7008081377926377,0.99,"[-5.108654489369921, 6.368009780772358]",0.4822032777835455,1.775677702353781e-24,1.0
490d6e0aa1d663bcca6480f3,procedural_composite,potential_only_weyl_window_v2_geometry_aware_expansion,"[-12.0, 12.0]","[-9.698876067315577, 8.765621805505624]",18.4644978728212,"[-12.0, 12.0]",24.0,24.0,1.0,0.6,1.2997916415223387,4.550637259702262,-0.619275438322669,6.766314130284377,0.7,1.2997916415223387,667,168,0.7004641276283333,0.99,"[-7.321977251751447, 6.573893341800471]",0.5789946080646632,1.6955395900021318e-14,0.999999999999983
80a71395e6ddc51af5335fcd,asymptotically_constant,potential_only_weyl_window_v2_geometry_aware_expansion,"[-35.0, 35.0]","[-7.29999895118461, 7.1853133300769665]",14.485312281261576,"[-11.645592635563084, 11.53090701445544]",70.0,23.176499650018524,0.3310928521431218,0.6,1.6,-5.242464718014946,-15.740931765096335,-0.7431216978372088,0.7,1.6,1640,411,0.6997947960804553,0.99,"[-5.7574468792368405, 5.642761258129198]",0.4918865363414327,9.016856312985958e-14,0.9999999999999098
420ab18ba97c730c11bc06d5,asymptotically_constant,potential_only_weyl_window_v2_geometry_aware_expansion,"[-35.0, 35.0]","[-7.483423532544128, 7.555202621662962]",15.03862615420709,"[-11.995011378806254, 12.066790467925088]",70.0,24.061801846731342,0.34374002638187634,0.6,1.5999999999999999,-3.3168517015744814,-13.710741189230312,1.1376723645637323,0.7,1.5999999999999999,1640,411,0.6997748581495041,0.99,"[-5.939865126970994, 6.011644216089827]",0.4967005139178455,3.4983249637803415e-12,0.9999999999965017
0267db3440c5adca80d4d099,asymptotically_constant,potential_only_weyl_window_v2_geometry_aware_expansion,"[-35.0, 35.0]","[-6.935728089568813, 6.649636416290542]",13.585364505859355,"[-11.011337441326619, 10.725245768048348]",70.0,21.736583209374967,0.31052261727678526,0.6,1.5999999999999999,-4.949611253887854,-17.237819370966278,0.3167636534314724,0.7,1.5999999999999999,1640,411,0.6997833287714509,0.99,"[-5.541331862096414, 5.20292047673926]",0.49429352512963903,7.9792498057564e-13,0.9999999999992021
