n,count,fidelity_physicless_mean,fidelity_physicless_std,fidelity_physics_mean,fidelity_physics_std,independent_residual_head_physicless_mean,independent_residual_head_physicless_std,independent_residual_head_physics_mean,independent_residual_head_physics_std,raw_node_correct_physicless_mean,raw_node_correct_physicless_std,raw_node_correct_physics_mean,raw_node_correct_physics_std,fidelity_physicless_ci95,fidelity_physics_ci95,independent_residual_head_physicless_ci95,independent_residual_head_physics_ci95,raw_node_correct_physicless_ci95,raw_node_correct_physics_ci95
0,1,0.1379602050763976,,0.9986781885881536,,0.4730798513242937,,0.4725224033634339,,1.0,,0.0,,,,,,,
1,1,0.0521195253130413,,0.9998752541478658,,0.4669092849443712,,0.214737575960731,,0.0,,0.0,,,,,,,
2,1,0.1134365543590097,,0.9999269786487084,,0.4755967056221238,,0.1229194957513852,,0.0,,0.0,,,,,,,
3,1,0.0776024842136812,,0.9998375659461692,,0.4563681369141727,,0.0727165148621042,,0.0,,0.0,,,,,,,
4,1,0.1472852816622051,,0.9998817513446736,,0.4712073074734572,,0.0218953000724485,,0.0,,0.0,,,,,,,
5,1,0.0144317531201126,,0.999922830451228,,0.4764486230988049,,0.018223795026197,,0.0,,1.0,,,,,,,
6,1,0.0792635271933543,,0.9999558746960572,,0.4801885014327046,,0.0158533760096468,,0.0,,1.0,,,,,,,
7,1,0.0010711646873889,,0.9998299343297536,,0.5045099358923711,,0.0197557372455235,,0.0,,1.0,,,,,,,
8,1,0.0630671401029188,,0.9997400347902188,,0.4799709273371614,,0.0237327900774803,,0.0,,1.0,,,,,,,
9,1,0.0002501476889428,,0.999779763412842,,0.4960319513520386,,0.0255094951925586,,0.0,,1.0,,,,,,,
10,1,0.0419973541914066,,0.9994644288622856,,0.5071201203266378,,0.0294726916191717,,0.0,,1.0,,,,,,,
