category,hamiltonians,exact_node_count_compliance_mean,exact_node_count_compliance_median,exact_node_count_compliance_p90,exact_node_count_compliance_p95,exact_node_count_compliance_worst,persistent_node_count_compliance_mean,persistent_node_count_compliance_median,persistent_node_count_compliance_p90,persistent_node_count_compliance_p95,persistent_node_count_compliance_worst,node_position_mae_normalized_mean,node_position_mae_normalized_median,node_position_mae_normalized_p90,node_position_mae_normalized_p95,node_position_mae_normalized_worst,worst_node_position_error_mean,worst_node_position_error_median,worst_node_position_error_p90,worst_node_position_error_p95,worst_node_position_error_worst,lobe_probability_mass_mae_mean,lobe_probability_mass_mae_median,lobe_probability_mass_mae_p90,lobe_probability_mass_mae_p95,lobe_probability_mass_mae_worst,minimum_predicted_lobe_probability_mass_mean,minimum_predicted_lobe_probability_mass_median,minimum_predicted_lobe_probability_mass_p90,minimum_predicted_lobe_probability_mass_p95,minimum_predicted_lobe_probability_mass_worst,minimum_predicted_nodal_spacing_mean,minimum_predicted_nodal_spacing_median,minimum_predicted_nodal_spacing_p90,minimum_predicted_nodal_spacing_p95,minimum_predicted_nodal_spacing_worst,minimum_grid_intervals_per_lobe_mean,minimum_grid_intervals_per_lobe_median,minimum_grid_intervals_per_lobe_p90,minimum_grid_intervals_per_lobe_p95,minimum_grid_intervals_per_lobe_worst,maximum_phase_increment_mean,maximum_phase_increment_median,maximum_phase_increment_p90,maximum_phase_increment_p95,maximum_phase_increment_worst,p95_phase_increment_mean,p95_phase_increment_median,p95_phase_increment_p90,p95_phase_increment_p95,p95_phase_increment_worst,phase_density_max_min_ratio_mean,phase_density_max_min_ratio_median,phase_density_max_min_ratio_p90,phase_density_max_min_ratio_p95,phase_density_max_min_ratio_worst,phase_density_smoothness_mean,phase_density_smoothness_median,phase_density_smoothness_p90,phase_density_smoothness_p95,phase_density_smoothness_worst,amplitude_dynamic_range_mean,amplitude_dynamic_range_median,amplitude_dynamic_range_p90,amplitude_dynamic_range_p95,amplitude_dynamic_range_worst,topology_rejection_fraction_mean,topology_rejection_fraction_median,topology_rejection_fraction_p90,topology_rejection_fraction_p95,topology_rejection_fraction_worst,hybrid_fallback_mean,hybrid_fallback_median,hybrid_fallback_p90,hybrid_fallback_p95,hybrid_fallback_worst,worst_hamiltonian
ID_test,135,1.0,1.0,1.0,1.0,1.0,0.9797979797979798,1.0,1.0,1.0,0.0,0.012659579613098505,0.0027299584689564073,0.03203750393127536,0.07844526526443626,0.304763015719924,2.461523640141697,0.08795297889194265,0.9620134269950942,4.908880850391415,114.35978140795483,0.04429725720244813,0.016711174540487594,0.09884888616065628,0.1789693207126355,0.7272994509597135,0.20722305637973937,0.08643036825165357,0.4966138960700091,1.0,7.90551946128204e-09,4.7628936729705185,1.359715461730957,10.874725341796875,19.318191903517715,0.4510623514652252,35.515151515151516,14.0,127.60000000000014,128.0,6.0,0.22874619554013315,0.2241947054862976,0.38216038942337044,0.40056461095809937,0.49176478385925293,0.2244330453526492,0.21985194087028503,0.3775359392166138,0.39832459688186644,0.4818863868713379,13.851530644628737,16.504377365112305,18.527733612060548,19.208121490478515,20.874073028564453,121.9977506858123,77.37444541125257,133.2772611316828,210.69768021787718,4778.630685676063,15828.469213697726,12911.8427734375,37009.05703125,38839.38046875,42283.15625,0.9629629629629629,1.0,1.0,1.0,1.0,0.9629629629629629,1.0,1.0,1.0,1.0,3177fa67cde0cebcdffdc195
anharmonic_wells,5,1.0,1.0,1.0,1.0,1.0,1.0,1.0,1.0,1.0,1.0,0.0014670469078539264,0.0007748421382555934,0.003542969500091498,0.008075263669894202,0.008277189892634403,0.036887590881314915,0.02317586208653033,0.07281432812137079,0.13531140015609408,0.19215605222972365,0.01111101963546158,0.00523383986114219,0.04074385249140758,0.054517498035994955,0.059190262971202584,0.2348579981193588,0.11019773762434482,0.49804445302820016,1.0,0.056667340077095396,3.3861593514974686,1.3647270202636719,8.731445199444074,15.876180894931881,0.8819551467895508,27.618181818181817,12.0,63.6,128.0,8.0,0.23257371227849613,0.24990029633045197,0.35563600659370426,0.3724578142166138,0.3783358335494995,0.23115044236183166,0.2482602894306183,0.3537797451019287,0.37097489535808564,0.37695667147636414,12.169914282451977,14.821473121643066,16.619873809814454,16.728582191467286,17.009618759155273,60.837596390997874,77.45802834568113,81.53603142153591,81.80505366056425,82.02582116255365,14007.149776528098,11294.845703125,34838.49453125,35129.2390625,37391.35546875,1.0,1.0,1.0,1.0,1.0,1.0,1.0,1.0,1.0,1.0,45233615b6533eb3bcd62d3a
asymmetric_wells,1,1.0,1.0,1.0,1.0,1.0,1.0,1.0,1.0,1.0,1.0,0.00144315740595106,0.0016014934864596211,0.0020243671008863344,0.002427559053668353,0.0028307510064503713,0.0532542951518082,0.06064066985722105,0.08146589715057567,0.08243227179777643,0.08339864644497719,0.012644729523621957,0.01229080796765658,0.021628810054313607,0.022023776223628645,0.022418742392943686,0.21012613211768857,0.08642313411557723,0.47186653998197003,0.7359332699909851,0.04910807929188926,3.7648436010596034,1.317418098449707,9.788503646850586,14.768434563670839,0.9928903579711914,25.727272727272727,10.0,63.0,95.5,8.0,0.279826013202017,0.30440905690193176,0.3927539587020874,0.39796748757362366,0.4031810164451599,0.2783346524970098,0.3037561774253845,0.39217066764831543,0.39749693870544434,0.40282320976257324,15.107522747733377,17.457307815551758,17.95056915283203,18.178635597229004,18.406702041625977,69.38729386144934,73.66865105240115,89.0122013636448,90.62688719744736,92.24157303124991,16518.67208515514,12972.8662109375,36409.23828125,37727.109375,39044.98046875,1.0,1.0,1.0,1.0,1.0,1.0,1.0,1.0,1.0,1.0,a56603e985e5d774b014fa6f
barriers,5,1.0,1.0,1.0,1.0,1.0,1.0,1.0,1.0,1.0,1.0,0.004776797175145267,0.0030227979958607257,0.010338905669251566,0.012279748950605435,0.02151483223592442,0.18775066588327333,0.13616425351217876,0.4059438785438932,0.48254911551566987,0.6533595832502472,0.05309721445379084,0.018211101244629123,0.09111007728017073,0.20616887464102368,0.5743027946265056,0.20963545932069913,0.08294665912942828,0.4667533427094489,1.0,0.04871035776239052,4.3338013839448255,1.5869884490966797,10.698631658723276,22.82197754353178,1.078434944152832,25.745454545454546,11.0,60.800000000000004,128.0,7.0,0.27398042285984214,0.2950483560562134,0.3889536499977112,0.39255898296833036,0.41001537442207336,0.27131001177159225,0.29462987184524536,0.3870983302593231,0.3916433840990066,0.4082752764225006,14.53352689743042,16.92074966430664,17.945347595214844,18.079527282714842,18.39971160888672,80.85250278213749,79.8500171300028,114.18640771531943,124.71067985218365,166.41124905272278,16460.02726731734,14044.609375,38363.989062500004,39425.92265625,40197.1171875,1.0,1.0,1.0,1.0,1.0,1.0,1.0,1.0,1.0,1.0,158a4779dc745c3ea460257a
changed_domain_same_physical_operator,1,1.0,1.0,1.0,1.0,1.0,1.0,1.0,1.0,1.0,1.0,0.004646185346364639,0.00506995995184557,0.00753510358345292,0.00810925031491908,0.008683397046385242,0.10647095951628853,0.08074526482024202,0.1835886676895928,0.19282272945548384,0.20205679122137488,0.0046807018492872,0.0036552988551323607,0.009050126162276934,0.009391796638504892,0.009733467114732849,0.21719908413649502,0.09719888312653086,0.4909726638410372,0.7454863319205186,0.053154351835970504,2.972511090493836,1.0900487899780273,7.717239978734988,11.582775917760042,0.7328348159790039,26.0,11.0,64.0,96.0,7.0,0.28046987408941443,0.2885763943195343,0.41135385632514954,0.4209578186273575,0.43056178092956543,0.27923740446567535,0.2884020209312439,0.4107713997364044,0.419683575630188,0.42859575152397156,16.514164837923918,18.153961181640625,18.669885635375977,18.92077350616455,19.171661376953125,101.23708790882252,109.63591950638266,124.58054122166685,125.41307397557654,126.24560672948623,21742.103629372337,25576.89453125,38670.00390625,40112.447265625,41554.890625,1.0,1.0,1.0,1.0,1.0,1.0,1.0,1.0,1.0,1.0,e51b0c876b7609a9f8ab12c8
constant_potential_shift,1,1.0,1.0,1.0,1.0,1.0,1.0,1.0,1.0,1.0,1.0,0.00826022725047171,0.007070653677531032,0.01419347856921802,0.01865305024223703,0.023112621915256037,0.360732963286453,0.2198317001716541,0.8346780118275372,1.0519962270286567,1.2693144422297764,0.06298716356670093,0.030633462504412082,0.08591657988588008,0.20499832494824627,0.32408007001061245,0.19606101138222973,0.04967394080170984,0.4878005967770772,0.7439002983885386,0.03555765428091939,3.1557858872358406,0.9673900604248047,6.110967048376223,12.953202613561771,0.9148626327514648,40.54545454545455,13.0,71.0,163.5,12.0,0.21509835598143665,0.24328503012657166,0.2531985938549042,0.25367075204849243,0.2541429102420807,0.21045958928086542,0.23849086463451385,0.24854815006256104,0.24920335412025452,0.249858558177948,19.160342129794035,19.337661743164062,20.32921600341797,20.33107089996338,20.33292579650879,148.99136705865467,132.5135386566481,233.90788742723475,234.71022450884607,235.5125615904574,19629.660902543503,18494.53515625,38445.40234375,39123.828125,39802.25390625,1.0,1.0,1.0,1.0,1.0,1.0,1.0,1.0,1.0,1.0,3e9703fca63f4b9d8f6c235e
controlled_smooth_perturbations,1,1.0,1.0,1.0,1.0,1.0,1.0,1.0,1.0,1.0,1.0,0.00519050445468013,0.004683495253755877,0.009073610035463968,0.010309198347090197,0.011544786658716426,0.21850718085049153,0.20099108537048593,0.4103281382461299,0.41441236425464956,0.4184965902631692,0.10895064089750281,0.06924894073733723,0.23350545239327647,0.34480960227404894,0.4561137521548214,0.21566561442974913,0.09038700735001148,0.45635722696977,0.728178613484885,0.04852175175054052,4.045630552125389,1.3515615463256836,9.467176217087932,14.850867567100408,1.0020294189453125,26.636363636363637,9.0,59.0,93.5,7.0,0.3153489191423763,0.33831971883773804,0.4471468925476074,0.456787109375,0.4664273262023926,0.30314593999223277,0.32620081305503845,0.4353732764720917,0.4459860622882843,0.45659884810447693,15.085465647957541,17.466983795166016,18.22722625732422,18.27680778503418,18.32638931274414,126.85606094301974,128.0846398037604,189.2806068424057,200.06759026896663,210.8545736955276,15858.900741577148,13178.6640625,35347.9375,36087.40625,36826.875,1.0,1.0,1.0,1.0,1.0,1.0,1.0,1.0,1.0,1.0,cc9f319b78e5907ca2bfc514
double_wells,5,1.0,1.0,1.0,1.0,1.0,1.0,1.0,1.0,1.0,1.0,0.006121674317563922,0.001382859074527881,0.008201957347502493,0.041627802569103776,0.06512778543909259,0.12364072741900188,0.05632325777447633,0.1647005032265427,0.6614613995941768,1.0787045331503622,0.05821666704300495,0.006029489100670933,0.13251625967855268,0.4487496794113039,0.5727766459276856,0.23951645430967822,0.12402076504803872,0.44273974878988887,1.0,0.06528605154652123,3.5118957303361475,1.4992098808288574,7.847684496729337,16.059649469921915,0.9515876770019531,29.054545454545455,13.0,60.0,128.0,8.0,0.22721181146123193,0.2401270717382431,0.3540018439292908,0.3816975146532059,0.38925784826278687,0.2239792440425266,0.23824144899845123,0.34912208318710325,0.37644181549549105,0.38319143652915955,10.746833209557966,13.23541259765625,15.382259559631347,15.493202686309814,15.777691841125488,63.74636575734552,81.26147464614559,89.31182889939195,90.50698413922981,91.72528042683106,11113.33257265958,8543.583984375,28267.70703125,30981.50859375,32205.205078125,1.0,1.0,1.0,1.0,1.0,1.0,1.0,1.0,1.0,1.0,bb6df855193efa2ea433f72d
joint_parameter_extrapolation,2,1.0,1.0,1.0,1.0,1.0,1.0,1.0,1.0,1.0,1.0,0.0022796229172080498,0.0009180901167085288,0.00484918801537177,0.005120800452845851,0.022492217118843156,0.05318332672930534,0.03492881216423971,0.08126552916991585,0.10539802094493166,0.3666153626415398,0.019654728141989167,0.005686969370758554,0.03030755471421754,0.033927105881831225,0.23577449190138722,0.23670974289858673,0.11292320438556787,0.49761095723290494,0.9748995612964911,0.053195965185417526,3.827861639641574,1.511605978012085,10.013088264697062,15.711391192399793,0.9697036743164062,28.40909090909091,11.5,63.900000000000006,124.79999999999995,8.0,0.24320941130546006,0.2630419582128525,0.37018877863883975,0.3872532516717911,0.3889210820198059,0.24080210754817183,0.26062873005867004,0.3687570184469223,0.3815112292766571,0.38668322563171387,12.157547414302826,14.939942359924316,17.394236373901368,17.437953090667726,17.790422439575195,67.27844757685098,75.56438415942671,96.33821427765754,97.70103383144435,99.1424921274082,13440.6751722856,7909.693603515625,31769.524218750004,35675.43837890625,39518.30859375,1.0,1.0,1.0,1.0,1.0,1.0,1.0,1.0,1.0,1.0,7b9df8a2406335cae9e9bac6
localized_defects,5,1.0,1.0,1.0,1.0,1.0,1.0,1.0,1.0,1.0,1.0,0.004958828030062302,0.00477786030378012,0.007809238776027594,0.00953903105828012,0.029167975667127703,0.1851382760894233,0.16125192130858212,0.2609553410501168,0.33860953559165025,1.5859170589458822,0.0490798478893532,0.01914853458337333,0.12853319531355267,0.19429639907228136,0.2977111598626805,0.19064546182092534,0.06556370276926904,0.47014189869040474,1.0,0.03642821120342893,3.9243010871080632,1.286935806274414,10.00655603680199,20.822833521816445,0.9363288879394531,39.09090909090909,16.0,119.2,166.39999999999964,7.0,0.22697998190468008,0.2026757150888443,0.3668585240840912,0.3924765318632125,0.417968213558197,0.21247101094235074,0.19145360589027405,0.35936097502708436,0.3850082367658615,0.4058498740196228,18.05477613102306,18.893789291381836,20.000159454345702,20.232601165771484,20.492555618286133,98.66290330715185,77.88140045758453,163.42595399384004,205.21942612566954,237.1807659030366,19160.05484938188,19035.87109375,38788.16328125,39398.464062499996,41034.48046875,1.0,1.0,1.0,1.0,1.0,1.0,1.0,1.0,1.0,1.0,6245bccdbf00799ca89a1193
multiple_barriers,1,1.0,1.0,1.0,1.0,1.0,1.0,1.0,1.0,1.0,1.0,0.006676679432045201,0.0037586951181588077,0.015922961366182896,0.019959331600090446,0.023995701833997997,0.2529138035953581,0.1480721035785772,0.5609209188037907,0.6554246621931297,0.7499284055824686,0.07153456299670623,0.019654415495834836,0.14717552061601527,0.27215025840420026,0.3971249961923853,0.21517804625573947,0.09065013294102825,0.41441209603059836,0.7072060480152992,0.053206360500311134,4.550460343561901,1.7156991958618164,11.209650993347168,16.95513275018616,1.2359437942504883,27.181818181818183,12.0,63.0,95.5,8.0,0.2662060731513934,0.27523624897003174,0.3749358654022217,0.38632509112358093,0.3977143168449402,0.2577812299132347,0.2720639407634735,0.3697742223739624,0.3818216174840927,0.393869012594223,13.93636486747048,16.38338851928711,17.501447677612305,17.63808250427246,17.774717330932617,75.658622689314,83.0457659718119,92.19384667823373,93.07880226551555,93.96375785279737,16363.580706509676,12428.2412109375,35823.61328125,38384.650390625,40945.6875,1.0,1.0,1.0,1.0,1.0,1.0,1.0,1.0,1.0,1.0,ca14acec471b32d231155e47
multiwell_potentials,1,1.0,1.0,1.0,1.0,1.0,1.0,1.0,1.0,1.0,1.0,0.001691563871444879,0.001375016013405937,0.0035197127442308396,0.004330802543198144,0.00514189234216545,0.05030291277101662,0.046365781156600505,0.07192239407068013,0.09551435371406078,0.11910631335744143,0.01886473315063667,0.010971613340975272,0.03760805701064366,0.06564339808861208,0.09367873916658051,0.21918608249294846,0.09006645895148441,0.48663851554551474,0.7433192577727574,0.052035500609410645,3.9680924282613845,1.480264663696289,9.75502579051147,15.094595835982659,1.0797967910766602,26.09090909090909,11.0,60.0,94.0,8.0,0.26051397316835145,0.28427836298942566,0.376588374376297,0.3832186907529831,0.3898490071296692,0.25878565656867897,0.2824813723564148,0.37466326355934143,0.3816487342119217,0.38863420486450195,13.737541848962957,16.45294952392578,17.46756362915039,17.625242233276367,17.782920837402344,62.74307183736532,70.15498448885675,78.58717465248,79.21746867547901,79.84776269847802,15590.652080189098,12073.830078125,34972.703125,37146.49609375,39320.2890625,1.0,1.0,1.0,1.0,1.0,1.0,1.0,1.0,1.0,1.0,14664e4cde1b5109ae0fc628
near_continuum_states,1,1.0,1.0,1.0,1.0,1.0,0.6363636363636364,1.0,1.0,1.0,0.0,0.09579989487970661,0.07804976959077456,0.1740729108346849,0.20660108727717402,0.23912926371966314,71.22921406778184,70.39878442641253,90.74163482269523,102.55070811532502,114.35978140795483,0.06621990253666774,0.07749159191225423,0.08698221854009153,0.09314160845804537,0.09930099837599922,0.09738037429240717,0.00022880375180078794,0.028532911122444493,0.5142664555612222,7.90551946128204e-09,55.688636316335696,14.288677215576172,98.3580551147461,235.15731270523943,13.104517936706543,52.63636363636363,17.0,109.0,182.5,14.0,0.16153242980892007,0.20334047079086304,0.2263934463262558,0.22654370963573456,0.22669397294521332,0.1566112603653561,0.19586947560310364,0.2193499505519867,0.22027716785669327,0.22120438516139984,15.087792656638406,16.923877716064453,18.900054931640625,19.378430366516113,19.8568058013916,774.1868301088558,769.1636846694104,1246.784406851795,1311.7506703412748,1376.7169338307547,21337.15262118253,26484.076171875,34332.55078125,35295.216796875,36257.8828125,1.0,1.0,1.0,1.0,1.0,1.0,1.0,1.0,1.0,1.0,e3569f55a42af1b5c82ea46c
nonuniform_resolution,1,1.0,1.0,1.0,1.0,1.0,1.0,1.0,1.0,1.0,1.0,0.0011279377721141153,0.000590634883064719,0.0013236877159996906,0.003703403034504735,0.00608311835300978,0.02355083003113871,0.019802912797588945,0.03160714097939343,0.057023186282138316,0.0824392315848832,0.007944033268728421,0.004513930070762633,0.012000869911309331,0.021971763814633505,0.03194265771795768,0.22036604739718724,0.09469433480595613,0.4972090108954822,0.748604505447741,0.05369206165842416,2.645848675426897,0.9899606704711914,6.709810520767379,10.071562589420688,0.7119741439819336,28.818181818181817,11.0,72.0,108.0,8.0,0.25348137793215836,0.2752963602542877,0.3659532964229584,0.3734859973192215,0.3810186982154846,0.2522213157605041,0.27442142367362976,0.36494746804237366,0.3725820779800415,0.38021668791770935,14.061407414349643,16.668344497680664,17.538436889648438,17.752010345458984,17.96558380126953,64.52245587652078,71.88057095747489,80.43983637657783,81.31217930421018,82.18452223184252,17931.16518194025,16682.90625,37892.8828125,39384.46484375,40876.046875,1.0,1.0,1.0,1.0,1.0,1.0,1.0,1.0,1.0,1.0,e51b0c876b7609a9f8ab12c8
random_smooth_potentials,10,1.0,1.0,1.0,1.0,1.0,1.0,1.0,1.0,1.0,1.0,0.008802900812697925,0.006526927652545531,0.02124798464693164,0.024246419281355108,0.037936067701392726,0.4465667600617228,0.23549955637837272,0.9863228243247874,1.3220593175345394,4.455574415731299,0.06689228405111583,0.03137783350090179,0.19619802000565462,0.24959726200376173,0.44458882702598057,0.20142280470183774,0.0771088235916659,0.4907015947946727,1.0,0.04144316042524976,3.9131687347711344,1.3599355220794678,11.423569028830695,20.869510404481463,0.9505653381347656,24.19090909090909,9.0,63.10000000000001,128.0,6.0,0.31439674188467587,0.33623331785202026,0.4258339047431946,0.4394356653094292,0.4762303829193115,0.30490863353691317,0.3333977162837982,0.4170198291540146,0.42909795641899107,0.46421417593955994,15.68611247106032,17.42560863494873,18.560266304016114,18.80286636352539,19.522743225097656,98.24820998887252,95.37130914949604,144.40823650206195,161.52157293925066,183.2371646997343,15502.622371292115,11190.0771484375,37537.8,39436.548046875,42283.15625,1.0,1.0,1.0,1.0,1.0,1.0,1.0,1.0,1.0,1.0,bcc67832c8620c86b4a26baa
seen_basis_reparameterization,16,1.0,1.0,1.0,1.0,1.0,1.0,1.0,1.0,1.0,1.0,0.0026726448251974313,0.002772152511164983,0.004397549795990546,0.0048609506140556025,0.00609581765837641,0.09140142247684838,0.09459503800626035,0.16168074640199737,0.1780606324547983,0.23978575794222046,0.0165288533743143,0.012259624870166307,0.03998769956653636,0.04352681838685585,0.04952459840026784,0.2045139324621612,0.0827961595968312,0.4972924756252985,1.0,0.044811539406202194,3.7081936310865573,1.145829200744629,11.144698473306526,19.72487840585667,0.7879209518432617,48.94886363636363,17.0,128.0,256.0,13.0,0.1671237189280377,0.18030855804681778,0.22343581914901733,0.22795600816607475,0.2339966893196106,0.1655449153305116,0.17973914742469788,0.22274865955114365,0.2271265648305416,0.23297099769115448,17.060438142581418,18.346893310546875,19.46431827545166,19.603325843811035,19.882347106933594,83.93411421519774,87.59829589754366,114.54785873788603,118.20289167425472,124.62849791498672,16826.860716451298,13902.359375,36336.076171875,37415.2607421875,38107.15234375,1.0,1.0,1.0,1.0,1.0,1.0,1.0,1.0,1.0,1.0,19b930ee2e192436cbeee6c2
single_parameter_extrapolation,2,1.0,1.0,1.0,1.0,1.0,1.0,1.0,1.0,1.0,1.0,0.0021613954504131738,0.0010723744572499723,0.0050178830306424164,0.007593106539146769,0.011501140711266641,0.03856977072745429,0.020981537248268678,0.0809133235177661,0.10530853826563166,0.12554117298138667,0.014618147228611496,0.009799843804110392,0.03287454185439199,0.04989388435956803,0.07334076207807069,0.21915507304232962,0.09280621126654365,0.4926408445181736,0.9747124044094185,0.052945845692262294,1.971666230869117,0.7442396879196167,5.444151756228684,9.084945549849337,0.4838721752166748,37.86363636363637,16.5,96.40000000000008,126.59999999999998,8.0,0.20051719197495418,0.19033582508563995,0.3468024462461472,0.3706144645810127,0.3889046013355255,0.19908529037440365,0.18864908069372177,0.34615131020545964,0.3694486141204834,0.3866642713546753,14.107564200054515,16.49695110321045,17.681694984436035,17.784618186950684,17.96455192565918,71.55794867231776,77.23401586574583,93.0737103637531,96.43391054578774,99.5566765385966,17256.674660769375,16027.0751953125,37563.59140625,38926.8560546875,39512.640625,1.0,1.0,1.0,1.0,1.0,1.0,1.0,1.0,1.0,1.0,97483de7a31c4aa31e1b1b6c
unseen_analytical_functional_forms,48,1.0,1.0,1.0,1.0,1.0,0.9640151515151515,1.0,1.0,1.0,0.0,0.052135687304318556,0.0028920675947533576,0.17783192087728905,0.20598309746977178,0.2985923585962086,6.243079050023397,0.10296877065954257,5.671558406345956,48.21992909535384,118.98171947467269,0.035411165384688525,0.012644091937293964,0.12309939044349406,0.14309735257078532,0.17305890124139017,0.17421939738527759,0.06754383707258005,0.4988443460461125,1.0,6.232480718182387e-07,4.541810099222087,1.2492952346801758,11.34875478744507,18.78511156185879,0.4107258915901184,74.44507575757575,25.0,216.0,256.0,13.0,0.11949246853614706,0.12633302807807922,0.20517818182706835,0.22074730470776557,0.23407158255577087,0.1183362611477743,0.12451577186584473,0.20468869358301164,0.22009370997548103,0.2330779731273651,13.579095606099475,13.640756607055664,18.96413860321045,19.268753337860108,19.89610481262207,9714.662158588242,87.67523407238596,9467.283117143988,75274.78213648847,199840.02239398804,14420.022689147429,11711.52783203125,36088.565625,37952.68671875,39770.62109375,1.0,1.0,1.0,1.0,1.0,1.0,1.0,1.0,1.0,1.0,331cb5dfce729376262d1335
valid_spatial_reflection,1,1.0,1.0,1.0,1.0,1.0,1.0,1.0,1.0,1.0,1.0,0.008886624194578537,0.007306585932791984,0.018019301275188613,0.020343263065627275,0.02266722485606594,0.35912394828204974,0.2207200545912138,0.9449622293932132,1.0323890490254848,1.1198158686577566,0.06507478339799928,0.03288014425064431,0.08870948682278364,0.20847331697595212,0.3282371471291206,0.19758629652669582,0.0498913027115403,0.49421586759079955,0.7471079337953997,0.03640399786383289,3.153595047319425,0.9650225639343262,6.0885210037231445,12.941979591235231,0.9096431732177734,40.45454545454545,13.0,71.0,163.5,12.0,0.21596509963274002,0.24476751685142517,0.25334981083869934,0.2548414021730423,0.25633299350738525,0.21082210473038934,0.23921719193458557,0.24792447686195374,0.2496665120124817,0.25140854716300964,18.847287264737215,19.140857696533203,19.6158390045166,19.856595993041992,20.097352981567383,154.61968195656448,136.87336517214018,239.46743831897973,240.4118677639475,241.3562972089153,18249.103073120117,17088.861328125,37406.0859375,38188.533203125,38970.98046875,1.0,1.0,1.0,1.0,1.0,1.0,1.0,1.0,1.0,1.0,3e9703fca63f4b9d8f6c235e
variable_uniform_resolution,1,1.0,1.0,1.0,1.0,1.0,1.0,1.0,1.0,1.0,1.0,0.0013480778460432696,0.0007884269082005059,0.0017205129914600016,0.004174023015108786,0.0066275330387575715,0.02830034059852147,0.026765332306697864,0.03900641274719607,0.06413699736015666,0.08926758197311724,0.007768219791915531,0.004656111849111966,0.012431768766733657,0.02172265223209184,0.031013535697450023,0.22045841886683676,0.09472517432958538,0.4990926570855788,0.7495463285427895,0.05388605528528634,2.6492370802730885,0.9920740127563477,6.710497643112349,10.071906150593174,0.7135028839111328,31.454545454545453,12.0,80.0,120.0,8.0,0.24642666429281235,0.2678912580013275,0.3554624319076538,0.36299994587898254,0.3705374598503113,0.24488339166749606,0.26671305298805237,0.35427671670913696,0.3618188053369522,0.36936089396476746,14.119294448332353,16.759735107421875,17.590435028076172,17.83092498779297,18.071414947509766,64.82694218824749,72.59829555838053,79.95170680421096,81.11305745018285,82.27440809615473,19156.15520546653,18512.06640625,39247.21484375,40397.642578125,41548.0703125,1.0,1.0,1.0,1.0,1.0,1.0,1.0,1.0,1.0,1.0,e51b0c876b7609a9f8ab12c8
within_range_unseen_parameter_interpolation,1,1.0,1.0,1.0,1.0,1.0,1.0,1.0,1.0,1.0,1.0,0.0008807540034668368,0.0005186531026530542,0.0007251442773013183,0.0029222641221161795,0.00511938396693104,0.01745925812003516,0.01396852944070437,0.022383932515301908,0.04519742405956889,0.06801091560383588,0.00830987099666579,0.0050637446894609695,0.01135529192960293,0.022740871770625073,0.034126451611647214,0.2203371756861036,0.09465261170535078,0.49424790377109407,0.747123951885547,0.05320094994776903,2.567042120313545,0.9580492973327637,6.524287936345011,9.793206616329602,0.6901698112487793,26.545454545454547,11.0,64.0,96.0,8.0,0.25696670907464897,0.2779580056667328,0.3717469274997711,0.38032473623752594,0.38890254497528076,0.2558569579639218,0.2774145007133484,0.37055301666259766,0.3786103427410126,0.3866676688194275,13.917679851705378,16.449064254760742,17.43773651123047,17.61316967010498,17.788602828979492,64.02107459255876,71.67859166554997,80.21458381117361,80.67646938286427,81.13835495455494,16463.754364707253,13718.763671875,35876.72265625,37694.671875,39512.62109375,1.0,1.0,1.0,1.0,1.0,1.0,1.0,1.0,1.0,1.0,7f1cc10f9ffc9bcd227293eb
