family,base_id,reason
asymmetric_well,sobol-10-00002,outer_tail
asymmetric_well,sobol-10-00016,outer_tail
asymmetric_well,sobol-10-00018,outer_tail
asymmetric_well,sobol-10-00021,outer_tail
asymmetric_well,sobol-10-00030,outer_tail
asymmetric_well,sobol-10-00038,outer_tail
asymmetric_well,sobol-10-00042,model_projection
asymmetric_well,sobol-10-00056,outer_tail
asymmetric_well,sobol-10-00058,outer_tail
asymmetric_well,sobol-10-00070,outer_tail
asymmetric_well,sobol-10-00074,outer_tail
asymmetric_well,sobol-10-00086,outer_tail
asymmetric_well,sobol-10-00088,outer_tail
asymmetric_well,sobol-10-00090,outer_tail
asymmetric_well,sobol-10-00093,outer_tail
asymmetric_well,sobol-10-00096,outer_tail
asymmetric_well,sobol-10-00098,outer_tail
asymmetric_well,sobol-10-00101,outer_tail
asymmetric_well,sobol-10-00110,outer_tail
asymmetric_well,sobol-10-00114,outer_tail
asymmetric_well,sobol-10-00121,outer_tail
asymmetric_well,sobol-10-00124,outer_tail
asymmetric_well,sobol-10-00128,outer_tail
asymmetric_well,sobol-10-00133,outer_tail
asymmetric_well,sobol-10-00142,outer_tail
asymmetric_well,sobol-10-00146,outer_tail
asymmetric_well,sobol-10-00158,outer_tail
asymmetric_well,sobol-10-00164,outer_tail
asymmetric_well,sobol-10-00166,outer_tail
asymmetric_well,sobol-10-00170,outer_tail
asymmetric_well,sobol-10-00182,outer_tail
asymmetric_well,sobol-10-00186,outer_tail
asymmetric_well,sobol-10-00189,outer_tail
asymmetric_well,sobol-10-00198,outer_tail
asymmetric_well,sobol-10-00200,outer_tail
asymmetric_well,sobol-10-00202,outer_tail
asymmetric_well,sobol-10-00205,outer_tail
asymmetric_well,sobol-10-00218,outer_tail
asymmetric_well,sobol-10-00226,outer_tail
multiwell,sobol-12-00041,reference_node_theorem;model_projection;model_node_theorem
multiwell,sobol-12-00048,reference_node_theorem;model_projection;model_node_theorem
multiwell,sobol-12-00143,reference_node_theorem;model_projection;model_node_theorem
multiwell,sobol-12-00150,reference_node_theorem;model_projection;model_node_theorem
gaussian_well,sobol-15-00039,model_projection
gaussian_well,sobol-15-00075,model_projection
gaussian_well,sobol-15-00091,model_projection
harmonic_compact,sobol-18-00091,reference_node_theorem;model_projection;model_node_theorem
harmonic_compact,sobol-18-00113,reference_node_theorem;model_projection;model_node_theorem
fourier_random,sobol-19-00002,outer_tail
fourier_random,sobol-19-00007,outer_tail
fourier_random,sobol-19-00018,outer_tail
fourier_random,sobol-19-00019,reference_node_theorem;model_projection;model_node_theorem
fourier_random,sobol-19-00029,reference_node_theorem;model_projection;model_node_theorem
fourier_random,sobol-19-00032,reference_node_theorem;model_projection;model_node_theorem
fourier_random,sobol-19-00038,reference_node_theorem;model_projection;model_node_theorem
fourier_random,sobol-19-00057,outer_tail
fourier_random,sobol-19-00067,reference_node_theorem;model_projection;model_node_theorem
fourier_random,sobol-19-00097,outer_tail
fourier_random,sobol-19-00103,outer_tail
fourier_random,sobol-19-00109,reference_node_theorem;model_projection;model_node_theorem
fourier_random,sobol-19-00114,outer_tail
fourier_random,sobol-19-00126,reference_node_theorem;model_projection;model_node_theorem
fourier_random,sobol-19-00142,outer_tail
fourier_random,sobol-19-00145,reference_node_theorem;model_projection;model_node_theorem;outer_tail
fourier_random,sobol-19-00157,reference_node_theorem;model_projection;model_node_theorem;outer_tail
fourier_random,sobol-19-00160,outer_tail
fourier_random,sobol-19-00170,reference_node_theorem;model_projection;model_node_theorem
fourier_random,sobol-19-00181,outer_tail
fourier_random,sobol-19-00193,model_projection
fourier_random,sobol-19-00197,outer_tail
chebyshev_random,sobol-20-00050,outer_tail
chebyshev_random,sobol-20-00061,outer_tail
chebyshev_random,sobol-20-00066,outer_tail
chebyshev_random,sobol-20-00178,outer_tail
gaussian_random_field,sobol-21-00007,outer_tail
gaussian_random_field,sobol-21-00008,outer_tail
gaussian_random_field,sobol-21-00012,outer_tail
gaussian_random_field,sobol-21-00020,reference_node_theorem;model_projection;model_node_theorem
gaussian_random_field,sobol-21-00024,outer_tail
gaussian_random_field,sobol-21-00025,model_projection
gaussian_random_field,sobol-21-00030,model_projection
gaussian_random_field,sobol-21-00031,reference_node_theorem;model_projection;model_node_theorem;outer_tail
gaussian_random_field,sobol-21-00063,reference_node_theorem;model_projection;model_node_theorem
gaussian_random_field,sobol-21-00106,reference_node_theorem;model_projection;model_node_theorem
gaussian_random_field,sobol-21-00142,model_projection
gaussian_random_field,sobol-21-00146,outer_tail
gaussian_random_field,sobol-21-00165,outer_tail
gaussian_random_field,sobol-21-00189,outer_tail
gaussian_random_field,sobol-21-00195,outer_tail
gaussian_random_field,sobol-21-00196,outer_tail
gaussian_random_field,sobol-21-00199,outer_tail
gaussian_random_field,sobol-21-00208,outer_tail
reflected_potential,sobol-22-00005,outer_tail
reflected_potential,sobol-22-00010,outer_tail
reflected_potential,sobol-22-00018,outer_tail
reflected_potential,sobol-22-00021,outer_tail
reflected_potential,sobol-22-00026,outer_tail
reflected_potential,sobol-22-00042,outer_tail
reflected_potential,sobol-22-00045,outer_tail
reflected_potential,sobol-22-00053,outer_tail
reflected_potential,sobol-22-00058,outer_tail
reflected_potential,sobol-22-00069,outer_tail
reflected_potential,sobol-22-00074,outer_tail
reflected_potential,sobol-22-00077,outer_tail
reflected_potential,sobol-22-00085,outer_tail
reflected_potential,sobol-22-00090,outer_tail
reflected_potential,sobol-22-00101,outer_tail
reflected_potential,sobol-22-00106,outer_tail
reflected_potential,sobol-22-00117,outer_tail
reflected_potential,sobol-22-00133,outer_tail
reflected_potential,sobol-22-00138,outer_tail
reflected_potential,sobol-22-00144,reference_independent_residual;model_projection
reflected_potential,sobol-22-00149,outer_tail
reflected_potential,sobol-22-00165,outer_tail
reflected_potential,sobol-22-00170,outer_tail
reflected_potential,sobol-22-00173,outer_tail
reflected_potential,sobol-22-00181,outer_tail
reflected_potential,sobol-22-00186,outer_tail
reflected_potential,sobol-22-00202,outer_tail
reflected_potential,sobol-22-00213,outer_tail
reflected_potential,sobol-22-00218,outer_tail
smooth_perturbed,sobol-23-00008,reference_node_theorem;model_projection;model_node_theorem
smooth_perturbed,sobol-23-00011,reference_node_theorem;model_projection;model_node_theorem
smooth_perturbed,sobol-23-00023,reference_node_theorem;model_projection;model_node_theorem
smooth_perturbed,sobol-23-00028,reference_node_theorem;model_projection;model_node_theorem
smooth_perturbed,sobol-23-00033,reference_node_theorem;model_projection;model_node_theorem
smooth_perturbed,sobol-23-00054,reference_node_theorem;model_projection;model_node_theorem
smooth_perturbed,sobol-23-00056,reference_node_theorem;model_projection;model_node_theorem
smooth_perturbed,sobol-23-00061,reference_node_theorem;model_projection;model_node_theorem
smooth_perturbed,sobol-23-00067,reference_node_theorem;model_projection;model_node_theorem
smooth_perturbed,sobol-23-00070,reference_node_theorem;model_projection;model_node_theorem
smooth_perturbed,sobol-23-00072,reference_node_theorem;model_projection;model_node_theorem
smooth_perturbed,sobol-23-00075,reference_node_theorem;model_projection;model_node_theorem
smooth_perturbed,sobol-23-00095,reference_node_theorem;model_projection;model_node_theorem
smooth_perturbed,sobol-23-00098,reference_node_theorem;model_projection;model_node_theorem
smooth_perturbed,sobol-23-00117,reference_node_theorem;model_projection;model_node_theorem
smooth_perturbed,sobol-23-00118,reference_node_theorem;model_projection;model_node_theorem
smooth_perturbed,sobol-23-00123,reference_node_theorem;model_projection;model_node_theorem
smooth_perturbed,sobol-23-00135,reference_node_theorem;model_projection;model_node_theorem
smooth_perturbed,sobol-23-00140,reference_node_theorem;model_projection;model_node_theorem
smooth_perturbed,sobol-23-00144,reference_node_theorem;model_projection;model_node_theorem
smooth_perturbed,sobol-23-00147,reference_node_theorem;model_projection;model_node_theorem
smooth_perturbed,sobol-23-00158,reference_node_theorem;model_projection;model_node_theorem
smooth_perturbed,sobol-23-00163,reference_node_theorem;model_projection;model_node_theorem
smooth_perturbed,sobol-23-00166,reference_node_theorem;model_projection;model_node_theorem
smooth_perturbed,sobol-23-00173,reference_node_theorem;model_projection;model_node_theorem
smooth_perturbed,sobol-23-00186,reference_node_theorem;model_projection;model_node_theorem
smooth_perturbed,sobol-23-00196,reference_node_theorem;model_projection;model_node_theorem
smooth_perturbed,sobol-23-00204,reference_node_theorem;model_projection;model_node_theorem
smooth_perturbed,sobol-23-00208,reference_node_theorem;model_projection;model_node_theorem
smooth_perturbed,sobol-23-00211,reference_node_theorem;model_projection;model_node_theorem
smooth_perturbed,sobol-23-00221,reference_node_theorem;model_projection;model_node_theorem
composite_confining,sobol-24-00018,reference_node_theorem;model_projection;model_node_theorem
composite_confining,sobol-24-00190,reference_node_theorem;model_projection;model_node_theorem
procedural_composite,sobol-25-00004,reference_node_theorem;model_projection;model_node_theorem
procedural_composite,sobol-25-00162,reference_node_theorem;model_projection;model_node_theorem
procedural_composite,sobol-25-00172,reference_node_theorem;model_projection;model_node_theorem
