stage,epoch,global_step,train_loss,validation_score,val_fidelity,val_fidelity_all,val_subspace_projector,val_energy_spectrum_exact,val_residual,val_h1,val_post_orth_gram_mse,val_direct_topology_valid_fraction,val_physics_selected_topology_valid_fraction,val_latent_variance,train_latent_effective_rank,gradient_norm,clip_fraction,physics_ramp,epoch_seconds
F_physics_ramp,5,23608,0.6958740518323875,0.16050006712982504,0.8914524100597182,0.8914524100597182,0.008389529656981769,0.0015024575901966802,0.1338553630525946,0.1462309814570867,0.014176257038970012,0.07407407407407407,0.1111111111111111,0.20917159535875723,1.6175199747085571,4.025284568917537,0.0,1.0,4922.689178317029
F_physics_ramp,6,23835,0.7003454948050079,0.16029331208839617,0.8881592654633796,0.8881592654633796,0.008032176905179747,0.0011954672336031789,0.13192111692026107,0.15039096299685936,0.014154908159967557,0.07407407407407407,0.10089399744572158,0.2070783388492857,1.994857907295227,4.611261437788039,0.0,1.0,4921.550729019975
F_physics_ramp,7,24062,0.6942389720099458,0.1557826226254033,0.893302178969024,0.893302178969024,0.00939101240145075,0.0009697007134849045,0.13153350568285008,0.14687564029186392,0.014075669233786737,0.07407407407407407,0.09961685823754789,0.20305004780624408,2.1576032638549805,4.588440922942448,0.0,1.0,4915.899849467038
F_physics_ramp,8,24289,0.6884175026727528,0.15642077896142675,0.8926450433554473,0.8926450433554473,0.00924217622695202,0.0013366843484509399,0.13175618064370015,0.147382336813069,0.014090361595507906,0.07407407407407407,0.09450830140485313,0.19963946243888422,1.9988594055175781,3.9382285011274187,0.0,1.0,4922.227702829987
F_physics_ramp,9,24516,0.6815574637126649,0.1574980354579455,0.8912797679465697,0.8912797679465697,0.008318543861139505,0.001251549571177534,0.13591610006439053,0.14448297715333858,0.014368548692464182,0.07407407407407407,0.0970625798212005,0.19796294278416446,2.0744192600250244,3.4623037563695465,0.0,1.0,4915.547671157052
F_physics_ramp,10,24743,0.6761559731115403,0.1564003819572271,0.8919726419494527,0.8919726419494527,0.007880138654096761,0.0012990470199263488,0.13528669952451877,0.1397244034102578,0.014307461104562958,0.07407407407407407,0.0970625798212005,0.19483996573764245,2.167903423309326,3.5534773205532466,0.0,1.0,4927.915446897969
F_physics_ramp,11,24970,0.6983282565663843,0.16876434298438894,0.8816131522752925,0.8816131522752925,0.007999484667098634,0.003910535950100805,0.13685847904556306,0.15618711610144054,0.01468609854279995,0.07407407407407407,0.08173690932311622,0.1939138788182769,1.6869032382965088,5.216868106167449,0.0,1.0,4927.1007460679975
F_physics_ramp,12,25197,0.6834029991317678,0.15917790700925064,0.8923874656892219,0.8923874656892219,0.008811285388646563,0.0018084531059361032,0.13430127191378613,0.14590575146037893,0.014245891754376025,0.07407407407407407,0.09450830140485313,0.1899179687597438,1.4444019794464111,4.112332459790657,0.0,1.0,4917.603375186969
F_physics_ramp,13,25424,0.6810896062220597,0.15438538742879326,0.8945018878994012,0.8945018878994012,0.007568132542602401,0.0013518304205577321,0.13385245465199183,0.13772951903206232,0.014007604746705725,0.07407407407407407,0.10217113665389528,0.18729091227282965,2.0116000175476074,3.891370560700837,0.0,1.0,4916.47930412303
F_physics_ramp,14,25651,0.6697985246039272,0.151909824670387,0.8957865528219962,0.8957865528219962,0.00803692060615319,0.001431135601646807,0.1326824530231738,0.14159569237480127,0.014015001730589382,0.07407407407407407,0.0983397190293742,0.1857623503392379,2.0602054595947266,3.537679589139533,0.0,1.0,4901.734831186011
