stage,epoch,global_step,field_target_ema_updates,field_target_initialized_from_ae,learning_rate,ema_tau,field_ema_source_trainable,field_ema_source,epoch_seconds,training_records_per_second,optimizer_updates_this_epoch,stage_progress,optimizer_reinitialized_at_stage_start,adam_states_restored,adam_states_initialized,optimizer_update_budget,objective_ramp_complete,data_curriculum_version,data_curriculum_tier,data_curriculum_fraction,data_curriculum_active_records,data_curriculum_active_unique_records,data_curriculum_new_unique_records,data_curriculum_full_epochs,data_curriculum_checkpoint_eligible,data_curriculum_manifest_hash,train_total,train_monitor_total,train_monitor_jepa,train_monitor_latent_cosine,train_monitor_rho,train_monitor_potential,train_monitor_cohesive,train_jepa,train_latent_cosine,train_rho,train_potential,train_cohesive,train_electronic_reconstruction,train_electronic_anchor,train_latent_variance_penalty,train_latent_covariance_penalty,train_latent_scale,train_kan,train_density_cosine_low,train_density_band_weight_low,train_density_cosine_middle,train_density_band_weight_middle,train_density_cosine_high,train_density_band_weight_high,train_density_latent_cosine_full_similarity,train_potential_cosine_low,train_potential_band_weight_low,train_potential_cosine_middle,train_potential_band_weight_middle,train_potential_cosine_high,train_potential_band_weight_high,train_potential_latent_cosine_full_similarity,train_latent_cosine_full_similarity,train_latent_cosine_full_loss,train_energy_shared_gradient_factor,train_electronic_rho,train_electronic_potential,train_effective_weight_jepa,train_effective_weight_latent_cosine,train_effective_weight_rho,train_effective_weight_potential,train_effective_weight_electronic_reconstruction,train_effective_weight_electronic_anchor,train_effective_weight_latent_variance_penalty,train_effective_weight_latent_covariance_penalty,train_effective_weight_latent_scale,train_effective_weight_kan,train_records_seen,train_amp_skipped_updates,train_nonfinite_or_overflow_updates,train_ema_frozen,train_energy_bias_fifo_count_Al,train_energy_bias_fifo_ready_Al,train_energy_bias_fifo_mean_normalized_Al,train_energy_bias_fifo_count_Fe,train_energy_bias_fifo_ready_Fe,train_energy_bias_fifo_mean_normalized_Fe,train_lr_potential_context_mean,train_lr_potential_context_min,train_lr_potential_context_max,train_lr_predictor_mean,train_lr_predictor_min,train_lr_predictor_max,train_lr_prediction_decoder_mean,train_lr_prediction_decoder_min,train_lr_prediction_decoder_max,train_lr_electronic_online_encoder_mean,train_lr_electronic_online_encoder_min,train_lr_electronic_online_encoder_max,train_grad_norm_potential_context_max,train_grad_norm_predictor_max,train_grad_norm_prediction_decoder_max,train_grad_norm_electronic_online_encoder_max,validation_total,validation_monitor_total,validation_monitor_jepa,validation_monitor_latent_cosine,validation_monitor_rho,validation_monitor_potential,validation_monitor_cohesive,validation_jepa,validation_latent_cosine,validation_rho,validation_potential,validation_cohesive,validation_electronic_reconstruction,validation_electronic_anchor,validation_latent_variance_penalty,validation_latent_covariance_penalty,validation_latent_scale,validation_kan,validation_density_cosine_low,validation_density_band_weight_low,validation_density_cosine_middle,validation_density_band_weight_middle,validation_density_cosine_high,validation_density_band_weight_high,validation_density_latent_cosine_full_similarity,validation_potential_cosine_low,validation_potential_band_weight_low,validation_potential_cosine_middle,validation_potential_band_weight_middle,validation_potential_cosine_high,validation_potential_band_weight_high,validation_potential_latent_cosine_full_similarity,validation_latent_cosine_full_similarity,validation_latent_cosine_full_loss,validation_energy_shared_gradient_factor,validation_electronic_rho,validation_electronic_potential,validation_effective_weight_jepa,validation_effective_weight_latent_cosine,validation_effective_weight_rho,validation_effective_weight_potential,validation_effective_weight_electronic_reconstruction,validation_effective_weight_electronic_anchor,validation_effective_weight_latent_variance_penalty,validation_effective_weight_latent_covariance_penalty,validation_effective_weight_latent_scale,validation_effective_weight_kan,validation_records_seen,validation_score,validation_al_score,validation_fe_score,validation_al_fe_mean_score,validation_al_fe_imbalance,validation_al_fe_worst_score,checkpoint_criterion,competence_Al_rho,competence_Al_potential,competence_Al_rho_cosine,competence_Al_potential_cosine,competence_Al_potential_rms_ratio,competence_Fe_rho,competence_Fe_potential,competence_Fe_rho_cosine,competence_Fe_potential_cosine,competence_Fe_potential_rms_ratio,readiness_streak,readiness_required,stage_readiness_passed,checkpoint_eligible,checkpoint_gates,full_regime_updates,hard_underexposed_ids,ema_frozen,global_alfe_updates,checkpoint_accepted,checkpoint_reason,early_stopping_bad_epochs,early_stopped
E_density_potential,0,852,33226,True,3.337245696400626e-05,0.9980730575243557,True,electronic_online_encoder,817.1124284430407,16.67824344070662,852,0.06666666666666667,False,208,0,12780,False,full-pool-batch-curriculum-v31-r1-competence-gated,full_pool,1.0,13600,13600,13600,1,True,ea7151f30c2f1915363096dc827b915ccc074c6b5104d78ff3a90dc81d95ed58,0.04063770711085193,0.05516391976276975,0.0027682350601017963,0.0026982547015857606,0.02491300215762593,0.01864208966752748,0.050518967774649495,0.0027682350601017963,0.0026982547015857606,0.02491300215762593,0.01864208966752748,0.050518967774649495,0.030932892933990867,1.8822471343764072e-07,0.0006791257097045906,0.007349286912114909,0.00031453619690958166,0.00017187446723824695,0.9991389766514809,0.44999998807907104,0.9940832667522917,0.3499999940395355,0.992883258055549,0.20000000298023224,0.9938683940897528,0.9996627523537287,0.44999998807907104,0.9981263719383209,0.3499999940395355,0.9964634367087946,0.20000000298023224,0.9973131181699004,0.9955907563572585,0.004409243642741506,1.0,0.021778332535860857,0.009154560410977721,0.09879798451966122,0.25,0.32932661478562125,0.0020156757665395096,1.0,0.10000000149011612,0.10000000149011612,0.10000000149011612,0.05000000074505806,9.999999974752427e-07,13628,0,0,False,128,True,0.043037920258939266,128,True,-0.005935500463237986,1.6686241247694828e-05,5.0000000000000004e-08,3.3333333333333335e-05,1.6686241247694828e-05,5.0000000000000004e-08,3.3333333333333335e-05,3.3372482495389655e-05,1.0000000000000001e-07,6.666666666666667e-05,1.6686241247694827e-06,5e-09,3.3333333333333333e-06,1.404859185218811,6.751994609832764,0.43756774067878723,0.018056431785225868,0.037832301091402766,0.07011881723999977,0.002867034735972993,0.0029289838729891927,0.033740381337702276,0.028952775318175555,0.02916651959196315,0.002867034735972993,0.0029289838729891927,0.033740381337702276,0.028952775318175555,0.02916651959196315,0.02725658878684044,1.8899357169033237e-07,0.00047042110356414923,0.00969351539039053,0.0002586228928703349,0.00017206599295604974,0.9989858055114746,0.44999998807907104,0.994063276052475,0.3499999940395355,0.993311601281166,0.20000000298023224,0.9941407412290573,0.9990530180931091,0.44999998807907104,0.9976977372169494,0.3499999940395355,0.9962294387817383,0.20000000298023224,0.9969917446374893,0.9955662447214126,0.004433755278587342,1.0,0.018868372160941362,0.008388216621242464,0.07502612471580505,0.25,0.25008708238601685,0.005560310557484627,1.0,0.10000000149011612,0.10000000149011612,0.10000000149011612,0.05000000074505806,9.999999974752427e-07,400,0.06879473561502526,0.051905266206245866,0.07442455875128506,0.06316491247876546,0.022519292545039198,0.07442455875128506,field_or_latent_curriculum_score,0.03442172180529278,0.07102515633300979,0.9994034463226205,0.9976551128496037,0.978990110430387,0.07900056967304812,0.0634137929200825,0.9968675426160446,0.9988744463583435,1.040638884510657,0,2,False,False,"{""competence_E_potential_amplitude"": true, ""competence_E_potential_l2"": true, ""competence_E_potential_shape"": true, ""competence_E_rho"": true, ""fields"": true, ""finite_validation"": true, ""hard_exposure"": true, ""objective_ramp_complete"": false, ""phase_constraints"": true}",852,,False,56230,False,rejected:objective_ramp_complete,0,False
E_density_potential,1,1704,34078,True,4.984786304919372e-05,0.9981140247764887,True,electronic_online_encoder,826.2988621699624,16.492821936376867,852,0.13333333333333333,False,208,0,12780,False,full-pool-batch-curriculum-v31-r1-competence-gated,full_pool,1.0,13600,13600,0,2,True,ea7151f30c2f1915363096dc827b915ccc074c6b5104d78ff3a90dc81d95ed58,0.04244840785637957,0.08944249397189098,0.0034934352625296448,0.0033026837597846864,0.03595954412061394,0.03596452728792968,0.07822360363422948,0.0034934352625296448,0.0033026837597846864,0.03595954412061394,0.03596452728792968,0.07822360363422948,0.030932290889027533,1.9918558183227415e-07,0.0009261950091275709,0.00846652336676813,0.0005296488557977747,0.0001710051402090077,0.9988435892405173,0.44999998807907104,0.9939014936844065,0.3499999940395355,0.9931924892094677,0.20000000298023224,0.9937876083125178,0.9988102262447683,0.44999998807907104,0.9969328927755846,0.3499999940395355,0.9950994128420936,0.20000000298023224,0.9960174583115114,0.9949025332945198,0.005097466705480138,1.0,0.02177869213462348,0.009153598754130696,0.07500300515089911,0.25,0.2500100184088758,0.012806362742276565,1.0,0.10000000149011612,0.10000000149011612,0.10000000149011612,0.05000000074505806,9.999999974752427e-07,13628,0,0,False,128,True,0.05003668274730444,128,True,-0.007406085496768355,4.58178358466089e-05,3.337245696400626e-05,5e-05,4.58178358466089e-05,3.337245696400626e-05,5e-05,9.16356716932178e-05,6.674491392801252e-05,0.0001,4.58178358466089e-06,3.337245696400626e-06,5e-06,1.8644866943359375,5.92576789855957,0.4708695709705353,0.018371954560279846,0.03667444355785847,0.062450235076248646,0.0031536404066719115,0.0028703108779154717,0.02732555551454425,0.025535182300955056,0.03962913748342544,0.0031536404066719115,0.0028703108779154717,0.02732555551454425,0.025535182300955056,0.03962913748342544,0.02726053858175874,1.788021697457509e-07,0.0005634414370797458,0.009884213184705004,0.0005800713202916086,0.0001696521503617987,0.9989939349889755,0.44999998807907104,0.9940190690755845,0.3499999940395355,0.9933098888397217,0.20000000298023224,0.9938180160522461,0.9992606711387634,0.44999998807907104,0.9979058778285981,0.3499999940395355,0.9960454779863358,0.20000000298023224,0.9967991942167282,0.9953086018562317,0.004691398143768311,1.0,0.01886744610965252,0.008393092579208315,0.07500000298023224,0.25,0.25,0.02172015607357025,1.0,0.10000000149011612,0.10000000149011612,0.10000000149011612,0.05000000074505806,9.999999974752427e-07,400,0.05645600937621202,0.045433127867523584,0.060130303212441505,0.052781715539982545,0.01469717534491792,0.060130303212441505,field_or_latent_curriculum_score,0.027926114968734213,0.06746362793342311,0.9996023119086086,0.9978089087670392,1.000285796599813,0.06090411094177251,0.06198226233398674,0.9982900673692877,0.9981181967740107,0.988168908490075,0,2,False,False,"{""competence_E_potential_amplitude"": true, ""competence_E_potential_l2"": true, ""competence_E_potential_shape"": true, ""competence_E_rho"": true, ""fields"": true, ""finite_validation"": true, ""hard_exposure"": true, ""objective_ramp_complete"": false, ""phase_constraints"": true}",1704,,False,57082,False,rejected:objective_ramp_complete,0,False
E_density_potential,2,2556,34930,True,4.864308396768294e-05,0.99815444896864,True,electronic_online_encoder,820.489334539976,16.60960042538617,852,0.2,False,208,0,12780,False,full-pool-batch-curriculum-v31-r1-competence-gated,full_pool,1.0,13600,13600,0,3,True,ea7151f30c2f1915363096dc827b915ccc074c6b5104d78ff3a90dc81d95ed58,0.04249340373971331,0.08349383771988104,0.003487844679120295,0.0030967902888562764,0.03383126053636572,0.034214428743270436,0.06813798662535653,0.003487844679120295,0.0030967902888562764,0.03383126053636572,0.034214428743270436,0.06813798662535653,0.030934997396076185,2.059660008339982e-07,0.000897343255352108,0.008049430517659646,0.0006800884799845558,0.0001691977955196747,0.9989131831653943,0.44999998807907104,0.9939639774242174,0.3499999940395355,0.9932097553122173,0.20000000298023224,0.9937748674041965,0.9988949653302465,0.44999998807907104,0.99746838720236,0.3499999940395355,0.9957473706142413,0.20000000298023224,0.9963349229714932,0.9950548951878448,0.00494510481215517,1.0,0.021778957113527397,0.009156040292116233,0.07500000298023224,0.25,0.25,0.0337208792794685,1.0,0.10000000149011612,0.10000000149011612,0.10000000149011612,0.05000000074505806,9.999999974752427e-07,13628,0,0,False,128,True,0.042853329330682755,128,True,-0.00808828673325479,4.934484884275574e-05,4.8645185072518365e-05,4.984786304919372e-05,4.934484884275574e-05,4.8645185072518365e-05,4.984786304919372e-05,9.868969768551149e-05,9.729037014503673e-05,9.969572609838744e-05,4.934484884275575e-06,4.8645185072518365e-06,4.9847863049193725e-06,1.69638991355896,4.714411735534668,0.4501073956489563,0.01778722181916237,0.03722002947703004,0.07093733806163073,0.0037452834472060203,0.0031391970545519145,0.02467431763187051,0.0321828456223011,0.06085895013064146,0.0037452834472060203,0.0031391970545519145,0.02467431763187051,0.0321828456223011,0.06085895013064146,0.027257995419204234,1.996201530118924e-07,0.0006056766970141325,0.011087632271228358,0.0008752334205200896,0.00016871908155735582,0.9990548151731491,0.44999998807907104,0.9940591531991959,0.3499999940395355,0.9932896012067794,0.20000000298023224,0.9938800537586212,0.9988392823934555,0.44999998807907104,0.997244439125061,0.3499999940395355,0.9952754241228103,0.20000000298023224,0.9957875370979309,0.994833796620369,0.005166203379631042,1.0,0.018868094282224773,0.008389901192858816,0.07500000298023224,0.25,0.25,0.04706377536058426,1.0,0.10000000149011612,0.10000000149011612,0.10000000149011612,0.05000000074505806,9.999999974752427e-07,400,0.05879544812318636,0.06067656019283458,0.05315211191424169,0.056914336053538135,0.007524448278592888,0.06067656019283458,field_or_latent_curriculum_score,0.025862070685713598,0.09059397769298884,0.9996623556212624,0.9978819483577615,1.0608750298471734,0.05496336662709111,0.05277973072923193,0.9985320826973578,0.9987169468041622,1.0094129060856019,0,2,False,False,"{""competence_E_potential_amplitude"": true, ""competence_E_potential_l2"": true, ""competence_E_potential_shape"": true, ""competence_E_rho"": true, ""fields"": true, ""finite_validation"": true, ""hard_exposure"": true, ""objective_ramp_complete"": false, ""phase_constraints"": true}",2556,,False,57934,False,rejected:objective_ramp_complete,0,False
E_density_potential,3,3408,35782,True,4.629847575679107e-05,0.9981942943485698,True,electronic_online_encoder,814.6188443099963,16.729296277872475,852,0.26666666666666666,False,208,0,12780,False,full-pool-batch-curriculum-v31-r1-competence-gated,full_pool,1.0,13600,13600,0,4,True,ea7151f30c2f1915363096dc827b915ccc074c6b5104d78ff3a90dc81d95ed58,0.04286029730850488,0.07978905130659936,0.003760016684854769,0.003173912186908178,0.03185984992214687,0.03101825378868004,0.07494732063784534,0.003760016684854769,0.003173912186908178,0.03185984992214687,0.03101825378868004,0.07494732063784534,0.030925028293992473,2.1646093637510203e-07,0.0009195296320142889,0.008198059211893208,0.0008753867580838712,0.0001682904261620666,0.9989727287478625,0.44999998807907104,0.994023313541933,0.3499999940395355,0.9931963294490818,0.20000000298023224,0.9938209953635607,0.998628959755132,0.44999998807907104,0.9973452662595879,0.3499999940395355,0.9955657344778367,0.20000000298023224,0.9958212604122425,0.9948211279928701,0.005178872007129827,1.0,0.021773666596640966,0.009151361694617954,0.07500000298023224,0.25,0.25,0.06274693583047806,1.0,0.10000000149011612,0.10000000149011612,0.10000000149011612,0.05000000074505806,9.999999974752427e-07,13628,0,0,False,128,True,0.06898742448538542,128,True,-0.008297118591144681,4.7562771583351745e-05,4.630185207699958e-05,4.864308396768294e-05,4.7562771583351745e-05,4.630185207699958e-05,4.864308396768294e-05,9.512554316670349e-05,9.260370415399916e-05,9.728616793536588e-05,4.756277158335175e-06,4.630185207699958e-06,4.864308396768294e-06,1.977622151374817,6.237273216247559,0.41507118940353394,0.017081933096051216,0.037544203717261554,0.06266026202589274,0.00361171995755285,0.002983099494013004,0.023968545915558935,0.026517506502568722,0.051724593079416084,0.00361171995755285,0.002983099494013004,0.023968545915558935,0.026517506502568722,0.051724593079416084,0.02725373350083828,2.391285469727222e-07,0.0006028653373505221,0.010703924462432042,0.0009456016187323257,0.00016798907017800957,0.9991061329841614,0.44999998807907104,0.9941337615251541,0.3499999940395355,0.9932695370912552,0.20000000298023224,0.9938559639453888,0.9988232958316803,0.44999998807907104,0.9976865869760513,0.3499999940395355,0.9958726459741593,0.20000000298023224,0.995924118757248,0.9948900419473649,0.005109958052635193,1.0,0.01886791375465691,0.008385819965042174,0.07500000298023224,0.25,0.25,0.0793323740363121,1.0,0.10000000149011612,0.10000000149011612,0.10000000149011612,0.05000000074505806,9.999999974752427e-07,400,0.05384117528764182,0.04497212135279551,0.05679752659925725,0.05088482397602638,0.011825405246461737,0.05679752659925725,field_or_latent_curriculum_score,0.022686806885470256,0.06820316811894427,0.9997375979281888,0.9978955184469128,0.9793815046253771,0.05599349485051752,0.05607728923511023,0.9984565759548033,0.9987226676459264,0.9749723708990848,0,2,False,False,"{""competence_E_potential_amplitude"": true, ""competence_E_potential_l2"": true, ""competence_E_potential_shape"": true, ""competence_E_rho"": true, ""fields"": true, ""finite_validation"": true, ""hard_exposure"": true, ""objective_ramp_complete"": false, ""phase_constraints"": true}",3408,,False,58786,False,rejected:objective_ramp_complete,0,False
E_density_potential,4,4260,36634,True,4.294043685204651e-05,0.9982335256759552,True,electronic_online_encoder,815.3133442969993,16.71504593335301,852,0.3333333333333333,False,208,0,12780,False,full-pool-batch-curriculum-v31-r1-competence-gated,full_pool,1.0,13600,13600,0,5,True,ea7151f30c2f1915363096dc827b915ccc074c6b5104d78ff3a90dc81d95ed58,0.043083052793564176,0.07307921327805814,0.003955876376941289,0.003184606307556583,0.03020365199274792,0.02629335934177614,0.07299643567227868,0.003955876376941289,0.003184606307556583,0.03020365199274792,0.02629335934177614,0.07299643567227868,0.030931353762566536,2.403697007611304e-07,0.0009129739264629716,0.00812769918658806,0.0010439928580802081,0.0001677200899843213,0.9989971520965807,0.44999998807907104,0.9940578552995709,0.3499999940395355,0.9931584408740197,0.20000000298023224,0.9938294450523638,0.9984010460091924,0.44999998807907104,0.9974316052757892,0.3499999940395355,0.9957429926906963,0.20000000298023224,0.9956243767009161,0.994726911016598,0.005273088983401967,1.0,0.021778518294667898,0.009152835463798305,0.07500000298023224,0.25,0.25,0.09730445074438523,1.0,0.10000000149011612,0.10000000149011612,0.10000000149011612,0.05000000074505806,9.999999974752427e-07,13628,0,0,False,128,True,0.060088805854320526,128,True,-0.0030440338887274265,4.469910511483439e-05,4.2944906369331734e-05,4.629847575679107e-05,4.469910511483439e-05,4.2944906369331734e-05,4.629847575679107e-05,8.939821022966878e-05,8.588981273866347e-05,9.259695151358214e-05,4.46991051148344e-06,4.294490636933173e-06,4.629847575679107e-06,1.5609397888183594,5.402717113494873,0.41295263171195984,0.018069105222821236,0.03794956373050809,0.055256245173513886,0.003921369781019166,0.0030953310581389813,0.024058613106608392,0.020720152519643306,0.04263617931457702,0.003921369781019166,0.0030953310581389813,0.024058613106608392,0.020720152519643306,0.04263617931457702,0.027254885882139205,2.2659667276769823e-07,0.0006422157425186015,0.010955344067770056,0.001116870098921936,0.00016750016948208213,0.9990862017869949,0.44999998807907104,0.9940973234176635,0.3499999940395355,0.9931419259309768,0.20000000298023224,0.9938657480478287,0.9983702313899994,0.44999998807907104,0.9976507592201233,0.3499999940395355,0.9960686486959457,0.20000000298023224,0.9955735033750535,0.994719625711441,0.00528037428855896,1.0,0.018865226954221725,0.00838965883012861,0.07500000298023224,0.25,0.25,0.11565873771905899,1.0,0.10000000149011612,0.10000000149011612,0.10000000149011612,0.05000000074505806,9.999999974752427e-07,400,0.049260594141524054,0.03727277018083259,0.053256535461754545,0.04526465282129356,0.015983765280921956,0.053256535461754545,field_or_latent_curriculum_score,0.021387462329008792,0.056300958987362315,0.999765533326876,0.9984234583259809,0.9986253144717453,0.05689429307375291,0.045207773570460505,0.9985084335009257,0.9991742026324224,0.9804780540442226,0,2,False,False,"{""competence_E_potential_amplitude"": true, ""competence_E_potential_l2"": true, ""competence_E_potential_shape"": true, ""competence_E_rho"": true, ""fields"": true, ""finite_validation"": true, ""hard_exposure"": true, ""objective_ramp_complete"": false, ""phase_constraints"": true}",4260,,False,59638,False,rejected:objective_ramp_complete,0,False
E_density_potential,5,5112,37486,True,3.875e-05,0.9982721082535582,True,electronic_online_encoder,814.9349603720475,16.722806926553158,852,0.4,False,208,0,12780,False,full-pool-batch-curriculum-v31-r1-competence-gated,full_pool,1.0,13600,13600,0,6,True,ea7151f30c2f1915363096dc827b915ccc074c6b5104d78ff3a90dc81d95ed58,0.04308556058310958,0.06747693704489847,0.00400527678555824,0.0031711314123513143,0.02864638638950825,0.022007163933587363,0.0741451025162542,0.00400527678555824,0.0031711314123513143,0.02864638638950825,0.022007163933587363,0.0741451025162542,0.03093976235125976,2.451633204991158e-07,0.0008982540328605202,0.008048020851805737,0.0010953098653507752,0.00016745602498510276,0.9990237999389274,0.44999998807907104,0.9940857413684934,0.3499999940395355,0.9931244657016549,0.20000000298023224,0.993841987150241,0.9983278294620116,0.44999998807907104,0.9975241527446806,0.3499999940395355,0.995805740601372,0.20000000298023224,0.9955285811550217,0.994685283846473,0.005314716153526922,1.0,0.02178459993987567,0.00915516240892389,0.07500000298023224,0.25,0.25,0.1343228369163984,1.0,0.10000000149011612,0.10000000149011612,0.10000000149011612,0.05000000074505806,9.999999974752427e-07,13628,0,0,False,128,True,0.06062144506722689,128,True,-0.009148877812549472,4.090823043775388e-05,3.87553217615282e-05,4.294043685204651e-05,4.090823043775388e-05,3.87553217615282e-05,4.294043685204651e-05,8.181646087550776e-05,7.75106435230564e-05,8.588087370409303e-05,4.090823043775388e-06,3.87553217615282e-06,4.2940436852046515e-06,1.5265432596206665,4.786598205566406,0.41774484515190125,0.01799536682665348,0.03807359581813216,0.05321520764380693,0.003892555310158059,0.0031129099504323674,0.023864731062203645,0.016954318219795823,0.052250820479821415,0.003892555310158059,0.0031129099504323674,0.023864731062203645,0.016954318219795823,0.052250820479821415,0.02725511034950614,2.442807881308795e-07,0.0006289973798266147,0.010737480726093054,0.0010917014948790894,0.00016747679910622537,0.9992632186412811,0.44999998807907104,0.9941423219442368,0.3499999940395355,0.9930606073141098,0.20000000298023224,0.99384925365448,0.9982634979486465,0.44999998807907104,0.9976418346166611,0.3499999940395355,0.9957529187202454,0.20000000298023224,0.9954552680253983,0.9946522587537765,0.00534774124622345,1.0,0.01886667956598103,0.008388430699706078,0.07500000298023224,0.25,0.25,0.15281511843204498,1.0,0.10000000149011612,0.10000000149011612,0.10000000149011612,0.05000000074505806,9.999999974752427e-07,400,0.043729047049651845,0.03640483758226037,0.04617045020544901,0.041287643893854684,0.00976561262318864,0.04617045020544901,field_or_latent_curriculum_score,0.027110651679484562,0.04478372945127511,0.9996318339121224,0.9990320238146452,1.0062582832161744,0.05038136951249055,0.03855809721757065,0.9987759325239394,0.9994150854722418,0.9828581683563463,0,2,False,False,"{""competence_E_potential_amplitude"": true, ""competence_E_potential_l2"": true, ""competence_E_potential_shape"": true, ""competence_E_rho"": true, ""fields"": true, ""finite_validation"": true, ""hard_exposure"": true, ""objective_ramp_complete"": false, ""phase_constraints"": true}",5112,,False,60490,False,rejected:objective_ramp_complete,0,False
E_density_potential,6,5964,38338,True,3.3953072735999534e-05,0.9983100079579122,True,electronic_online_encoder,817.1690447370056,16.677087914393503,852,0.4666666666666667,False,208,0,12780,False,full-pool-batch-curriculum-v31-r1-competence-gated,full_pool,1.0,13600,13600,0,7,True,ea7151f30c2f1915363096dc827b915ccc074c6b5104d78ff3a90dc81d95ed58,0.043304695908252464,0.06454109827054887,0.004116175441554684,0.0032129197470004045,0.027506976007610463,0.02015910364522336,0.0741846785426479,0.004116175441554684,0.0032129197470004045,0.027506976007610463,0.02015910364522336,0.0741846785426479,0.030935319184290374,2.439121119122906e-07,0.0008906591179455916,0.008034226302678568,0.0011664427089092678,0.00016748234121189602,0.9990320217235018,0.44999998807907104,0.9940977324689277,0.3499999940395355,0.9930828768450527,0.20000000298023224,0.9938403189374724,0.998180818358299,0.44999998807907104,0.9974954001953219,0.3499999940395355,0.9957710528149786,0.20000000298023224,0.9953339298799446,0.9945871247061194,0.005412875293880605,1.0,0.021782120550338353,0.009153198632038529,0.07500000298023224,0.25,0.25,0.17051284763517008,1.0,0.10000000149011612,0.10000000149011612,0.10000000149011612,0.05000000074505806,9.999999974752427e-07,13628,0,0,False,128,True,0.043271249160170555,128,True,-0.002293023862875998,3.639451458718297e-05,3.3958959844229233e-05,3.875e-05,3.639451458718297e-05,3.3958959844229233e-05,3.875e-05,7.278902917436594e-05,6.791791968845847e-05,7.75e-05,3.6394514587182974e-06,3.3958959844229233e-06,3.875e-06,1.592989206314087,6.638370990753174,0.43148139119148254,0.017854107543826103,0.0387347874045372,0.04869139097630978,0.004580815150402487,0.0035718562675174327,0.023337446935474872,0.016555724386125802,0.03265505419694818,0.004580815150402487,0.0035718562675174327,0.023337446935474872,0.016555724386125802,0.03265505419694818,0.027260608207434416,2.2690120399460056e-07,0.0006530201860732632,0.01169258867681492,0.0012902059144107624,0.00016752035298850387,0.9987135392427444,0.44999998807907104,0.9940718477964401,0.3499999940395355,0.9931652694940567,0.20000000298023224,0.9938354182243347,0.9976648998260498,0.44999998807907104,0.9967705154418945,0.3499999940395355,0.9952905428409576,0.20000000298023224,0.9945753699541092,0.9942053931951523,0.005794606804847717,1.0,0.018869635872542857,0.008390972446650267,0.07500000298023224,0.25,0.25,0.1875,1.0,0.10000000149011612,0.10000000149011612,0.10000000149011612,0.05000000074505806,9.999999974752427e-07,400,0.041151647008606226,0.03931771009508521,0.04176295931311324,0.04054033470409922,0.0024452492180280297,0.04176295931311324,field_or_latent_curriculum_score,0.025984232867191925,0.05260602831102834,0.9996615005011605,0.9986955195960432,1.0110649755685637,0.048310504699445735,0.03160845251245932,0.998896431441259,0.999537817155472,1.0066901207572283,0,2,False,False,"{""competence_E_potential_amplitude"": true, ""competence_E_potential_l2"": true, ""competence_E_potential_shape"": true, ""competence_E_rho"": true, ""fields"": true, ""finite_validation"": true, ""hard_exposure"": true, ""objective_ramp_complete"": false, ""phase_constraints"": true}",5964,,False,61342,False,rejected:objective_ramp_complete,0,False
E_density_potential,7,6816,39190,True,2.880825865048571e-05,0.9983471912695022,True,electronic_online_encoder,816.5161691939575,16.69042269359245,852,0.5333333333333333,False,208,0,12780,False,full-pool-batch-curriculum-v31-r1-competence-gated,full_pool,1.0,13600,13600,0,8,True,ea7151f30c2f1915363096dc827b915ccc074c6b5104d78ff3a90dc81d95ed58,0.04291910942209792,0.05906077910084545,0.003931412576649383,0.0031083990619655906,0.02573631502335849,0.01762166039048882,0.06873139916678414,0.003931412576649383,0.0031083990619655906,0.02573631502335849,0.01762166039048882,0.06873139916678414,0.030934457799202716,2.5671152978408417e-07,0.0008463540157703816,0.007745623538264579,0.001084517837289665,0.0001674864788335101,0.9990684137618678,0.44999998807907104,0.994133988747962,0.3499999940395355,0.9930298933368433,0.20000000298023224,0.9938562650431416,0.9982996707722558,0.44999998807907104,0.9977252591135637,0.3499999940395355,0.9960542416026734,0.20000000298023224,0.9956267417999247,0.9947415034477753,0.005258496552224659,1.0,0.02178042903564387,0.009154028761645356,0.07500000298023224,0.25,0.25,0.2026588427581359,1.0,0.10000000149011612,0.10000000149011612,0.10000000149011612,0.05000000074505806,9.999999974752427e-07,13628,0,0,False,128,True,0.06143856514245272,128,True,0.0003002523153554648,3.140129315295773e-05,2.8814393729888427e-05,3.3953072735999534e-05,3.140129315295773e-05,2.8814393729888427e-05,3.3953072735999534e-05,6.280258630591547e-05,5.7628787459776854e-05,6.790614547199907e-05,3.1401293152957737e-06,2.881439372988843e-06,3.395307273599954e-06,1.6387805938720703,5.094668865203857,0.47996556758880615,0.01839667744934559,0.03750145558267832,0.04424462173134089,0.0038022676506079735,0.0030058128031669185,0.01987946780398488,0.01415792504325509,0.04157547523092944,0.0038022676506079735,0.0030058128031669185,0.01987946780398488,0.01415792504325509,0.04157547523092944,0.027254324425011873,2.7600709142205913e-07,0.000598238046404731,0.010612149662338198,0.0010504462401149794,0.00016752429655753076,0.9991252553462983,0.44999998807907104,0.994189128279686,0.3499999940395355,0.9930447083711624,0.20000000298023224,0.9938895016908645,0.9984742552042007,0.44999998807907104,0.9978948801755905,0.3499999940395355,0.9961512613296509,0.20000000298023224,0.9957144892215729,0.9948020005226135,0.005197999477386475,1.0,0.018867560159415007,0.008386764419265091,0.07500000298023224,0.25,0.25,0.21663148701190948,1.0,0.10000000149011612,0.10000000149011612,0.10000000149011612,0.05000000074505806,9.999999974752427e-07,400,0.03722260689703398,0.029358988276217135,0.03984381310397293,0.034601400690095034,0.010484824827755798,0.03984381310397293,field_or_latent_curriculum_score,0.018011544877202204,0.04307229698884605,0.9998348830359998,0.9990869450687182,0.9988127589815914,0.04656941295046397,0.029524197246916968,0.9989348062963197,0.999622686041726,0.9900047646628486,0,2,False,False,"{""competence_E_potential_amplitude"": true, ""competence_E_potential_l2"": true, ""competence_E_potential_shape"": true, ""competence_E_rho"": true, ""fields"": true, ""finite_validation"": true, ""hard_exposure"": true, ""objective_ramp_complete"": false, ""phase_constraints"": true}",6816,,False,62194,False,rejected:objective_ramp_complete,0,False
E_density_potential,8,7668,40042,True,2.359291600249407e-05,0.99838362530241,True,electronic_online_encoder,815.3061116989702,16.715194212884512,852,0.6,False,208,0,12780,False,full-pool-batch-curriculum-v31-r1-competence-gated,full_pool,1.0,13600,13600,0,9,True,ea7151f30c2f1915363096dc827b915ccc074c6b5104d78ff3a90dc81d95ed58,0.04252945564059628,0.0548661139200239,0.003737263556360424,0.0030289149148423045,0.02428500428806749,0.015838976635914465,0.06431862461319207,0.003737263556360424,0.0030289149148423045,0.02428500428806749,0.015838976635914465,0.06431862461319207,0.03093201147913408,2.787764975861561e-07,0.0008045458430509415,0.0075334275914886424,0.0009604703607402593,0.00016764640067875553,0.9990918715923176,0.44999998807907104,0.9941458196138965,0.3499999940395355,0.9929582568288444,0.20000000298023224,0.9938484907920038,0.9984423343233254,0.44999998807907104,0.9979056560261914,0.3499999940395355,0.996210547112145,0.20000000298023224,0.9959255651466161,0.9948870282142366,0.005112971785763404,1.0,0.021778040571290794,0.009153970900736039,0.07500000298023224,0.25,0.25,0.22790450830857775,1.0,0.10000000149011612,0.10000000149011612,0.10000000149011612,0.05000000074505806,9.999999974752427e-07,13628,0,0,False,128,True,0.03699699603021145,128,True,0.0012215080787427723,2.6197751995044458e-05,2.359896830935121e-05,2.880825865048571e-05,2.6197751995044458e-05,2.359896830935121e-05,2.880825865048571e-05,5.2395503990088916e-05,4.719793661870242e-05,5.761651730097142e-05,2.619775199504446e-06,2.359896830935121e-06,2.880825865048571e-06,1.2476879358291626,5.12959623336792,0.45284029841423035,0.018228186294436455,0.03841759106144309,0.04577442716807127,0.003987333250697702,0.003084996845573187,0.02148674139752984,0.014911382077261805,0.037044271259219386,0.003987333250697702,0.003084996845573187,0.02148674139752984,0.014911382077261805,0.037044271259219386,0.027256503477692606,2.5049255270914727e-07,0.000598753857484553,0.01061125744949095,0.001096357965725474,0.00016765724285505712,0.9990716511011124,0.44999998807907104,0.9941081541776657,0.3499999940395355,0.9927979052066803,0.20000000298023224,0.9937565338611603,0.9982933193445206,0.44999998807907104,0.9978802746534348,0.3499999940395355,0.9963011991977692,0.20000000298023224,0.9959261918067932,0.9948413616418839,0.00515863835811615,1.0,0.018867980511859058,0.008388522947207093,0.07500000298023224,0.25,0.25,0.23762111365795135,1.0,0.10000000149011612,0.10000000149011612,0.10000000149011612,0.05000000074505806,9.999999974752427e-07,400,0.04111553321909741,0.02897654038807377,0.04516186416277196,0.03706920227542286,0.01618532377469819,0.04516186416277196,field_or_latent_curriculum_score,0.017165945178949007,0.03961209600588473,0.9998510559596637,0.9993301807063641,1.0141006575362517,0.052751433141905855,0.03145955471942822,0.9988202085398664,0.9996072538573333,1.0136214290002379,0,2,False,False,"{""competence_E_potential_amplitude"": true, ""competence_E_potential_l2"": true, ""competence_E_potential_shape"": true, ""competence_E_rho"": true, ""fields"": true, ""finite_validation"": true, ""hard_exposure"": true, ""objective_ramp_complete"": false, ""phase_constraints"": true}",7668,,False,63046,False,rejected:objective_ramp_complete,0,False
E_density_potential,9,8520,40894,True,1.8588205264118974e-05,0.9984192778333997,True,electronic_online_encoder,816.6441313260002,16.687807427051442,852,0.6666666666666666,False,208,0,12780,False,full-pool-batch-curriculum-v31-r1-competence-gated,full_pool,1.0,13600,13600,0,10,True,ea7151f30c2f1915363096dc827b915ccc074c6b5104d78ff3a90dc81d95ed58,0.04212915782122658,0.051474963602674714,0.003524563689274691,0.002960136288389922,0.023206364944585965,0.014461847489613888,0.06004673866819225,0.003524563689274691,0.002960136288389922,0.023206364944585965,0.014461847489613888,0.06004673866819225,0.03093105820446358,2.5694833106651195e-07,0.0007836633316353759,0.00746265142015612,0.0008139864925637766,0.00016770166625591453,0.9990937187064943,0.44999998807907104,0.9941462614965257,0.3499999940395355,0.9928923301029178,0.20000000298023224,0.9938323439339721,0.9986267259717863,0.44999998807907104,0.9980399083069492,0.3499999940395355,0.996309509436896,0.20000000298023224,0.996225522013749,0.9950289336124193,0.004971066387580713,1.0,0.021777606410410946,0.009153451804440148,0.07500000298023224,0.25,0.25,0.24400665700033258,1.0,0.10000000149011612,0.10000000149011612,0.10000000149011612,0.05000000074505806,9.999999974752427e-07,13628,0,0,False,128,True,0.05468142684549093,128,True,-0.0029472894384525716,2.1064415364152663e-05,1.8593848517001277e-05,2.359291600249407e-05,2.1064415364152663e-05,1.8593848517001277e-05,2.359291600249407e-05,4.2128830728305326e-05,3.7187697034002554e-05,4.718583200498814e-05,2.1064415364152666e-06,1.859384851700128e-06,2.359291600249407e-06,1.323900818824768,5.364017963409424,0.44865310192108154,0.018995879217982292,0.03680425614118576,0.03680688289925456,0.003483182688942179,0.002934249482350424,0.019026146763935686,0.010799860591068864,0.026011790464544902,0.003483182688942179,0.002934249482350424,0.019026146763935686,0.010799860591068864,0.026011790464544902,0.027256731241941452,2.550797780287439e-07,0.000557762509342865,0.010163626024732366,0.0007827145216288045,0.00016780849546194077,0.9991057687997817,0.44999998807907104,0.9941924434900283,0.3499999940395355,0.9928679859638214,0.20000000298023224,0.9938634502887725,0.9986488926410675,0.44999998807907104,0.9980411297082901,0.3499999940395355,0.9964327716827392,0.20000000298023224,0.9963708025217056,0.9951171261072159,0.004882873892784119,1.0,0.018868128843605517,0.008388602454215289,0.07500000298023224,0.25,0.25,0.24860385060310364,1.0,0.10000000149011612,0.10000000149011612,0.10000000149011612,0.05000000074505806,9.999999974752427e-07,400,0.03354243476159172,0.023878444377332927,0.03676376488967799,0.030321104633505458,0.012885320512345061,0.03676376488967799,field_or_latent_curriculum_score,0.015205835439449195,0.03121198818899027,0.9998828624144639,0.9995386930975584,0.9935905617652553,0.04685939325377195,0.023556947472947416,0.9989656399596821,0.9997322712883805,1.002014752590295,0,2,False,False,"{""competence_E_potential_amplitude"": true, ""competence_E_potential_l2"": true, ""competence_E_potential_shape"": true, ""competence_E_rho"": true, ""fields"": true, ""finite_validation"": true, ""hard_exposure"": true, ""objective_ramp_complete"": false, ""phase_constraints"": true}",8520,,False,63898,False,rejected:objective_ramp_complete,0,False
E_density_potential,10,9372,41746,True,1.4063931686687317e-05,0.9984541173304167,True,electronic_online_encoder,824.8889703539899,16.521011299437948,852,0.7333333333333333,False,208,0,12780,True,full-pool-batch-curriculum-v31-r1-competence-gated,full_pool,1.0,13600,13600,0,11,True,ea7151f30c2f1915363096dc827b915ccc074c6b5104d78ff3a90dc81d95ed58,0.041549711263762355,0.04875157455636813,0.0034230987352488816,0.0029227502590347663,0.02217053372050997,0.0129746207989269,0.059244012957038905,0.0034230987352488816,0.0029227502590347663,0.02217053372050997,0.0129746207989269,0.059244012957038905,0.030934183131482444,2.7162781006768397e-07,0.0007524287025314365,0.007323031939155009,0.0007460631175603748,0.00016794127412413725,0.9990966469093191,0.44999998807907104,0.9941537336831503,0.3499999940395355,0.9928179295629149,0.20000000298023224,0.9938118924029523,0.9987215593759007,0.44999998807907104,0.998119389482492,0.3499999940395355,0.9963856394388195,0.20000000298023224,0.9963924217720972,0.9951021574899043,0.004897842510095747,1.0,0.021779929347596528,0.009154253791539873,0.07500000298023224,0.25,0.25,0.24976788588482718,1.0,0.10000000149011612,0.10000000149011612,0.10000000149011612,0.05000000074505806,9.999999974752427e-07,13628,0,0,False,128,True,0.04785700794309378,128,True,-0.00235313072334975,1.6278022766768396e-05,1.4068861656371191e-05,1.8588205264118974e-05,1.6278022766768396e-05,1.4068861656371191e-05,1.8588205264118974e-05,3.255604553353679e-05,2.8137723312742382e-05,3.717641052823795e-05,1.6278022766768398e-06,1.406886165637119e-06,1.8588205264118975e-06,1.1586830615997314,5.556840419769287,0.42095938324928284,0.017938552424311638,0.03645408309996128,0.035655158665031196,0.00327581494115293,0.0028896990418434145,0.01767869943752885,0.010923465956002474,0.02673912044541794,0.00327581494115293,0.0028896990418434145,0.01767869943752885,0.010923465956002474,0.02673912044541794,0.027255045287311076,2.678860084515122e-07,0.0005347552563398495,0.009949933144380339,0.0006377956681535579,0.00016799208242446184,0.9990874475240707,0.44999998807907104,0.9941805917024612,0.3499999940395355,0.9928496688604355,0.20000000298023224,0.9938536280393601,0.9987728041410446,0.44999998807907104,0.9981445503234864,0.3499999940395355,0.9964987707138061,0.20000000298023224,0.9966162884235382,0.9952349573373794,0.004765042662620544,1.0,0.018866472030058503,0.008388573210686446,0.07500000298023224,0.25,0.25,0.25,1.0,0.10000000149011612,0.10000000149011612,0.10000000149011612,0.05000000074505806,9.999999974752427e-07,400,0.0320364761184901,0.023370281050913034,0.034925207807682455,0.029147744429297746,0.011554926756769422,0.034925207807682455,field_or_latent_curriculum_score,0.015153438134100472,0.030638950581819115,0.9998837263867406,0.9995418928637363,0.9960055717147223,0.04213242789711615,0.024545222774825314,0.9991163394667886,0.9997224124393078,0.9938241839408875,1,2,False,True,"{""competence_E_potential_amplitude"": true, ""competence_E_potential_l2"": true, ""competence_E_potential_shape"": true, ""competence_E_rho"": true, ""fields"": true, ""finite_validation"": true, ""hard_exposure"": true, ""objective_ramp_complete"": true, ""phase_constraints"": true}",9372,,False,64750,True,accepted_lower_energy_or_curriculum_score,0,False
E_density_potential,11,10224,42598,True,1.0264000029822999e-05,0.9984881129804751,True,electronic_online_encoder,828.6763083040132,16.445504551579806,852,0.8,False,208,0,12780,True,full-pool-batch-curriculum-v31-r1-competence-gated,full_pool,1.0,13600,13600,0,12,True,ea7151f30c2f1915363096dc827b915ccc074c6b5104d78ff3a90dc81d95ed58,0.041075726485003954,0.04655640117992465,0.0033232099015106063,0.0028880914613207635,0.021474418986183057,0.01190323596981515,0.05729880053420674,0.0033232099015106063,0.0028880914613207635,0.021474418986183057,0.01190323596981515,0.05729880053420674,0.030929536541466282,2.724892725351667e-07,0.0007257678237914044,0.007239437947721645,0.000679293369482708,0.00016801398149362813,0.9990922496890546,0.44999998807907104,0.9941491266482381,0.3499999940395355,0.9927620733102676,0.20000000298023224,0.9937904525929824,0.9988079702080889,0.44999998807907104,0.9982023042319701,0.3499999940395355,0.9964665123399556,0.20000000298023224,0.9965632440829019,0.9951768476031623,0.004823152396837777,1.0,0.021776626010662936,0.009152910533263548,0.07500000298023224,0.25,0.25,0.25,1.0,0.10000000149011612,0.10000000149011612,0.10000000149011612,0.05000000074505806,9.999999974752427e-07,13628,0,0,False,128,True,0.0405383026227355,128,True,-0.003708694945089519,1.2096609866728184e-05,1.0267950940366715e-05,1.4063931686687317e-05,1.2096609866728184e-05,1.0267950940366715e-05,1.4063931686687317e-05,2.419321973345637e-05,2.053590188073343e-05,2.8127863373374635e-05,1.2096609866728186e-06,1.0267950940366717e-06,1.4063931686687319e-06,1.0953043699264526,5.1469573974609375,0.3944651484489441,0.0175461545586586,0.03625418670475483,0.03463971083983779,0.003308470427291468,0.002914212258183397,0.01759348372928798,0.010147709110751748,0.02588711864904326,0.003308470427291468,0.002914212258183397,0.01759348372928798,0.010147709110751748,0.02588711864904326,0.027258562222123146,2.5742089704294813e-07,0.0005290060559491394,0.009986763250781223,0.0006407071455032565,0.00016804138431325555,0.9990614098310471,0.44999998807907104,0.9941740423440933,0.3499999940395355,0.9927586054801941,0.20000000298023224,0.9938132870197296,0.9988163429498672,0.44999998807907104,0.9980717533826828,0.3499999940395355,0.9964441984891892,0.20000000298023224,0.9966056698560715,0.9952094793319702,0.0047905206680297855,1.0,0.018868029192090033,0.008390533002093435,0.07500000298023224,0.25,0.25,0.25,1.0,0.10000000149011612,0.10000000149011612,0.10000000149011612,0.05000000074505806,9.999999974752427e-07,400,0.03099793739701272,0.02288051986601203,0.033703743240679616,0.028292131553345826,0.010823223374667585,0.033703743240679616,field_or_latent_curriculum_score,0.01476395700477285,0.030421652028908824,0.9998895127584438,0.9995451596113715,0.996231615248293,0.042618509419638705,0.022297048452075082,0.9991141169360189,0.9997563894950983,1.0002674860785705,2,2,True,True,"{""competence_E_potential_amplitude"": true, ""competence_E_potential_l2"": true, ""competence_E_potential_shape"": true, ""competence_E_rho"": true, ""fields"": true, ""finite_validation"": true, ""hard_exposure"": true, ""objective_ramp_complete"": true, ""phase_constraints"": true}",10224,,False,65602,True,accepted_lower_energy_or_curriculum_score,0,False
E_density_potential,12,11076,43450,True,7.393265592723227e-06,0.9985212347169106,True,electronic_online_encoder,828.2991151729948,16.4529935507099,852,0.8666666666666667,False,208,0,12780,True,full-pool-batch-curriculum-v31-r1-competence-gated,full_pool,1.0,13600,13600,0,13,True,ea7151f30c2f1915363096dc827b915ccc074c6b5104d78ff3a90dc81d95ed58,0.04070899228690865,0.04506750236119663,0.0032685990176743946,0.0028707986151321734,0.020911436849980366,0.01107147886216343,0.05693153506367666,0.0032685990176743946,0.0028707986151321734,0.020911436849980366,0.01107147886216343,0.05693153506367666,0.030931258938237827,2.7359930193846054e-07,0.000714394672658149,0.007158488378639185,0.0006368812681533864,0.00016802211030367116,0.999069987170536,0.44999998807907104,0.9941435523980658,0.3499999940395355,0.992710660324091,0.20000000298023224,0.9937573484496913,0.9988770408297271,0.44999998807907104,0.9982546674459954,0.3499999940395355,0.996503655305873,0.20000000298023224,0.9966849403399543,0.9952211434588532,0.004778856541146832,1.0,0.021779083060486107,0.00915217586299052,0.07500000298023224,0.25,0.25,0.25,1.0,0.10000000149011612,0.10000000149011612,0.10000000149011612,0.05000000074505806,9.999999974752427e-07,13628,0,0,False,128,True,0.037572973407804966,128,True,-0.0017474951455369592,8.745597715791584e-06,7.396024449516724e-06,1.0264000029822999e-05,8.745597715791584e-06,7.396024449516724e-06,1.0264000029822999e-05,1.7491195431583167e-05,1.4792048899033448e-05,2.0528000059645997e-05,8.745597715791584e-07,7.396024449516724e-07,1.0264000029823e-06,0.7406221628189087,4.7433271408081055,0.3432351350784302,0.01815885119140148,0.03659071242436766,0.037358844708651306,0.003249776455340907,0.0028755271120462565,0.017033682726323603,0.012133865542709827,0.03248740687558893,0.003249776455340907,0.0028755271120462565,0.017033682726323603,0.012133865542709827,0.03248740687558893,0.027255184352397918,2.6916233402118906e-07,0.0005146221297036391,0.009986373250139877,0.0006179897088441067,0.00016800039156805724,0.9990379947423935,0.44999998807907104,0.9941688793897628,0.3499999940395355,0.9927362215518951,0.20000000298023224,0.9937691628932953,0.9989055919647217,0.44999998807907104,0.998209508061409,0.3499999940395355,0.9964732575416565,0.20000000298023224,0.9966799890995026,0.9952245777845383,0.004775422215461731,1.0,0.018866370944306255,0.008388813487254083,0.07500000298023224,0.25,0.25,0.25,1.0,0.10000000149011612,0.10000000149011612,0.10000000149011612,0.05000000074505806,9.999999974752427e-07,400,0.03272440040181391,0.02385477734962478,0.035680941419210285,0.029767859384417533,0.011826164069585504,0.035680941419210285,field_or_latent_curriculum_score,0.014310608594908868,0.030234741932242223,0.999896227723301,0.9996107276713494,1.0110819145004348,0.04090575461812092,0.025825892838489527,0.9991655313607418,0.9997517608030878,0.9870547263911276,3,2,True,True,"{""competence_E_potential_amplitude"": true, ""competence_E_potential_l2"": true, ""competence_E_potential_shape"": true, ""competence_E_rho"": true, ""fields"": true, ""finite_validation"": true, ""hard_exposure"": true, ""objective_ramp_complete"": true, ""phase_constraints"": true}",11076,,False,66454,False,rejected_no_score_improvement,1,False
E_density_potential,13,11928,44302,True,5.6064904119539654e-06,0.9985534532459707,True,electronic_online_encoder,821.697851147037,16.585171764750502,852,0.9333333333333333,False,208,0,12780,True,full-pool-batch-curriculum-v31-r1-competence-gated,full_pool,1.0,13600,13600,0,14,True,ea7151f30c2f1915363096dc827b915ccc074c6b5104d78ff3a90dc81d95ed58,0.040537846403971144,0.04413282163036615,0.0032181998931165618,0.0028566473971703534,0.020641286894329175,0.010679011642364311,0.05566450514994697,0.0032181998931165618,0.0028566473971703534,0.020641286894329175,0.010679011642364311,0.05566450514994697,0.03093207069780073,2.7604182334180556e-07,0.0007030497870890061,0.007199494120393453,0.0005978427375450163,0.00016795546971605247,0.9990562862722903,0.44999998807907104,0.9941342282337214,0.3499999940395355,0.9926693472723686,0.20000000298023224,0.9937274731216733,0.9989369231513213,0.44999998807907104,0.9982904913420547,0.3499999940395355,0.9965361997043418,0.20000000298023224,0.9967846259855265,0.9952560495973368,0.004743950402663186,1.0,0.021776647845762616,0.009155422861878915,0.07500000298023224,0.25,0.25,0.25,1.0,0.10000000149011612,0.10000000149011612,0.10000000149011612,0.05000000074505806,9.999999974752427e-07,13628,0,0,False,128,True,0.04912540968507528,128,True,0.0009478177817072719,6.405640246392754e-06,5.607908484313398e-06,7.393265592723227e-06,6.405640246392754e-06,5.607908484313398e-06,7.393265592723227e-06,1.2811280492785507e-05,1.1215816968626796e-05,1.4786531185446454e-05,6.405640246392755e-07,5.607908484313398e-07,7.393265592723227e-07,0.733768880367279,4.659494876861572,0.3296539783477783,0.017875799909234047,0.036440806686878206,0.03599699107930064,0.003152918793493882,0.0028391283727250993,0.01702605095691979,0.011689861258491873,0.028127105036110153,0.003152918793493882,0.0028391283727250993,0.01702605095691979,0.011689861258491873,0.028127105036110153,0.027254886720329524,2.6562611818548023e-07,0.0005079027110696188,0.00982903397642076,0.0005394104661536403,0.00016789547225926071,0.9989927524328232,0.44999998807907104,0.9941615837812424,0.3499999940395355,0.9927138841152191,0.20000000298023224,0.9937438917160034,0.9990632790327072,0.44999998807907104,0.998248764872551,0.3499999940395355,0.9965506571531296,0.20000000298023224,0.9968998634815216,0.9953218793869019,0.004678120613098144,1.0,0.018866075780242682,0.008388810944743454,0.07500000298023224,0.25,0.25,0.25,1.0,0.10000000149011612,0.10000000149011612,0.10000000149011612,0.05000000074505806,9.999999974752427e-07,400,0.031741088850423704,0.024494033771101386,0.03415677387686447,0.02932540382398293,0.009662740105763085,0.03415677387686447,field_or_latent_curriculum_score,0.013905928760656331,0.031371551482836796,0.9999021445170487,0.9995684641422612,0.988752154135468,0.04106791498083057,0.023192212051439166,0.9991669907714381,0.9997603974559091,0.992573576443123,4,2,True,True,"{""competence_E_potential_amplitude"": true, ""competence_E_potential_l2"": true, ""competence_E_potential_shape"": true, ""competence_E_rho"": true, ""fields"": true, ""finite_validation"": true, ""hard_exposure"": true, ""objective_ramp_complete"": true, ""phase_constraints"": true}",11928,,False,67306,False,rejected_no_score_improvement,2,False
E_density_potential,14,12780,45154,True,5e-06,0.9985847400727244,True,electronic_online_encoder,826.9534497199929,16.479766792936715,852,1.0,False,208,0,12780,True,full-pool-batch-curriculum-v31-r1-competence-gated,full_pool,1.0,13600,13600,0,15,True,ea7151f30c2f1915363096dc827b915ccc074c6b5104d78ff3a90dc81d95ed58,0.04042895819575233,0.04345012807385957,0.0031586820710727045,0.0028398669874465073,0.020432350293812178,0.010518788193859048,0.05420708992069891,0.0031586820710727045,0.0028398669874465073,0.020432350293812178,0.010518788193859048,0.05420708992069891,0.030935070403893393,2.7322137492692125e-07,0.000697396597269908,0.0071188408480208154,0.0005516819844425182,0.00016784189796745084,0.9990400669684605,0.44999998807907104,0.9941266613129754,0.3499999940395355,0.9926424093319238,0.20000000298023224,0.9937035443323045,0.9990043813334836,0.44999998807907104,0.9983260013646382,0.3499999940395355,0.996566753094239,0.20000000298023224,0.9968932379296283,0.9952983915508405,0.004701608449159425,1.0,0.021779388732200044,0.009155681687001262,0.07500000298023224,0.25,0.25,0.25,1.0,0.10000000149011612,0.10000000149011612,0.10000000149011612,0.05000000074505806,9.999999974752427e-07,13628,0,0,False,128,True,0.05412664730101824,128,True,5.461880937218666e-05,5.202885171382403e-06,5.00000083927742e-06,5.6064904119539654e-06,5.202885171382403e-06,5.00000083927742e-06,5.6064904119539654e-06,1.0405770342764805e-05,1.000000167855484e-05,1.1212980823907931e-05,5.202885171382402e-07,5.00000083927742e-07,5.606490411953965e-07,0.6656507253646851,4.69492769241333,0.3178102374076843,0.018544360995292664,0.03579394035041332,0.03364675223827362,0.0031279710051603615,0.0028236166440183297,0.016674016378819944,0.009494645055383444,0.029168975760039757,0.0031279710051603615,0.0028236166440183297,0.016674016378819944,0.009494645055383444,0.029168975760039757,0.027255488373339177,2.6449814559015296e-07,0.0005012038815402775,0.00979261421598494,0.0005275295398314483,0.0001677873806329444,0.9990367370843888,0.44999998807907104,0.9941533768177032,0.3499999940395355,0.9926765447854996,0.20000000298023224,0.9937289762496948,0.9990656769275665,0.44999998807907104,0.9982860386371613,0.3499999940395355,0.9965878784656524,0.20000000298023224,0.9969470340013504,0.9953380054235459,0.004661994576454162,1.0,0.01886588447727263,0.008389603993855417,0.07500000298023224,0.25,0.25,0.25,1.0,0.10000000149011612,0.10000000149011612,0.10000000149011612,0.05000000074505806,9.999999974752427e-07,400,0.029606279654690294,0.020989548200741413,0.03247852347267326,0.026734035836707335,0.011488975271931844,0.03247852347267326,field_or_latent_curriculum_score,0.013703007121930028,0.0277470315410064,0.9999050096710129,0.9996167468552543,1.0005284937301484,0.04061989822998793,0.02178793717552014,0.9991747426866281,0.9997725363331612,0.9959954896358528,5,2,True,True,"{""competence_E_potential_amplitude"": true, ""competence_E_potential_l2"": true, ""competence_E_potential_shape"": true, ""competence_E_rho"": true, ""fields"": true, ""finite_validation"": true, ""hard_exposure"": true, ""objective_ramp_complete"": true, ""phase_constraints"": true}",12780,,False,68158,True,accepted_lower_energy_or_curriculum_score,0,False
