stage,epoch,global_step,field_target_ema_updates,field_target_initialized_from_ae,learning_rate,ema_tau,field_ema_source_trainable,field_ema_source,epoch_seconds,training_records_per_second,optimizer_updates_this_epoch,stage_progress,optimizer_reinitialized_at_stage_start,adam_states_restored,adam_states_initialized,optimizer_update_budget,objective_ramp_complete,data_curriculum_version,data_curriculum_tier,data_curriculum_fraction,data_curriculum_active_records,data_curriculum_active_unique_records,data_curriculum_new_unique_records,data_curriculum_full_epochs,data_curriculum_checkpoint_eligible,data_curriculum_manifest_hash,train_total,train_monitor_total,train_cohesive,train_kan,train_records_seen,train_amp_skipped_updates,train_nonfinite_or_overflow_updates,train_ema_frozen,train_energy_bias_fifo_count_Al,train_energy_bias_fifo_ready_Al,train_energy_bias_fifo_mean_normalized_Al,train_energy_bias_fifo_count_Fe,train_energy_bias_fifo_ready_Fe,train_energy_bias_fifo_mean_normalized_Fe,train_lr_cohesive_head_mean,train_lr_cohesive_head_min,train_lr_cohesive_head_max,train_grad_norm_cohesive_head_max,validation_total,validation_monitor_total,validation_cohesive,validation_kan,validation_records_seen,validation_score,validation_refinement_energy_score,validation_constraints_passed,validation_refinement_violations,validation_energy_mae_ev_per_atom,validation_field_constraints_passed,validation_field_violations,validation_field_references,checkpoint_criterion,competence_Al_rho,competence_Al_potential,competence_Al_rho_cosine,competence_Al_potential_cosine,competence_Al_potential_rms_ratio,competence_Fe_rho,competence_Fe_potential,competence_Fe_rho_cosine,competence_Fe_potential_cosine,competence_Fe_potential_rms_ratio,Al_mae_ev_per_atom,Al_bias_ev_per_atom,Al_p95_ev_per_atom,Al_maximum_ev_per_atom,Al_slope_supported,Fe_mae_ev_per_atom,Fe_bias_ev_per_atom,Fe_p95_ev_per_atom,Fe_maximum_ev_per_atom,Fe_slope_supported,readiness_streak,readiness_required,stage_readiness_passed,checkpoint_eligible,checkpoint_gates,full_regime_updates,hard_underexposed_ids,ema_frozen,global_alfe_updates,checkpoint_accepted,checkpoint_reason,early_stopping_bad_epochs,early_stopped
P_cohesive_refinement,0,54,66454,True,5.092592592592593e-06,0.99899978237683,False,electronic_online_encoder,152.93170479196124,89.13782801639545,54,0.1,False,18,0,540,True,full-pool-batch-curriculum-v31-r1-competence-gated,full_pool,1.0,13600,13600,13600,1,True,ea7151f30c2f1915363096dc827b915ccc074c6b5104d78ff3a90dc81d95ed58,0.0021425889909623777,0.0021425889909623777,0.0021425889909623777,1.2766206353843243e-05,13632,0,0,False,128,True,0.0008254842832684517,128,True,0.0019105833780486137,2.5462962962962966e-06,9.259259259259259e-08,5e-06,0.6967106461524963,0.0008227695200275775,0.0008227695138793934,0.0008227695138793934,1.2740714737446979e-05,400,0.002320681706870375,0.002320681706870375,False,2,0.002320681706870375,True,,"{""Al"": {""potential"": 0.0273675853202101, ""rho"": 0.013685926679743103}, ""Fe"": {""potential"": 0.021788228180899163, ""rho"": 0.04005667401684655}}",validation_energy_mae_ev_per_atom_with_frozen_field_constraints,0.013685926679743103,0.0273675853202101,0.9999052433684321,0.9996283688757679,1.0008831059578622,0.04005667401684655,0.021788228180899163,0.999203784297211,0.9997835081033032,0.9938745742494409,0.0029630819916628237,0.001390561739897482,0.008935165768386119,0.049024724948470697,True,0.0016782814220779269,0.00033325061785523453,0.004993667991208131,0.013405394521765758,True,0,2,False,False,"{""Al_bias"": true, ""Al_mae"": true, ""Al_maximum"": true, ""Al_p95"": true, ""Al_slope"": true, ""Al_tail"": true, ""Fe_bias"": true, ""Fe_mae"": true, ""Fe_maximum"": true, ""Fe_p95"": true, ""Fe_slope"": true, ""competence_full_fields"": true, ""competence_full_potential_amplitude"": true, ""competence_full_potential_shape"": true, ""fields"": true, ""finite_validation"": true, ""hard_exposure"": true, ""objective_ramp_complete"": true, ""phase_constraints"": false}",54,,False,89512,False,rejected:phase_constraints,0,False
P_cohesive_refinement,1,108,66454,True,1e-05,0.9989998278737359,False,electronic_online_encoder,152.99350889003836,89.1018194098534,54,0.2,False,18,0,540,True,full-pool-batch-curriculum-v31-r1-competence-gated,full_pool,1.0,13600,13600,0,2,True,ea7151f30c2f1915363096dc827b915ccc074c6b5104d78ff3a90dc81d95ed58,0.0020773571365547885,0.0020773571365547885,0.0020773571365547885,1.2716012519752572e-05,13632,0,0,False,128,True,0.002609638497233391,128,True,0.0009159592445939779,7.546296296296297e-06,5.092592592592593e-06,1e-05,0.876194417476654,0.0008517467744422901,0.0008517467687488533,0.0008517467687488533,1.2683370187005494e-05,400,0.002384572816776657,0.002384572816776657,False,4,0.002384572816776657,True,,"{""Al"": {""potential"": 0.0273675853202101, ""rho"": 0.013685926679743103}, ""Fe"": {""potential"": 0.021788228180899163, ""rho"": 0.04005667401684655}}",validation_energy_mae_ev_per_atom_with_frozen_field_constraints,0.013685926679743103,0.0273675853202101,0.9999052433684321,0.9996283688757679,1.0008831059578622,0.04005667401684655,0.021788228180899163,0.999203784297211,0.9997835081033032,0.9938745742494409,0.0028777779843070983,0.0010765596554769589,0.008078518734706044,0.049128119460833675,True,0.001891367649246216,0.0005645976194759454,0.00496918522812445,0.012712023149195234,True,0,2,False,False,"{""Al_bias"": true, ""Al_mae"": true, ""Al_maximum"": true, ""Al_p95"": true, ""Al_slope"": true, ""Al_tail"": true, ""Fe_bias"": true, ""Fe_mae"": true, ""Fe_maximum"": true, ""Fe_p95"": true, ""Fe_slope"": true, ""competence_full_fields"": true, ""competence_full_potential_amplitude"": true, ""competence_full_potential_shape"": true, ""fields"": true, ""finite_validation"": true, ""hard_exposure"": true, ""objective_ramp_complete"": true, ""phase_constraints"": false}",108,,False,89566,False,rejected:phase_constraints,0,False
P_cohesive_refinement,2,162,66454,True,9.65745789630079e-06,0.9989998680416686,False,electronic_online_encoder,153.45799934188835,88.83212382841856,54,0.3,False,18,0,540,True,full-pool-batch-curriculum-v31-r1-competence-gated,full_pool,1.0,13600,13600,0,3,True,ea7151f30c2f1915363096dc827b915ccc074c6b5104d78ff3a90dc81d95ed58,0.002000602313367641,0.002000602313367641,0.002000602313367641,1.2671815184917313e-05,13632,0,0,False,128,True,0.0014267535880208015,128,True,7.923832163214684e-05,9.888381472889572e-06,9.669871138927175e-06,1e-05,0.7617840766906738,0.0009023843105035212,0.0009023843052295888,0.0009023843052295888,1.264021011593286e-05,400,0.002358501047973408,0.002358501047973408,False,2,0.002358501047973408,True,,"{""Al"": {""potential"": 0.0273675853202101, ""rho"": 0.013685926679743103}, ""Fe"": {""potential"": 0.021788228180899163, ""rho"": 0.04005667401684655}}",validation_energy_mae_ev_per_atom_with_frozen_field_constraints,0.013685926679743103,0.0273675853202101,0.9999052433684321,0.9996283688757679,1.0008831059578622,0.04005667401684655,0.021788228180899163,0.999203784297211,0.9997835081033032,0.9938745742494409,0.0030160069816164,0.00015862530625039215,0.007409269735692931,0.0513017540957372,True,0.001700995114330416,0.0008810825812967138,0.005076062752742842,0.013107220203059891,True,0,2,False,False,"{""Al_bias"": true, ""Al_mae"": true, ""Al_maximum"": true, ""Al_p95"": true, ""Al_slope"": true, ""Al_tail"": true, ""Fe_bias"": true, ""Fe_mae"": true, ""Fe_maximum"": true, ""Fe_p95"": true, ""Fe_slope"": true, ""competence_full_fields"": true, ""competence_full_potential_amplitude"": true, ""competence_full_potential_shape"": true, ""fields"": true, ""finite_validation"": true, ""hard_exposure"": true, ""objective_ramp_complete"": true, ""phase_constraints"": false}",162,,False,89620,False,rejected:phase_constraints,0,False
P_cohesive_refinement,3,216,66454,True,8.681980515339464e-06,0.9989999028804853,False,electronic_online_encoder,153.2024590249639,88.98029500805013,54,0.4,False,18,0,540,True,full-pool-batch-curriculum-v31-r1-competence-gated,full_pool,1.0,13600,13600,0,4,True,ea7151f30c2f1915363096dc827b915ccc074c6b5104d78ff3a90dc81d95ed58,0.0019544739196374313,0.0019544739196374313,0.0019544739196374313,1.261551251830074e-05,13632,0,0,False,128,True,-0.0005991216748952866,128,True,0.0007658465765416622,9.226633546709976e-06,8.70503618758389e-06,9.65745789630079e-06,0.7677163481712341,0.0007994777179010271,0.0007994777125531982,0.0007994777125531982,1.26059630929376e-05,400,0.002504295567223955,0.002504295567223955,False,4,0.002504295567223955,True,,"{""Al"": {""potential"": 0.0273675853202101, ""rho"": 0.013685926679743103}, ""Fe"": {""potential"": 0.021788228180899163, ""rho"": 0.04005667401684655}}",validation_energy_mae_ev_per_atom_with_frozen_field_constraints,0.013685926679743103,0.0273675853202101,0.9999052433684321,0.9996283688757679,1.0008831059578622,0.04005667401684655,0.021788228180899163,0.999203784297211,0.9997835081033032,0.9938745742494409,0.003043340836476985,0.002209502000102351,0.009078196350151889,0.042865340317756545,True,0.001965250297970925,0.0008209344126797944,0.004585002084891639,0.010853384776715718,True,0,2,False,False,"{""Al_bias"": true, ""Al_mae"": true, ""Al_maximum"": true, ""Al_p95"": true, ""Al_slope"": true, ""Al_tail"": true, ""Fe_bias"": true, ""Fe_mae"": true, ""Fe_maximum"": true, ""Fe_p95"": true, ""Fe_slope"": true, ""competence_full_fields"": true, ""competence_full_potential_amplitude"": true, ""competence_full_potential_shape"": true, ""fields"": true, ""finite_validation"": true, ""hard_exposure"": true, ""objective_ramp_complete"": true, ""phase_constraints"": false}",216,,False,89674,False,rejected:phase_constraints,0,False
P_cohesive_refinement,4,270,66454,True,7.222075445642904e-06,0.9989999323900624,False,electronic_online_encoder,152.89063165697735,89.16177434981437,54,0.5,False,18,0,540,True,full-pool-batch-curriculum-v31-r1-competence-gated,full_pool,1.0,13600,13600,0,5,True,ea7151f30c2f1915363096dc827b915ccc074c6b5104d78ff3a90dc81d95ed58,0.0018189305340119161,0.0018189305340119161,0.0018189305340119161,1.2605735206870775e-05,13632,0,0,False,128,True,0.00041172467172145844,128,True,-0.0014328876277431846,7.997539445061008e-06,7.252263530406349e-06,8.681980515339464e-06,0.718712329864502,0.0007838270631418709,0.0007838270569754968,0.0007838270569754968,1.260991848539561e-05,400,0.0023487829049423305,0.0023487829049423305,False,2,0.0023487829049423305,True,,"{""Al"": {""potential"": 0.0273675853202101, ""rho"": 0.013685926679743103}, ""Fe"": {""potential"": 0.021788228180899163, ""rho"": 0.04005667401684655}}",validation_energy_mae_ev_per_atom_with_frozen_field_constraints,0.013685926679743103,0.0273675853202101,0.9999052433684321,0.9996283688757679,1.0008831059578622,0.04005667401684655,0.021788228180899163,0.999203784297211,0.9997835081033032,0.9938745742494409,0.003014521531134137,0.0018071075583400132,0.008386962460288866,0.045239618149728086,True,0.0016830442787505243,0.000702422848629448,0.005211122399390847,0.012910711882688207,True,0,2,False,False,"{""Al_bias"": true, ""Al_mae"": true, ""Al_maximum"": true, ""Al_p95"": true, ""Al_slope"": true, ""Al_tail"": true, ""Fe_bias"": true, ""Fe_mae"": true, ""Fe_maximum"": true, ""Fe_p95"": true, ""Fe_slope"": true, ""competence_full_fields"": true, ""competence_full_potential_amplitude"": true, ""competence_full_potential_shape"": true, ""fields"": true, ""finite_validation"": true, ""hard_exposure"": true, ""objective_ramp_complete"": true, ""phase_constraints"": false}",270,,False,89728,False,rejected:phase_constraints,0,False
P_cohesive_refinement,5,324,66454,True,5.500000000000001e-06,0.9989999565702948,False,electronic_online_encoder,152.92070417804644,89.14424029939194,54,0.6,False,18,0,540,True,full-pool-batch-curriculum-v31-r1-competence-gated,full_pool,1.0,13600,13600,0,6,True,ea7151f30c2f1915363096dc827b915ccc074c6b5104d78ff3a90dc81d95ed58,0.0017768702444624803,0.0017768702444624803,0.0017768702444624803,1.2608904535440835e-05,13632,0,0,False,128,True,0.002164597623050213,128,True,0.0027710975846275687,6.388217603152949e-06,5.532724635032899e-06,7.222075445642904e-06,0.6270411610603333,0.0007055998988607826,0.0007055998927148721,0.0007055998927148721,1.2605994925252162e-05,400,0.0022559790869323528,0.0022559790869323528,False,2,0.0022559790869323528,True,,"{""Al"": {""potential"": 0.0273675853202101, ""rho"": 0.013685926679743103}, ""Fe"": {""potential"": 0.021788228180899163, ""rho"": 0.04005667401684655}}",validation_energy_mae_ev_per_atom_with_frozen_field_constraints,0.013685926679743103,0.0273675853202101,0.9999052433684321,0.9996283688757679,1.0008831059578622,0.04005667401684655,0.021788228180899163,0.999203784297211,0.9997835081033032,0.9938745742494409,0.0029087749063659617,0.0021986427754247147,0.008571793708110469,0.039541893631907375,True,0.001603183267498744,5.589418341609224e-05,0.004961679184198103,0.012152391313048762,True,0,2,False,False,"{""Al_bias"": true, ""Al_mae"": true, ""Al_maximum"": true, ""Al_p95"": true, ""Al_slope"": true, ""Al_tail"": true, ""Fe_bias"": true, ""Fe_mae"": true, ""Fe_maximum"": true, ""Fe_p95"": true, ""Fe_slope"": true, ""competence_full_fields"": true, ""competence_full_potential_amplitude"": true, ""competence_full_potential_shape"": true, ""fields"": true, ""finite_validation"": true, ""hard_exposure"": true, ""objective_ramp_complete"": true, ""phase_constraints"": false}",324,,False,89782,False,rejected:phase_constraints,0,False
P_cohesive_refinement,6,378,66454,True,3.777924554357096e-06,0.9989999754210968,False,electronic_online_encoder,153.11204323999118,89.03283968742356,54,0.7,False,18,0,540,True,full-pool-batch-curriculum-v31-r1-competence-gated,full_pool,1.0,13600,13600,0,7,True,ea7151f30c2f1915363096dc827b915ccc074c6b5104d78ff3a90dc81d95ed58,0.001707882312549488,0.001707882312549488,0.001707882312549488,1.2599456431203414e-05,13632,0,0,False,128,True,-0.0027053095400333405,128,True,-0.00029014155734330416,4.643672682877476e-06,3.8082037106252445e-06,5.500000000000001e-06,0.6717031598091125,0.000689692035648477,0.0006896920289182162,0.0006896920289182162,1.2596756278071553e-05,400,0.002143280979977665,0.002143280979977665,False,2,0.002143280979977665,True,,"{""Al"": {""potential"": 0.0273675853202101, ""rho"": 0.013685926679743103}, ""Fe"": {""potential"": 0.021788228180899163, ""rho"": 0.04005667401684655}}",validation_energy_mae_ev_per_atom_with_frozen_field_constraints,0.013685926679743103,0.0273675853202101,0.9999052433684321,0.9996283688757679,1.0008831059578622,0.04005667401684655,0.021788228180899163,0.999203784297211,0.9997835081033032,0.9938745742494409,0.0025805952709118682,0.0010537951268362853,0.007914081692928761,0.03840762690974358,True,0.0017059666890434618,0.00077424319422295,0.005147889853999543,0.01412188053291743,True,0,2,False,False,"{""Al_bias"": true, ""Al_mae"": true, ""Al_maximum"": true, ""Al_p95"": true, ""Al_slope"": true, ""Al_tail"": true, ""Fe_bias"": true, ""Fe_mae"": true, ""Fe_maximum"": true, ""Fe_p95"": true, ""Fe_slope"": true, ""competence_full_fields"": true, ""competence_full_potential_amplitude"": true, ""competence_full_potential_shape"": true, ""fields"": true, ""finite_validation"": true, ""hard_exposure"": true, ""objective_ramp_complete"": true, ""phase_constraints"": false}",378,,False,89836,False,rejected:phase_constraints,0,False
P_cohesive_refinement,7,432,66454,True,2.3180194846605367e-06,0.9989999889424013,False,electronic_online_encoder,153.0074618369108,89.09369410055452,54,0.8,False,18,0,540,True,full-pool-batch-curriculum-v31-r1-competence-gated,full_pool,1.0,13600,13600,0,8,True,ea7151f30c2f1915363096dc827b915ccc074c6b5104d78ff3a90dc81d95ed58,0.0016848850618728694,0.0016848850618728694,0.0016848850618728694,1.2597112108266282e-05,13632,0,0,False,128,True,0.0012050867080688477,128,True,0.0006335995276458561,3.029495834007449e-06,2.341243435103343e-06,3.777924554357096e-06,0.6074106097221375,0.0007164599968518814,0.0007164599904331226,0.0007164599904331226,1.2595322914421558e-05,400,0.0022087005437125056,0.0022087005437125056,False,1,0.0022087005437125056,True,,"{""Al"": {""potential"": 0.0273675853202101, ""rho"": 0.013685926679743103}, ""Fe"": {""potential"": 0.021788228180899163, ""rho"": 0.04005667401684655}}",validation_energy_mae_ev_per_atom_with_frozen_field_constraints,0.013685926679743103,0.0273675853202101,0.9999052433684321,0.9996283688757679,1.0008831059578622,0.04005667401684655,0.021788228180899163,0.999203784297211,0.9997835081033032,0.9938745742494409,0.0027647799450913235,0.0019333164872137774,0.00786643345261604,0.040605844855278864,True,0.0016526211423336882,0.000701171624488118,0.00507929383125418,0.012540843772957925,True,0,2,False,False,"{""Al_bias"": true, ""Al_mae"": true, ""Al_maximum"": true, ""Al_p95"": true, ""Al_slope"": true, ""Al_tail"": true, ""Fe_bias"": true, ""Fe_mae"": true, ""Fe_maximum"": true, ""Fe_p95"": true, ""Fe_slope"": true, ""competence_full_fields"": true, ""competence_full_potential_amplitude"": true, ""competence_full_potential_shape"": true, ""fields"": true, ""finite_validation"": true, ""hard_exposure"": true, ""objective_ramp_complete"": true, ""phase_constraints"": false}",432,,False,89890,False,rejected:phase_constraints,0,False
P_cohesive_refinement,8,486,66454,True,1.3425421036992098e-06,0.9989999971341602,False,electronic_online_encoder,152.0052421799628,89.68111760159385,54,0.9,False,18,0,540,True,full-pool-batch-curriculum-v31-r1-competence-gated,full_pool,1.0,13600,13600,0,9,True,ea7151f30c2f1915363096dc827b915ccc074c6b5104d78ff3a90dc81d95ed58,0.0016630254683146,0.0016630254683146,0.0016630254683146,1.2596248750138466e-05,13632,0,0,False,128,True,0.0017702234908938408,128,True,-0.00020663568284362555,1.7914308492337543e-06,1.355175212387394e-06,2.3180194846605367e-06,0.3811582326889038,0.0007155461184493106,0.0007155461120123618,0.0007155461120123618,1.2595091902767308e-05,400,0.00215544534349034,0.00215544534349034,False,1,0.00215544534349034,True,,"{""Al"": {""potential"": 0.0273675853202101, ""rho"": 0.013685926679743103}, ""Fe"": {""potential"": 0.021788228180899163, ""rho"": 0.04005667401684655}}",validation_energy_mae_ev_per_atom_with_frozen_field_constraints,0.013685926679743103,0.0273675853202101,0.9999052433684321,0.9996283688757679,1.0008831059578622,0.04005667401684655,0.021788228180899163,0.999203784297211,0.9997835081033032,0.9938745742494409,0.0025826057744486293,0.0014598665059670673,0.0076913903391378925,0.04182597240501681,True,0.001728284912532051,0.0009370151361950917,0.005493289887366658,0.012920811827405483,True,0,2,False,False,"{""Al_bias"": true, ""Al_mae"": true, ""Al_maximum"": true, ""Al_p95"": true, ""Al_slope"": true, ""Al_tail"": true, ""Fe_bias"": true, ""Fe_mae"": true, ""Fe_maximum"": true, ""Fe_p95"": true, ""Fe_slope"": true, ""competence_full_fields"": true, ""competence_full_potential_amplitude"": true, ""competence_full_potential_shape"": true, ""fields"": true, ""finite_validation"": true, ""hard_exposure"": true, ""objective_ramp_complete"": true, ""phase_constraints"": false}",486,,False,89944,False,rejected:phase_constraints,0,False
P_cohesive_refinement,9,540,66454,True,1.0000000000000002e-06,0.9989999999963446,False,electronic_online_encoder,152.94374054600485,89.13081340455088,54,1.0,False,18,0,540,True,full-pool-batch-curriculum-v31-r1-competence-gated,full_pool,1.0,13600,13600,0,10,True,ea7151f30c2f1915363096dc827b915ccc074c6b5104d78ff3a90dc81d95ed58,0.0016418177493194232,0.0016418177493194232,0.0016418177493194232,1.2594406293209658e-05,13632,0,0,False,128,True,-0.0018774289637804031,128,True,0.00014261016622185707,1.1179618994011532e-06,1.0001189906552016e-06,1.3425421036992098e-06,0.448598176240921,0.0006882912870628388,0.0006882912802257124,0.0006882912802257124,1.2594903637364041e-05,400,0.0020561096348665295,0.0020561096348665295,False,1,0.0020561096348665295,True,,"{""Al"": {""potential"": 0.0273675853202101, ""rho"": 0.013685926679743103}, ""Fe"": {""potential"": 0.021788228180899163, ""rho"": 0.04005667401684655}}",validation_energy_mae_ev_per_atom_with_frozen_field_constraints,0.013685926679743103,0.0273675853202101,0.9999052433684321,0.9996283688757679,1.0008831059578622,0.04005667401684655,0.021788228180899163,0.999203784297211,0.9997835081033032,0.9938745742494409,0.0025254081009467503,0.0013587804820869903,0.007370035856482466,0.04082754655005717,True,0.0015868111687863092,0.00039146874370665465,0.004945914684356395,0.012490434429190048,True,0,2,False,False,"{""Al_bias"": true, ""Al_mae"": true, ""Al_maximum"": true, ""Al_p95"": true, ""Al_slope"": true, ""Al_tail"": true, ""Fe_bias"": true, ""Fe_mae"": true, ""Fe_maximum"": true, ""Fe_p95"": true, ""Fe_slope"": true, ""competence_full_fields"": true, ""competence_full_potential_amplitude"": true, ""competence_full_potential_shape"": true, ""fields"": true, ""finite_validation"": true, ""hard_exposure"": true, ""objective_ramp_complete"": true, ""phase_constraints"": false}",540,,False,89998,False,rejected:phase_constraints,0,False
